Unity Editor version:    2021.3.16f1 (4016570cf34f)
Branch:                  2021.3/evg/staging/82bb020e-b03b1330/draft-0
Build type:              Release
Batch mode:              YES
macOS version:           Version 13.5 (Build 22G74)
Darwin version:          22.6.0
Architecture:            arm64
Running under Rosetta:   NO
Available memory:        16384 MB
Using pre-set license
Pro License: YES

COMMAND LINE ARGUMENTS:
/Applications/Unity/Hub/Editor/2021.3.16f1/Unity.app/Contents/MacOS/Unity
-adb2
-batchMode
-noUpm
-name
AssetImportWorker0
-projectPath
/Users/tyhagan/Documents/GitHub/ImageReplicatorGit/ImageReplicator
-logFile
Logs/AssetImportWorker0.log
-srvPort
56144
Successfully changed project path to: /Users/tyhagan/Documents/GitHub/ImageReplicatorGit/ImageReplicator
/Users/tyhagan/Documents/GitHub/ImageReplicatorGit/ImageReplicator
[UnityMemory] Configuration Parameters - Can be set up in boot.config
    "memorysetup-bucket-allocator-granularity=16"
    "memorysetup-bucket-allocator-bucket-count=8"
    "memorysetup-bucket-allocator-block-size=33554432"
    "memorysetup-bucket-allocator-block-count=8"
    "memorysetup-main-allocator-block-size=16777216"
    "memorysetup-thread-allocator-block-size=16777216"
    "memorysetup-gfx-main-allocator-block-size=16777216"
    "memorysetup-gfx-thread-allocator-block-size=16777216"
    "memorysetup-cache-allocator-block-size=4194304"
    "memorysetup-typetree-allocator-block-size=2097152"
    "memorysetup-profiler-bucket-allocator-granularity=16"
    "memorysetup-profiler-bucket-allocator-bucket-count=8"
    "memorysetup-profiler-bucket-allocator-block-size=33554432"
    "memorysetup-profiler-bucket-allocator-block-count=8"
    "memorysetup-profiler-allocator-block-size=16777216"
    "memorysetup-profiler-editor-allocator-block-size=1048576"
    "memorysetup-temp-allocator-size-main=16777216"
    "memorysetup-job-temp-allocator-block-size=2097152"
    "memorysetup-job-temp-allocator-block-size-background=1048576"
    "memorysetup-job-temp-allocator-reduction-small-platforms=262144"
    "memorysetup-temp-allocator-size-background-worker=32768"
    "memorysetup-temp-allocator-size-job-worker=262144"
    "memorysetup-temp-allocator-size-preload-manager=33554432"
    "memorysetup-temp-allocator-size-nav-mesh-worker=65536"
    "memorysetup-temp-allocator-size-audio-worker=65536"
    "memorysetup-temp-allocator-size-cloud-worker=32768"
    "memorysetup-temp-allocator-size-gi-baking-worker=262144"
    "memorysetup-temp-allocator-size-gfx=262144"
Player connection [8352637056] Host "[IP] 192.168.1.6 [Port] 0 [Flags] 2 [Guid] 2825933801 [EditorId] 2825933801 [Version] 1048832 [Id] OSXEditor(0,Tys-MacBook-Pro-2.local) [Debug] 1 [PackageName] OSXEditor [ProjectName] Editor" joined multi-casting on [225.0.0.222:54997]...

Player connection [8352637056] Host "[IP] 192.168.1.6 [Port] 0 [Flags] 2 [Guid] 2825933801 [EditorId] 2825933801 [Version] 1048832 [Id] OSXEditor(0,Tys-MacBook-Pro-2.local) [Debug] 1 [PackageName] OSXEditor [ProjectName] Editor" joined alternative multi-casting on [225.0.0.222:34997]...

Refreshing native plugins compatible for Editor in 89.02 ms, found 3 plugins.
Preloading 0 native plugins for Editor in 0.00 ms.
Initialize engine version: 2021.3.16f1 (4016570cf34f)
[Subsystems] Discovering subsystems at path /Applications/Unity/Hub/Editor/2021.3.16f1/Unity.app/Contents/Resources/UnitySubsystems
[Subsystems] Discovering subsystems at path /Users/tyhagan/Documents/GitHub/ImageReplicatorGit/ImageReplicator/Assets
GfxDevice: creating device client; threaded=0; jobified=0
 preferred device: Apple M1 Pro (high power)
Metal devices available: 1
0: Apple M1 Pro (high power)
Using device Apple M1 Pro (high power)
Initializing Metal device caps: Apple M1 Pro
Initialize mono
Mono path[0] = '/Applications/Unity/Hub/Editor/2021.3.16f1/Unity.app/Contents/Managed'
Mono path[1] = '/Applications/Unity/Hub/Editor/2021.3.16f1/Unity.app/Contents/MonoBleedingEdge/lib/mono/unityjit-macos'
Mono config path = '/Applications/Unity/Hub/Editor/2021.3.16f1/Unity.app/Contents/MonoBleedingEdge/etc'
Using monoOptions --debugger-agent=transport=dt_socket,embedding=1,server=y,suspend=n,address=127.0.0.1:56526
Begin MonoManager ReloadAssembly
Registering precompiled unity dll's ...
Register platform support module: /Applications/Unity/Hub/Editor/2021.3.16f1/Unity.app/Contents/PlaybackEngines/MacStandaloneSupport/UnityEditor.OSXStandalone.Extensions.dll
Registered in 0.000621 seconds.
Native extension for OSXStandalone target not found
Refreshing native plugins compatible for Editor in 92.59 ms, found 3 plugins.
Preloading 0 native plugins for Editor in 0.00 ms.
Mono: successfully reloaded assembly
- Completed reload, in  0.469 seconds
Domain Reload Profiling:
	ReloadAssembly (469ms)
		BeginReloadAssembly (31ms)
			ExecutionOrderSort (0ms)
			DisableScriptedObjects (0ms)
			BackupInstance (0ms)
			ReleaseScriptingObjects (0ms)
			CreateAndSetChildDomain (1ms)
		EndReloadAssembly (358ms)
			LoadAssemblies (30ms)
			RebuildTransferFunctionScriptingTraits (0ms)
			SetupTypeCache (81ms)
			ReleaseScriptCaches (0ms)
			RebuildScriptCaches (24ms)
			SetupLoadedEditorAssemblies (220ms)
				LogAssemblyErrors (0ms)
				InitializePlatformSupportModulesInManaged (4ms)
				SetLoadedEditorAssemblies (0ms)
				RefreshPlugins (93ms)
				BeforeProcessingInitializeOnLoad (1ms)
				ProcessInitializeOnLoadAttributes (92ms)
				ProcessInitializeOnLoadMethodAttributes (30ms)
				AfterProcessingInitializeOnLoad (0ms)
				EditorAssembliesLoaded (0ms)
			ExecutionOrderSort2 (0ms)
			AwakeInstancesAfterBackupRestoration (0ms)
Platform modules already initialized, skipping
Registering precompiled user dll's ...
Registered in 0.002648 seconds.
Begin MonoManager ReloadAssembly
Symbol file LoadedFromMemory doesn't match image /Users/tyhagan/Documents/GitHub/ImageReplicatorGit/ImageReplicator/Library/PackageCache/com.unity.visualscripting@1.7.8/Editor/VisualScripting.Core/Dependencies/YamlDotNet/Unity.VisualScripting.YamlDotNet.dll
Symbol file LoadedFromMemory doesn't match image /Users/tyhagan/Documents/GitHub/ImageReplicatorGit/ImageReplicator/Library/PackageCache/com.unity.visualscripting@1.7.8/Editor/VisualScripting.Core/Dependencies/DotNetZip/Unity.VisualScripting.IonicZip.dll
Native extension for OSXStandalone target not found
Refreshing native plugins compatible for Editor in 93.35 ms, found 3 plugins.
Preloading 0 native plugins for Editor in 0.00 ms.
Mono: successfully reloaded assembly
- Completed reload, in  0.845 seconds
Domain Reload Profiling:
	ReloadAssembly (846ms)
		BeginReloadAssembly (62ms)
			ExecutionOrderSort (0ms)
			DisableScriptedObjects (4ms)
			BackupInstance (0ms)
			ReleaseScriptingObjects (0ms)
			CreateAndSetChildDomain (18ms)
		EndReloadAssembly (698ms)
			LoadAssemblies (35ms)
			RebuildTransferFunctionScriptingTraits (0ms)
			SetupTypeCache (193ms)
			ReleaseScriptCaches (0ms)
			RebuildScriptCaches (44ms)
			SetupLoadedEditorAssemblies (382ms)
				LogAssemblyErrors (0ms)
				InitializePlatformSupportModulesInManaged (2ms)
				SetLoadedEditorAssemblies (0ms)
				RefreshPlugins (93ms)
				BeforeProcessingInitializeOnLoad (78ms)
				ProcessInitializeOnLoadAttributes (176ms)
				ProcessInitializeOnLoadMethodAttributes (31ms)
				AfterProcessingInitializeOnLoad (1ms)
				EditorAssembliesLoaded (0ms)
			ExecutionOrderSort2 (0ms)
			AwakeInstancesAfterBackupRestoration (3ms)
Platform modules already initialized, skipping
========================================================================
Worker process is ready to serve import requests
Launching external process: /Applications/Unity/Hub/Editor/2021.3.16f1/Unity.app/Contents/Tools/UnityShaderCompiler
Launched and connected shader compiler UnityShaderCompiler after 0.06 seconds
Refreshing native plugins compatible for Editor in 0.41 ms, found 3 plugins.
Preloading 0 native plugins for Editor in 0.00 ms.
Unloading 4048 Unused Serialized files (Serialized files now loaded: 0)
Unloading 38 unused Assets / (168.5 KB). Loaded Objects now: 4506.
Memory consumption went from 145.4 MB to 145.3 MB.
Total: 2.976583 ms (FindLiveObjects: 0.113125 ms CreateObjectMapping: 0.060792 ms MarkObjects: 2.734666 ms  DeleteObjects: 0.067334 ms)

AssetImportParameters requested are different than current active one (requested -> active):
  custom:video-decoder-ogg-theora: a1e56fd34408186e4bbccfd4996cb3dc -> 
  custom:container-muxer-webm: aa71ff27fc2769a1b78a27578f13a17b -> 
  custom:container-demuxer-webm: 4f35f7cbe854078d1ac9338744f61a02 -> 
  custom:video-encoder-webm-vp8: eb34c28f22e8b96e1ab97ce403110664 -> 
  custom:framework-osx-AVFoundation: e770b220cccbd017edd2c1fefb359320 -> 
  custom:audio-encoder-webm-vorbis: bf7c407c2cedff20999df2af8eb42d56 -> 
  custom:container-demuxer-ogg: 62fdf1f143b41e24485cea50d1cbac27 -> 
  custom:video-decoder-webm-vp8: 9c59270c3fd7afecdb556c50c9e8de78 -> 
  custom:audio-decoder-ogg-vorbis: bf7c407c2cedff20999df2af8eb42d56 -> 
========================================================================
Received Import Request.
  Time since last request: 45025.787341 seconds.
  path: Assets/Scripts/RepObjectPrefab.prefab
  artifactKey: Guid(d92a2212d450047f08dc24d7855ab191) Importer(815301076,1909f56bfc062723c751e8b465ee728b)
Start importing Assets/Scripts/RepObjectPrefab.prefab using Guid(d92a2212d450047f08dc24d7855ab191) Importer(815301076,1909f56bfc062723c751e8b465ee728b)  -> (artifact id: 'c8701d3ac4e008359b7ac46aad01a9b3') in 0.099276 seconds 
========================================================================
Received Import Request.
  Time since last request: 0.000059 seconds.
  path: Assets/Scripts/IMG_1071.jpeg
  artifactKey: Guid(e690066a376c04cb3a431f8925373f31) Importer(815301076,1909f56bfc062723c751e8b465ee728b)
Start importing Assets/Scripts/IMG_1071.jpeg using Guid(e690066a376c04cb3a431f8925373f31) Importer(815301076,1909f56bfc062723c751e8b465ee728b)  -> (artifact id: '4ffe94947d99dcd239af7cee662f532d') in 0.325202 seconds 
========================================================================
Received Import Request.
  Time since last request: 3.407142 seconds.
  path: Assets/Scripts/NewApproach
  artifactKey: Guid(9a8e5f1f63cfa44e9a039c8b0f8aa613) Importer(815301076,1909f56bfc062723c751e8b465ee728b)
Start importing Assets/Scripts/NewApproach using Guid(9a8e5f1f63cfa44e9a039c8b0f8aa613) Importer(815301076,1909f56bfc062723c751e8b465ee728b)  -> (artifact id: '4fbfd26b109c08599bfa0602c2be8dbe') in 0.001397 seconds 
========================================================================
Received Import Request.
  Time since last request: 0.043568 seconds.
  path: Assets/Scripts/NewApproach/CaptureTex.renderTexture
  artifactKey: Guid(ae385c306bcc244f5bf31446ef05b0c8) Importer(815301076,1909f56bfc062723c751e8b465ee728b)
Start importing Assets/Scripts/NewApproach/CaptureTex.renderTexture using Guid(ae385c306bcc244f5bf31446ef05b0c8) Importer(815301076,1909f56bfc062723c751e8b465ee728b)  -> (artifact id: '293ef4cca7218d930d6fd0d1dc61c575') in 0.031759 seconds 
========================================================================
Received Prepare
Registering precompiled user dll's ...
Registered in 0.002935 seconds.
Begin MonoManager ReloadAssembly
Thread 0x16eda7000 may have been prematurely finalized
Symbol file LoadedFromMemory doesn't match image /Users/tyhagan/Documents/GitHub/ImageReplicatorGit/ImageReplicator/Library/PackageCache/com.unity.visualscripting@1.7.8/Editor/VisualScripting.Core/Dependencies/YamlDotNet/Unity.VisualScripting.YamlDotNet.dll
Symbol file LoadedFromMemory doesn't match image /Users/tyhagan/Documents/GitHub/ImageReplicatorGit/ImageReplicator/Library/PackageCache/com.unity.visualscripting@1.7.8/Editor/VisualScripting.Core/Dependencies/DotNetZip/Unity.VisualScripting.IonicZip.dll
Native extension for OSXStandalone target not found
Refreshing native plugins compatible for Editor in 0.48 ms, found 3 plugins.
Preloading 0 native plugins for Editor in 0.00 ms.
Mono: successfully reloaded assembly
- Completed reload, in  0.708 seconds
Domain Reload Profiling:
	ReloadAssembly (708ms)
		BeginReloadAssembly (84ms)
			ExecutionOrderSort (0ms)
			DisableScriptedObjects (4ms)
			BackupInstance (0ms)
			ReleaseScriptingObjects (0ms)
			CreateAndSetChildDomain (35ms)
		EndReloadAssembly (552ms)
			LoadAssemblies (36ms)
			RebuildTransferFunctionScriptingTraits (0ms)
			SetupTypeCache (188ms)
			ReleaseScriptCaches (1ms)
			RebuildScriptCaches (38ms)
			SetupLoadedEditorAssemblies (244ms)
				LogAssemblyErrors (0ms)
				InitializePlatformSupportModulesInManaged (6ms)
				SetLoadedEditorAssemblies (0ms)
				RefreshPlugins (1ms)
				BeforeProcessingInitializeOnLoad (53ms)
				ProcessInitializeOnLoadAttributes (157ms)
				ProcessInitializeOnLoadMethodAttributes (27ms)
				AfterProcessingInitializeOnLoad (1ms)
				EditorAssembliesLoaded (0ms)
			ExecutionOrderSort2 (0ms)
			AwakeInstancesAfterBackupRestoration (5ms)
Platform modules already initialized, skipping
Refreshing native plugins compatible for Editor in 1.20 ms, found 3 plugins.
Preloading 0 native plugins for Editor in 0.00 ms.
Unloading 4037 Unused Serialized files (Serialized files now loaded: 0)
Unloading 25 unused Assets / (22.0 KB). Loaded Objects now: 4524.
Memory consumption went from 159.3 MB to 159.2 MB.
Total: 2.859083 ms (FindLiveObjects: 0.124083 ms CreateObjectMapping: 0.059541 ms MarkObjects: 2.655167 ms  DeleteObjects: 0.019458 ms)

AssetImportParameters requested are different than current active one (requested -> active):
  custom:video-decoder-ogg-theora: a1e56fd34408186e4bbccfd4996cb3dc -> 
  custom:container-muxer-webm: aa71ff27fc2769a1b78a27578f13a17b -> 
  custom:container-demuxer-webm: 4f35f7cbe854078d1ac9338744f61a02 -> 
  custom:video-encoder-webm-vp8: eb34c28f22e8b96e1ab97ce403110664 -> 
  custom:framework-osx-AVFoundation: e770b220cccbd017edd2c1fefb359320 -> 
  custom:audio-encoder-webm-vorbis: bf7c407c2cedff20999df2af8eb42d56 -> 
  custom:container-demuxer-ogg: 62fdf1f143b41e24485cea50d1cbac27 -> 
  custom:video-decoder-webm-vp8: 9c59270c3fd7afecdb556c50c9e8de78 -> 
  custom:audio-decoder-ogg-vorbis: bf7c407c2cedff20999df2af8eb42d56 -> 
========================================================================
Received Import Request.
  Time since last request: 114.768832 seconds.
  path: Packages/com.unity.2d.animation/Editor/Assets/SkinningModule/Icons/Light/Bone.png
  artifactKey: Guid(62ce01ddca719d34ea9648c586a7cc94) Importer(815301076,1909f56bfc062723c751e8b465ee728b)
Start importing Packages/com.unity.2d.animation/Editor/Assets/SkinningModule/Icons/Light/Bone.png using Guid(62ce01ddca719d34ea9648c586a7cc94) Importer(815301076,1909f56bfc062723c751e8b465ee728b)  -> (artifact id: 'e9cd925ac37bebc311f4188447cad966') in 0.089211 seconds 
========================================================================
Received Import Request.
  Time since last request: 0.000066 seconds.
  path: Packages/com.unity.2d.animation/Editor/Assets/SkinningModule/Icons/Dark/d_Generate_Geometry@4x.png
  artifactKey: Guid(db49e13fa9e16dc44b5ffb6bc43d4235) Importer(815301076,1909f56bfc062723c751e8b465ee728b)
Start importing Packages/com.unity.2d.animation/Editor/Assets/SkinningModule/Icons/Dark/d_Generate_Geometry@4x.png using Guid(db49e13fa9e16dc44b5ffb6bc43d4235) Importer(815301076,1909f56bfc062723c751e8b465ee728b)  -> (artifact id: '13d0dd8b323b31f9c7b748720d58a02b') in 0.006582 seconds 
========================================================================
Received Import Request.
  Time since last request: 0.000065 seconds.
  path: Packages/com.unity.collab-proxy/Editor/PlasticSCM/Assets/Images/d_stevejobsbuhoshechristmas.png
  artifactKey: Guid(f008857e434b98b4eaabda1fd6af3059) Importer(815301076,1909f56bfc062723c751e8b465ee728b)
Start importing Packages/com.unity.collab-proxy/Editor/PlasticSCM/Assets/Images/d_stevejobsbuhoshechristmas.png using Guid(f008857e434b98b4eaabda1fd6af3059) Importer(815301076,1909f56bfc062723c751e8b465ee728b)  -> (artifact id: '11188f6da61eb1b6690e9a928482afdd') in 0.011353 seconds 
========================================================================
Received Import Request.
  Time since last request: 0.000053 seconds.
  path: Packages/com.unity.collab-proxy/Editor/PlasticSCM/Assets/Images/d_stevejobsbuhochristmas.png
  artifactKey: Guid(08c91a7677e66844281a99aaf6ea36f1) Importer(815301076,1909f56bfc062723c751e8b465ee728b)
Start importing Packages/com.unity.collab-proxy/Editor/PlasticSCM/Assets/Images/d_stevejobsbuhochristmas.png using Guid(08c91a7677e66844281a99aaf6ea36f1) Importer(815301076,1909f56bfc062723c751e8b465ee728b)  -> (artifact id: 'd21b4f21823a3dcb97cf1d7ea6194c40') in 0.010136 seconds 
========================================================================
Received Import Request.
  Time since last request: 0.000053 seconds.
  path: Packages/com.unity.2d.animation/Editor/Assets/SkinningModule/Icons/Light/Edit_Geometry@2x.png
  artifactKey: Guid(4bcd27377338b8440bda5ecf26ea2fb5) Importer(815301076,1909f56bfc062723c751e8b465ee728b)
Start importing Packages/com.unity.2d.animation/Editor/Assets/SkinningModule/Icons/Light/Edit_Geometry@2x.png using Guid(4bcd27377338b8440bda5ecf26ea2fb5) Importer(815301076,1909f56bfc062723c751e8b465ee728b)  -> (artifact id: '2d70d0bbaf89f74f8a3432bad0fb12dd') in 0.005431 seconds 
========================================================================
Received Import Request.
  Time since last request: 0.000125 seconds.
  path: Packages/com.unity.collab-proxy/Editor/PlasticSCM/Assets/Images/d_ignoredoverlay.png
  artifactKey: Guid(0f5597de928ba6547895c4cdb9fa4185) Importer(815301076,1909f56bfc062723c751e8b465ee728b)
Start importing Packages/com.unity.collab-proxy/Editor/PlasticSCM/Assets/Images/d_ignoredoverlay.png using Guid(0f5597de928ba6547895c4cdb9fa4185) Importer(815301076,1909f56bfc062723c751e8b465ee728b)  -> (artifact id: 'b14749b2cb41d928ddd8e59e77eaaee6') in 0.004824 seconds 
========================================================================
Received Import Request.
  Time since last request: 0.000054 seconds.
  path: Packages/com.unity.2d.animation/Editor/Assets/SkinningModule/Icons/Dark/d_Mesh@2x.png
  artifactKey: Guid(fc8dcc4a15d828e4686470389805489c) Importer(815301076,1909f56bfc062723c751e8b465ee728b)
Start importing Packages/com.unity.2d.animation/Editor/Assets/SkinningModule/Icons/Dark/d_Mesh@2x.png using Guid(fc8dcc4a15d828e4686470389805489c) Importer(815301076,1909f56bfc062723c751e8b465ee728b)  -> (artifact id: '683655914f944f727c2ba36e2e7037fe') in 0.005421 seconds 
========================================================================
Received Import Request.
  Time since last request: 0.000051 seconds.
  path: Packages/com.unity.2d.animation/Editor/Assets/SkinningModule/Icons/Light/Create Bones@3x.png
  artifactKey: Guid(803b0b9bfc1fd824aae8423bfbab83b4) Importer(815301076,1909f56bfc062723c751e8b465ee728b)
Start importing Packages/com.unity.2d.animation/Editor/Assets/SkinningModule/Icons/Light/Create Bones@3x.png using Guid(803b0b9bfc1fd824aae8423bfbab83b4) Importer(815301076,1909f56bfc062723c751e8b465ee728b)  -> (artifact id: '400c287818875946334991cc3d993333') in 0.005463 seconds 
========================================================================
Received Import Request.
  Time since last request: 0.000044 seconds.
  path: Packages/com.unity.2d.animation/Editor/Assets/SkinningModule/Icons/Selected/d_Visibility_Tool@4x.png
  artifactKey: Guid(0167a2d235421ca4f8095daaa1defd4f) Importer(815301076,1909f56bfc062723c751e8b465ee728b)
Start importing Packages/com.unity.2d.animation/Editor/Assets/SkinningModule/Icons/Selected/d_Visibility_Tool@4x.png using Guid(0167a2d235421ca4f8095daaa1defd4f) Importer(815301076,1909f56bfc062723c751e8b465ee728b)  -> (artifact id: '0e82f09993d26ea0e58e6beded4a5186') in 0.006261 seconds 
========================================================================
Received Import Request.
  Time since last request: 0.000038 seconds.
  path: Packages/com.unity.2d.animation/Editor/Assets/SkinningModule/Icons/Dark/d_Copy@4x.png
  artifactKey: Guid(00b8ce4a201871b498992f536279acf7) Importer(815301076,1909f56bfc062723c751e8b465ee728b)
Start importing Packages/com.unity.2d.animation/Editor/Assets/SkinningModule/Icons/Dark/d_Copy@4x.png using Guid(00b8ce4a201871b498992f536279acf7) Importer(815301076,1909f56bfc062723c751e8b465ee728b)  -> (artifact id: '2eb241f895d601a3390b2952932c04dc') in 0.006041 seconds 
========================================================================
Received Import Request.
  Time since last request: 0.000047 seconds.
  path: Packages/com.unity.2d.animation/Editor/Assets/SkinningModule/Icons/Dark/d_Create_Edge@2x.png
  artifactKey: Guid(ebaf5b914f751a142b6851d985adf69d) Importer(815301076,1909f56bfc062723c751e8b465ee728b)
Start importing Packages/com.unity.2d.animation/Editor/Assets/SkinningModule/Icons/Dark/d_Create_Edge@2x.png using Guid(ebaf5b914f751a142b6851d985adf69d) Importer(815301076,1909f56bfc062723c751e8b465ee728b)  -> (artifact id: '7d6097996fad75dc0fffcde7c706fc11') in 0.004816 seconds 
========================================================================
Received Import Request.
  Time since last request: 0.000048 seconds.
  path: Packages/com.unity.2d.animation/Editor/Assets/SkinningModule/Icons/Light/Bone_Influence.png
  artifactKey: Guid(e92fc44f12c21dd44a49e390f39f7ffd) Importer(815301076,1909f56bfc062723c751e8b465ee728b)
Start importing Packages/com.unity.2d.animation/Editor/Assets/SkinningModule/Icons/Light/Bone_Influence.png using Guid(e92fc44f12c21dd44a49e390f39f7ffd) Importer(815301076,1909f56bfc062723c751e8b465ee728b)  -> (artifact id: '9744d4ba1b1dff67023e769982ba2e94') in 0.004836 seconds 
========================================================================
Received Import Request.
  Time since last request: 0.000056 seconds.
  path: Packages/com.unity.2d.animation/Editor/Assets/SkinningModule/Icons/Selected/Edit_Joints@3x.png
  artifactKey: Guid(0b0f60aa75b9d024480f9aaad450723b) Importer(815301076,1909f56bfc062723c751e8b465ee728b)
Start importing Packages/com.unity.2d.animation/Editor/Assets/SkinningModule/Icons/Selected/Edit_Joints@3x.png using Guid(0b0f60aa75b9d024480f9aaad450723b) Importer(815301076,1909f56bfc062723c751e8b465ee728b)  -> (artifact id: '7cd279c5cadbba31194eaf005f76f98e') in 0.005998 seconds 
========================================================================
Received Import Request.
  Time since last request: 0.000056 seconds.
  path: Packages/com.unity.collab-proxy/Editor/PlasticSCM/Assets/Images/d_cloudbuhochristmas.png
  artifactKey: Guid(70632ddfe8e71b04b8f90ef7e29a9e98) Importer(815301076,1909f56bfc062723c751e8b465ee728b)
Start importing Packages/com.unity.collab-proxy/Editor/PlasticSCM/Assets/Images/d_cloudbuhochristmas.png using Guid(70632ddfe8e71b04b8f90ef7e29a9e98) Importer(815301076,1909f56bfc062723c751e8b465ee728b)  -> (artifact id: '53bd954cabd3dbfe17d9d614211d0fc4') in 0.009858 seconds 
========================================================================
Received Import Request.
  Time since last request: 0.000067 seconds.
  path: Packages/com.unity.2d.animation/Editor/Assets/SkinningModule/Icons/Dark/d_Weight_Slider@3x.png
  artifactKey: Guid(3120ec2beffde56499fe86f755fc25b9) Importer(815301076,1909f56bfc062723c751e8b465ee728b)
Start importing Packages/com.unity.2d.animation/Editor/Assets/SkinningModule/Icons/Dark/d_Weight_Slider@3x.png using Guid(3120ec2beffde56499fe86f755fc25b9) Importer(815301076,1909f56bfc062723c751e8b465ee728b)  -> (artifact id: '6022a5b0f98541a5b13a63860eb9ff77') in 0.005348 seconds 
========================================================================
Received Import Request.
  Time since last request: 0.000050 seconds.
  path: Packages/com.unity.2d.animation/Editor/Assets/SkinningModule/Icons/Dark/d_character_Mode@3x.png
  artifactKey: Guid(c22340e383b54c44196cb7765328e79d) Importer(815301076,1909f56bfc062723c751e8b465ee728b)
Start importing Packages/com.unity.2d.animation/Editor/Assets/SkinningModule/Icons/Dark/d_character_Mode@3x.png using Guid(c22340e383b54c44196cb7765328e79d) Importer(815301076,1909f56bfc062723c751e8b465ee728b)  -> (artifact id: 'b635792ce7c162cce28f777304a4e4d9') in 0.005705 seconds 
========================================================================
Received Import Request.
  Time since last request: 0.000058 seconds.
  path: Packages/com.unity.collab-proxy/Editor/PlasticSCM/Assets/Images/d_genericbuhoshechristmas3.png
  artifactKey: Guid(f8c9467a892580344bb697526dac0d13) Importer(815301076,1909f56bfc062723c751e8b465ee728b)
Start importing Packages/com.unity.collab-proxy/Editor/PlasticSCM/Assets/Images/d_genericbuhoshechristmas3.png using Guid(f8c9467a892580344bb697526dac0d13) Importer(815301076,1909f56bfc062723c751e8b465ee728b)  -> (artifact id: 'cde12c9bec7ef0528234c9e7e6ac2903') in 0.009716 seconds 
========================================================================
Received Import Request.
  Time since last request: 0.000049 seconds.
  path: Packages/com.unity.2d.animation/Editor/Assets/SkinningModule/Icons/Dark/d_Visibility_Hidded@4x.png
  artifactKey: Guid(36502ae6ddbac9e4dbf8fcd5889d661d) Importer(815301076,1909f56bfc062723c751e8b465ee728b)
Start importing Packages/com.unity.2d.animation/Editor/Assets/SkinningModule/Icons/Dark/d_Visibility_Hidded@4x.png using Guid(36502ae6ddbac9e4dbf8fcd5889d661d) Importer(815301076,1909f56bfc062723c751e8b465ee728b)  -> (artifact id: 'c0c0199b720e7d9f8b89a7a872bf145b') in 0.005417 seconds 
========================================================================
Received Import Request.
  Time since last request: 0.000045 seconds.
  path: Packages/com.unity.collab-proxy/Editor/PlasticSCM/Assets/Images/d_iconclosebutton.png
  artifactKey: Guid(9cadde7a0d5f9024ab3f2cd5f6a740d6) Importer(815301076,1909f56bfc062723c751e8b465ee728b)
Start importing Packages/com.unity.collab-proxy/Editor/PlasticSCM/Assets/Images/d_iconclosebutton.png using Guid(9cadde7a0d5f9024ab3f2cd5f6a740d6) Importer(815301076,1909f56bfc062723c751e8b465ee728b)  -> (artifact id: '8bf42868f9e65fb06571cf65be001d83') in 0.004590 seconds 
========================================================================
Received Import Request.
  Time since last request: 0.000072 seconds.
  path: Packages/com.unity.2d.animation/Editor/Assets/SkinningModule/Icons/Selected/d_Mesh@3x.png
  artifactKey: Guid(e79a9e9d6396eba438900afb0357e808) Importer(815301076,1909f56bfc062723c751e8b465ee728b)
Start importing Packages/com.unity.2d.animation/Editor/Assets/SkinningModule/Icons/Selected/d_Mesh@3x.png using Guid(e79a9e9d6396eba438900afb0357e808) Importer(815301076,1909f56bfc062723c751e8b465ee728b)  -> (artifact id: '50281d927653d3c779cfdb8a64dcc65c') in 0.004721 seconds 
========================================================================
Received Import Request.
  Time since last request: 0.000040 seconds.
  path: Packages/com.unity.2d.animation/Editor/Assets/SkinningModule/Icons/Dark/d_character_Mode.png
  artifactKey: Guid(a33833072bf90f34c856623b67d0e897) Importer(815301076,1909f56bfc062723c751e8b465ee728b)
Start importing Packages/com.unity.2d.animation/Editor/Assets/SkinningModule/Icons/Dark/d_character_Mode.png using Guid(a33833072bf90f34c856623b67d0e897) Importer(815301076,1909f56bfc062723c751e8b465ee728b)  -> (artifact id: '669aad8810a331be98d187d6dc354c91') in 0.005049 seconds 
========================================================================
Received Import Request.
  Time since last request: 0.000051 seconds.
  path: Packages/com.unity.2d.animation/Editor/Assets/SkinningModule/Icons/Dark/d_Weight_Slider@2x.png
  artifactKey: Guid(b2aca1e4f59dad54785b6ffded66224a) Importer(815301076,1909f56bfc062723c751e8b465ee728b)
Start importing Packages/com.unity.2d.animation/Editor/Assets/SkinningModule/Icons/Dark/d_Weight_Slider@2x.png using Guid(b2aca1e4f59dad54785b6ffded66224a) Importer(815301076,1909f56bfc062723c751e8b465ee728b)  -> (artifact id: '832b5b0157f9b652ad68b21252a6f262') in 0.005070 seconds 
========================================================================
Received Import Request.
  Time since last request: 0.000044 seconds.
  path: Packages/com.unity.2d.animation/Editor/Assets/SkinningModule/Icons/Dark/d_Visibility_Tool@4x.png
  artifactKey: Guid(575e67e67fc4b3349bef2112e32f0be3) Importer(815301076,1909f56bfc062723c751e8b465ee728b)
Start importing Packages/com.unity.2d.animation/Editor/Assets/SkinningModule/Icons/Dark/d_Visibility_Tool@4x.png using Guid(575e67e67fc4b3349bef2112e32f0be3) Importer(815301076,1909f56bfc062723c751e8b465ee728b)  -> (artifact id: '76eff7f1499ea4837b3467e243a40c45') in 0.005024 seconds 
========================================================================
Received Import Request.
  Time since last request: 0.000051 seconds.
  path: Packages/com.unity.collab-proxy/Editor/PlasticSCM/Assets/Images/d_expertbuhoshechristmas.png
  artifactKey: Guid(372e7b39fc8f34549ac25d8757965a2c) Importer(815301076,1909f56bfc062723c751e8b465ee728b)
Start importing Packages/com.unity.collab-proxy/Editor/PlasticSCM/Assets/Images/d_expertbuhoshechristmas.png using Guid(372e7b39fc8f34549ac25d8757965a2c) Importer(815301076,1909f56bfc062723c751e8b465ee728b)  -> (artifact id: 'e09393758908bb6167220ba52db5cd0c') in 0.010107 seconds 
========================================================================
Received Import Request.
  Time since last request: 0.000054 seconds.
  path: Packages/com.unity.2d.animation/Editor/Assets/SkinningModule/Icons/Selected/Create_Edge@3x.png
  artifactKey: Guid(374643871a39dd44880f1c0eff14f46c) Importer(815301076,1909f56bfc062723c751e8b465ee728b)
Start importing Packages/com.unity.2d.animation/Editor/Assets/SkinningModule/Icons/Selected/Create_Edge@3x.png using Guid(374643871a39dd44880f1c0eff14f46c) Importer(815301076,1909f56bfc062723c751e8b465ee728b)  -> (artifact id: 'e579e33f1f65041ec2e24601d8ca976e') in 0.005556 seconds 
========================================================================
Received Import Request.
  Time since last request: 0.000047 seconds.
  path: Packages/com.unity.2d.animation/Editor/Assets/SkinningModule/Icons/Selected/Edit_Geometry.png
  artifactKey: Guid(b668cd73b0ac4ba4db9f21a167c80e6b) Importer(815301076,1909f56bfc062723c751e8b465ee728b)
Start importing Packages/com.unity.2d.animation/Editor/Assets/SkinningModule/Icons/Selected/Edit_Geometry.png using Guid(b668cd73b0ac4ba4db9f21a167c80e6b) Importer(815301076,1909f56bfc062723c751e8b465ee728b)  -> (artifact id: '3621448fe3bc8ac14db52f9162b071a0') in 0.004797 seconds 
========================================================================
Received Import Request.
  Time since last request: 0.000046 seconds.
  path: Packages/com.unity.2d.animation/Editor/Assets/SkinningModule/Icons/Selected/Edit_Geometry@3x.png
  artifactKey: Guid(dd736f22fa93fe9468b8b8b405413957) Importer(815301076,1909f56bfc062723c751e8b465ee728b)
Start importing Packages/com.unity.2d.animation/Editor/Assets/SkinningModule/Icons/Selected/Edit_Geometry@3x.png using Guid(dd736f22fa93fe9468b8b8b405413957) Importer(815301076,1909f56bfc062723c751e8b465ee728b)  -> (artifact id: '03317cfbc8b4a514c24b98561c5e1c53') in 0.005431 seconds 
========================================================================
Received Import Request.
  Time since last request: 0.000055 seconds.
  path: Packages/com.unity.2d.animation/Editor/Assets/SkinningModule/Icons/Dark/d_Visibility_Tool@2x 1.png
  artifactKey: Guid(1c5db39ecfdc3764c9b3874920a80999) Importer(815301076,1909f56bfc062723c751e8b465ee728b)
Start importing Packages/com.unity.2d.animation/Editor/Assets/SkinningModule/Icons/Dark/d_Visibility_Tool@2x 1.png using Guid(1c5db39ecfdc3764c9b3874920a80999) Importer(815301076,1909f56bfc062723c751e8b465ee728b)  -> (artifact id: '138defc83c5b3180acd0c1949fcd6f7c') in 0.004990 seconds 
========================================================================
Received Import Request.
  Time since last request: 0.000048 seconds.
  path: Packages/com.unity.collab-proxy/Editor/PlasticSCM/Assets/Images/d_iconconflictresolvedoverlay.png
  artifactKey: Guid(056ee72c467a4e24d87541d42839ca72) Importer(815301076,1909f56bfc062723c751e8b465ee728b)
Start importing Packages/com.unity.collab-proxy/Editor/PlasticSCM/Assets/Images/d_iconconflictresolvedoverlay.png using Guid(056ee72c467a4e24d87541d42839ca72) Importer(815301076,1909f56bfc062723c751e8b465ee728b)  -> (artifact id: '603d0d7ebe9ed11bf51674a5de1d2654') in 0.004699 seconds 
========================================================================
Received Import Request.
  Time since last request: 0.000051 seconds.
  path: Packages/com.unity.collab-proxy/Editor/PlasticSCM/Assets/Images/d_step3@2x.png
  artifactKey: Guid(c9ed6d6ea2f9657409bfa068d4846139) Importer(815301076,1909f56bfc062723c751e8b465ee728b)
Start importing Packages/com.unity.collab-proxy/Editor/PlasticSCM/Assets/Images/d_step3@2x.png using Guid(c9ed6d6ea2f9657409bfa068d4846139) Importer(815301076,1909f56bfc062723c751e8b465ee728b)  -> (artifact id: 'a9e9220dde5e9075c1ad9036b0dde275') in 0.005378 seconds 
========================================================================
Received Import Request.
  Time since last request: 0.000061 seconds.
  path: Packages/com.unity.collab-proxy/Editor/PlasticSCM/Assets/Images/d_iconbranch.png
  artifactKey: Guid(612c5e166a121e3449dad067fbdc37a4) Importer(815301076,1909f56bfc062723c751e8b465ee728b)
Start importing Packages/com.unity.collab-proxy/Editor/PlasticSCM/Assets/Images/d_iconbranch.png using Guid(612c5e166a121e3449dad067fbdc37a4) Importer(815301076,1909f56bfc062723c751e8b465ee728b)  -> (artifact id: 'f680d93bb548a62d094b73cc57785579') in 0.004854 seconds 
========================================================================
Received Import Request.
  Time since last request: 0.000037 seconds.
  path: Packages/com.unity.2d.animation/Editor/Assets/SkinningModule/Icons/Selected/character_Mode.png
  artifactKey: Guid(e60718119cec31e4190849292fcde068) Importer(815301076,1909f56bfc062723c751e8b465ee728b)
Start importing Packages/com.unity.2d.animation/Editor/Assets/SkinningModule/Icons/Selected/character_Mode.png using Guid(e60718119cec31e4190849292fcde068) Importer(815301076,1909f56bfc062723c751e8b465ee728b)  -> (artifact id: 'b16b965e1aa91f160b9138aee4ee3db6') in 0.004366 seconds 
========================================================================
Received Import Request.
  Time since last request: 0.000064 seconds.
  path: Packages/com.unity.2d.animation/Editor/Assets/SkinningModule/Icons/Light/Create_Vertex@3x.png
  artifactKey: Guid(66fa19194577350438c952106f661c2f) Importer(815301076,1909f56bfc062723c751e8b465ee728b)
Start importing Packages/com.unity.2d.animation/Editor/Assets/SkinningModule/Icons/Light/Create_Vertex@3x.png using Guid(66fa19194577350438c952106f661c2f) Importer(815301076,1909f56bfc062723c751e8b465ee728b)  -> (artifact id: 'b0d96f695dfb549b4ffa1796161dcb89') in 0.004841 seconds 
========================================================================
Received Import Request.
  Time since last request: 0.000052 seconds.
  path: Packages/com.unity.collab-proxy/Editor/PlasticSCM/Assets/Images/d_secondarytabclose.png
  artifactKey: Guid(6975ee4c1f40caf4da8dd733ee2cfeaf) Importer(815301076,1909f56bfc062723c751e8b465ee728b)
Start importing Packages/com.unity.collab-proxy/Editor/PlasticSCM/Assets/Images/d_secondarytabclose.png using Guid(6975ee4c1f40caf4da8dd733ee2cfeaf) Importer(815301076,1909f56bfc062723c751e8b465ee728b)  -> (artifact id: 'b46965c386bc8efd77eb3639cbb234d3') in 0.004249 seconds 
========================================================================
Received Import Request.
  Time since last request: 0.000046 seconds.
  path: Packages/com.unity.2d.animation/Editor/Assets/SkinningModule/Icons/Dark/d_Sprite_Mode@3x.png
  artifactKey: Guid(6027031a7453da24f95d0af9a2308c52) Importer(815301076,1909f56bfc062723c751e8b465ee728b)
Start importing Packages/com.unity.2d.animation/Editor/Assets/SkinningModule/Icons/Dark/d_Sprite_Mode@3x.png using Guid(6027031a7453da24f95d0af9a2308c52) Importer(815301076,1909f56bfc062723c751e8b465ee728b)  -> (artifact id: '919a1631160abb866b5a8dd4aad3f105') in 0.006042 seconds 
========================================================================
Received Import Request.
  Time since last request: 0.000075 seconds.
  path: Packages/com.unity.2d.animation/Editor/Assets/SkinningModule/Icons/Dark/d_Edit_Joints@2x.png
  artifactKey: Guid(eecbc6949fc2aac40bfe64caade7a594) Importer(815301076,1909f56bfc062723c751e8b465ee728b)
Start importing Packages/com.unity.2d.animation/Editor/Assets/SkinningModule/Icons/Dark/d_Edit_Joints@2x.png using Guid(eecbc6949fc2aac40bfe64caade7a594) Importer(815301076,1909f56bfc062723c751e8b465ee728b)  -> (artifact id: 'fc788e95ca6ef689a583bdb4a6cc478d') in 0.004974 seconds 
========================================================================
Received Import Request.
  Time since last request: 0.000060 seconds.
  path: Packages/com.unity.2d.animation/Editor/Assets/SkinningModule/Icons/Selected/Copy@2x.png
  artifactKey: Guid(6cc5103edc9f0dd4f80e8274c73dfeac) Importer(815301076,1909f56bfc062723c751e8b465ee728b)
Start importing Packages/com.unity.2d.animation/Editor/Assets/SkinningModule/Icons/Selected/Copy@2x.png using Guid(6cc5103edc9f0dd4f80e8274c73dfeac) Importer(815301076,1909f56bfc062723c751e8b465ee728b)  -> (artifact id: '8a835433fff015d8fbd21ebffabecea2') in 0.004970 seconds 
========================================================================
Received Import Request.
  Time since last request: 0.000045 seconds.
  path: Packages/com.unity.collab-proxy/Editor/PlasticSCM/Assets/Images/d_icondeletedremote.png
  artifactKey: Guid(23e66f7264c74424889342127f229577) Importer(815301076,1909f56bfc062723c751e8b465ee728b)
Start importing Packages/com.unity.collab-proxy/Editor/PlasticSCM/Assets/Images/d_icondeletedremote.png using Guid(23e66f7264c74424889342127f229577) Importer(815301076,1909f56bfc062723c751e8b465ee728b)  -> (artifact id: '687a7457b9c444156c73ad54fec48c4a') in 0.005572 seconds 
========================================================================
Received Import Request.
  Time since last request: 0.000041 seconds.
  path: Packages/com.unity.2d.animation/Editor/Assets/SkinningModule/Icons/Dark/d_Paste@3x.png
  artifactKey: Guid(a130d12452aa0484da530281c362fc8b) Importer(815301076,1909f56bfc062723c751e8b465ee728b)
Start importing Packages/com.unity.2d.animation/Editor/Assets/SkinningModule/Icons/Dark/d_Paste@3x.png using Guid(a130d12452aa0484da530281c362fc8b) Importer(815301076,1909f56bfc062723c751e8b465ee728b)  -> (artifact id: '68f5556ae57664468c9facc206f5730d') in 0.005133 seconds 
========================================================================
Received Import Request.
  Time since last request: 0.000057 seconds.
  path: Packages/com.unity.2d.animation/Editor/Assets/SkinningModule/Icons/Dark/d_Split_Edge@2x.png
  artifactKey: Guid(22fade1e2426f684a9c315c974f50d18) Importer(815301076,1909f56bfc062723c751e8b465ee728b)
Start importing Packages/com.unity.2d.animation/Editor/Assets/SkinningModule/Icons/Dark/d_Split_Edge@2x.png using Guid(22fade1e2426f684a9c315c974f50d18) Importer(815301076,1909f56bfc062723c751e8b465ee728b)  -> (artifact id: '18e1838e145a35fd9cb436ae4802abd8') in 0.005074 seconds 
========================================================================
Received Import Request.
  Time since last request: 0.000051 seconds.
  path: Packages/com.unity.2d.animation/Editor/Assets/SkinningModule/Icons/Dark/d_Edit_Pose@2x.png
  artifactKey: Guid(5df5eccb22181f040836da1ea19743e8) Importer(815301076,1909f56bfc062723c751e8b465ee728b)
Start importing Packages/com.unity.2d.animation/Editor/Assets/SkinningModule/Icons/Dark/d_Edit_Pose@2x.png using Guid(5df5eccb22181f040836da1ea19743e8) Importer(815301076,1909f56bfc062723c751e8b465ee728b)  -> (artifact id: '895b49c4b22c191efe811ee1dab97997') in 0.005932 seconds 
========================================================================
Received Import Request.
  Time since last request: 0.000048 seconds.
  path: Packages/com.unity.2d.animation/Editor/Assets/SkinningModule/Icons/Dark/d_Bone_Influence@3x.png
  artifactKey: Guid(56431fa7b1b21794baaf8d8e47c78bdb) Importer(815301076,1909f56bfc062723c751e8b465ee728b)
Start importing Packages/com.unity.2d.animation/Editor/Assets/SkinningModule/Icons/Dark/d_Bone_Influence@3x.png using Guid(56431fa7b1b21794baaf8d8e47c78bdb) Importer(815301076,1909f56bfc062723c751e8b465ee728b)  -> (artifact id: '18e3bc1faa7d9750bba70365bc0cf355') in 0.005209 seconds 
========================================================================
Received Import Request.
  Time since last request: 0.000051 seconds.
  path: Packages/com.unity.2d.animation/Editor/Assets/SkinningModule/Icons/Dark/d_Sprite_Mode@2x.png
  artifactKey: Guid(269eee5bd0392044cb38fd13171b84f6) Importer(815301076,1909f56bfc062723c751e8b465ee728b)
Start importing Packages/com.unity.2d.animation/Editor/Assets/SkinningModule/Icons/Dark/d_Sprite_Mode@2x.png using Guid(269eee5bd0392044cb38fd13171b84f6) Importer(815301076,1909f56bfc062723c751e8b465ee728b)  -> (artifact id: 'e1d294ba8b16e6c121dd12e9a5dfdf2f') in 0.004748 seconds 
========================================================================
Received Import Request.
  Time since last request: 0.000040 seconds.
  path: Packages/com.unity.2d.animation/Editor/Assets/SkinningModule/Icons/Selected/Create Bones@4x.png
  artifactKey: Guid(61ac40b257b3a994f841856ad38b2b6b) Importer(815301076,1909f56bfc062723c751e8b465ee728b)
Start importing Packages/com.unity.2d.animation/Editor/Assets/SkinningModule/Icons/Selected/Create Bones@4x.png using Guid(61ac40b257b3a994f841856ad38b2b6b) Importer(815301076,1909f56bfc062723c751e8b465ee728b)  -> (artifact id: '8661dc96e7d243959efb8fdfbc4fe4df') in 0.005773 seconds 
========================================================================
Received Import Request.
  Time since last request: 0.000034 seconds.
  path: Packages/com.unity.2d.animation/Editor/Assets/SkinningModule/Icons/Dark/d_Copy@2x.png
  artifactKey: Guid(312df9440efd5df4ea8f6c98591d6b96) Importer(815301076,1909f56bfc062723c751e8b465ee728b)
Start importing Packages/com.unity.2d.animation/Editor/Assets/SkinningModule/Icons/Dark/d_Copy@2x.png using Guid(312df9440efd5df4ea8f6c98591d6b96) Importer(815301076,1909f56bfc062723c751e8b465ee728b)  -> (artifact id: '90cbe1182290250f11480659e3ad4ead') in 0.004773 seconds 
========================================================================
Received Import Request.
  Time since last request: 0.000041 seconds.
  path: Packages/com.unity.collab-proxy/Editor/PlasticSCM/Assets/Images/d_colorbuhoshechristmas.png
  artifactKey: Guid(ec03f79379868c642b48ae5ddc821b6d) Importer(815301076,1909f56bfc062723c751e8b465ee728b)
Start importing Packages/com.unity.collab-proxy/Editor/PlasticSCM/Assets/Images/d_colorbuhoshechristmas.png using Guid(ec03f79379868c642b48ae5ddc821b6d) Importer(815301076,1909f56bfc062723c751e8b465ee728b)  -> (artifact id: 'ca329e123d49b77142934b1660e85026') in 0.009606 seconds 
========================================================================
Received Import Request.
  Time since last request: 0.000048 seconds.
  path: Packages/com.unity.collab-proxy/Editor/PlasticSCM/Assets/Images/d_refresh@2x.png
  artifactKey: Guid(602b72d4617c3694aa94419fc1b68e04) Importer(815301076,1909f56bfc062723c751e8b465ee728b)
Start importing Packages/com.unity.collab-proxy/Editor/PlasticSCM/Assets/Images/d_refresh@2x.png using Guid(602b72d4617c3694aa94419fc1b68e04) Importer(815301076,1909f56bfc062723c751e8b465ee728b)  -> (artifact id: '3431ab852e07c0ae00ff77c6a2d03b49') in 0.005816 seconds 
========================================================================
Received Import Request.
  Time since last request: 0.000042 seconds.
  path: Packages/com.unity.2d.animation/Editor/Assets/SkinningModule/Icons/Dark/d_Generate_Geometry@2x.png
  artifactKey: Guid(80cc8d218dc9bee4091ecde845959866) Importer(815301076,1909f56bfc062723c751e8b465ee728b)
Start importing Packages/com.unity.2d.animation/Editor/Assets/SkinningModule/Icons/Dark/d_Generate_Geometry@2x.png using Guid(80cc8d218dc9bee4091ecde845959866) Importer(815301076,1909f56bfc062723c751e8b465ee728b)  -> (artifact id: 'a001328a10189e9975e6b3008630490f') in 0.005472 seconds 
========================================================================
Received Import Request.
  Time since last request: 0.000048 seconds.
  path: Packages/com.unity.2d.animation/Editor/Assets/SkinningModule/Icons/Dark/d_Weight_Brush.png
  artifactKey: Guid(e41886f7c5271c74f9adbf719cbd3e67) Importer(815301076,1909f56bfc062723c751e8b465ee728b)
Start importing Packages/com.unity.2d.animation/Editor/Assets/SkinningModule/Icons/Dark/d_Weight_Brush.png using Guid(e41886f7c5271c74f9adbf719cbd3e67) Importer(815301076,1909f56bfc062723c751e8b465ee728b)  -> (artifact id: '0eaeef806a3b3f538977cc2812a280a9') in 0.004649 seconds 
========================================================================
Received Import Request.
  Time since last request: 0.000067 seconds.
  path: Packages/com.unity.2d.animation/Editor/Assets/SkinningModule/Icons/Dark/d_Weight_Slider@4x.png
  artifactKey: Guid(6816bbef55b2e9847b5e4f06c5475d8b) Importer(815301076,1909f56bfc062723c751e8b465ee728b)
Start importing Packages/com.unity.2d.animation/Editor/Assets/SkinningModule/Icons/Dark/d_Weight_Slider@4x.png using Guid(6816bbef55b2e9847b5e4f06c5475d8b) Importer(815301076,1909f56bfc062723c751e8b465ee728b)  -> (artifact id: '07a6f62e433d371334de6759f6fe2690') in 0.005616 seconds 
========================================================================
Received Import Request.
  Time since last request: 0.000059 seconds.
  path: Packages/com.unity.collab-proxy/Editor/PlasticSCM/Assets/Images/d_iconcheckedoutlocaloverlay.png
  artifactKey: Guid(bb1928aff4fd4cf44af1f629dc14ef9b) Importer(815301076,1909f56bfc062723c751e8b465ee728b)
Start importing Packages/com.unity.collab-proxy/Editor/PlasticSCM/Assets/Images/d_iconcheckedoutlocaloverlay.png using Guid(bb1928aff4fd4cf44af1f629dc14ef9b) Importer(815301076,1909f56bfc062723c751e8b465ee728b)  -> (artifact id: 'b141fe368e78c3dedf9110afa1704f99') in 0.004663 seconds 
========================================================================
Received Import Request.
  Time since last request: 0.000049 seconds.
  path: Packages/com.unity.2d.animation/Editor/Assets/SkinningModule/Icons/Light/Bone_Influence@4x.png
  artifactKey: Guid(c7aa62ae78ffca0498c89e5f45f94c0e) Importer(815301076,1909f56bfc062723c751e8b465ee728b)
Start importing Packages/com.unity.2d.animation/Editor/Assets/SkinningModule/Icons/Light/Bone_Influence@4x.png using Guid(c7aa62ae78ffca0498c89e5f45f94c0e) Importer(815301076,1909f56bfc062723c751e8b465ee728b)  -> (artifact id: 'a1a87e90e966a4048280197d1a1ce512') in 0.005275 seconds 
========================================================================
Received Import Request.
  Time since last request: 0.000059 seconds.
  path: Packages/com.unity.collab-proxy/Editor/PlasticSCM/Assets/Images/d_genericbuhoshechristmas1.png
  artifactKey: Guid(d98fbe17966d8ef449b25b99024bf36f) Importer(815301076,1909f56bfc062723c751e8b465ee728b)
Start importing Packages/com.unity.collab-proxy/Editor/PlasticSCM/Assets/Images/d_genericbuhoshechristmas1.png using Guid(d98fbe17966d8ef449b25b99024bf36f) Importer(815301076,1909f56bfc062723c751e8b465ee728b)  -> (artifact id: '08d3efc3d2472a897b39372dca93bbf0') in 0.009588 seconds 
========================================================================
Received Import Request.
  Time since last request: 0.000036 seconds.
  path: Packages/com.unity.collab-proxy/Editor/PlasticSCM/Assets/Images/d_iconbranch@2x.png
  artifactKey: Guid(874d8401331ede14087e8d8d486ddda6) Importer(815301076,1909f56bfc062723c751e8b465ee728b)
Start importing Packages/com.unity.collab-proxy/Editor/PlasticSCM/Assets/Images/d_iconbranch@2x.png using Guid(874d8401331ede14087e8d8d486ddda6) Importer(815301076,1909f56bfc062723c751e8b465ee728b)  -> (artifact id: 'd373336bdc887559e5431b33203d8396') in 0.005414 seconds 
========================================================================
Received Import Request.
  Time since last request: 0.000067 seconds.
  path: Packages/com.unity.2d.animation/Editor/Assets/SkinningModule/Icons/Dark/d_Bone@3x.png
  artifactKey: Guid(fe145a004cb46de488885e70d26cade0) Importer(815301076,1909f56bfc062723c751e8b465ee728b)
Start importing Packages/com.unity.2d.animation/Editor/Assets/SkinningModule/Icons/Dark/d_Bone@3x.png using Guid(fe145a004cb46de488885e70d26cade0) Importer(815301076,1909f56bfc062723c751e8b465ee728b)  -> (artifact id: 'cc19029834c043e31f82408896ac39b5') in 0.005139 seconds 
========================================================================
Received Import Request.
  Time since last request: 0.000054 seconds.
  path: Packages/com.unity.2d.animation/Editor/Assets/SkinningModule/Icons/Dark/d_Weight_Brush@4x.png
  artifactKey: Guid(f68f6cf24545d2f41b27323ca2b06a52) Importer(815301076,1909f56bfc062723c751e8b465ee728b)
Start importing Packages/com.unity.2d.animation/Editor/Assets/SkinningModule/Icons/Dark/d_Weight_Brush@4x.png using Guid(f68f6cf24545d2f41b27323ca2b06a52) Importer(815301076,1909f56bfc062723c751e8b465ee728b)  -> (artifact id: 'ea33cb24b2bb2ccd6290a1cd96b3a1b2') in 0.006234 seconds 
========================================================================
Received Import Request.
  Time since last request: 0.000043 seconds.
  path: Packages/com.unity.collab-proxy/Editor/PlasticSCM/Assets/Images/d_iconclosebutton@2x.png
  artifactKey: Guid(0525793900d728a42936791a8a6de63b) Importer(815301076,1909f56bfc062723c751e8b465ee728b)
Start importing Packages/com.unity.collab-proxy/Editor/PlasticSCM/Assets/Images/d_iconclosebutton@2x.png using Guid(0525793900d728a42936791a8a6de63b) Importer(815301076,1909f56bfc062723c751e8b465ee728b)  -> (artifact id: 'fb98c04b66a99ef55d7c216d1c86381c') in 0.004940 seconds 
========================================================================
Received Import Request.
  Time since last request: 0.000052 seconds.
  path: Packages/com.unity.2d.animation/Editor/Assets/SkinningModule/Icons/Selected/Edit_Joints.png
  artifactKey: Guid(6fd5a08a269c8544095b5c02ab57696b) Importer(815301076,1909f56bfc062723c751e8b465ee728b)
Start importing Packages/com.unity.2d.animation/Editor/Assets/SkinningModule/Icons/Selected/Edit_Joints.png using Guid(6fd5a08a269c8544095b5c02ab57696b) Importer(815301076,1909f56bfc062723c751e8b465ee728b)  -> (artifact id: '2b5ac334a0440d36b277ec53d542a534') in 0.004255 seconds 
========================================================================
Received Import Request.
  Time since last request: 0.000040 seconds.
  path: Packages/com.unity.2d.animation/Editor/Assets/SkinningModule/Icons/Selected/Create_Vertex.png
  artifactKey: Guid(e7ddb9213511d984f8b951a7c913d83a) Importer(815301076,1909f56bfc062723c751e8b465ee728b)
Start importing Packages/com.unity.2d.animation/Editor/Assets/SkinningModule/Icons/Selected/Create_Vertex.png using Guid(e7ddb9213511d984f8b951a7c913d83a) Importer(815301076,1909f56bfc062723c751e8b465ee728b)  -> (artifact id: 'a2d4930587e867e42cd9183b5a12284c') in 0.004606 seconds 
========================================================================
Received Import Request.
  Time since last request: 0.000038 seconds.
  path: Packages/com.unity.collab-proxy/Editor/PlasticSCM/Assets/Images/d_stepok.png
  artifactKey: Guid(be423a54b981d38428de82ad12534629) Importer(815301076,1909f56bfc062723c751e8b465ee728b)
Start importing Packages/com.unity.collab-proxy/Editor/PlasticSCM/Assets/Images/d_stepok.png using Guid(be423a54b981d38428de82ad12534629) Importer(815301076,1909f56bfc062723c751e8b465ee728b)  -> (artifact id: '553582236cbe573eddb64c68211b74bc') in 0.005267 seconds 
========================================================================
Received Import Request.
  Time since last request: 0.000048 seconds.
  path: Packages/com.unity.2d.animation/Editor/Assets/SkinningModule/Icons/Selected/Copy@3x.png
  artifactKey: Guid(bb51334c6930f864abac38001f7bdf6e) Importer(815301076,1909f56bfc062723c751e8b465ee728b)
Start importing Packages/com.unity.2d.animation/Editor/Assets/SkinningModule/Icons/Selected/Copy@3x.png using Guid(bb51334c6930f864abac38001f7bdf6e) Importer(815301076,1909f56bfc062723c751e8b465ee728b)  -> (artifact id: '002a6a55a7e3db8e253a3c69946df6ba') in 0.006941 seconds 
========================================================================
Received Import Request.
  Time since last request: 0.000033 seconds.
  path: Packages/com.unity.2d.animation/Editor/Assets/SkinningModule/Icons/Dark/d_Paste@2x.png
  artifactKey: Guid(6de1e8bb25ebf5c44b02b794de99154c) Importer(815301076,1909f56bfc062723c751e8b465ee728b)
Start importing Packages/com.unity.2d.animation/Editor/Assets/SkinningModule/Icons/Dark/d_Paste@2x.png using Guid(6de1e8bb25ebf5c44b02b794de99154c) Importer(815301076,1909f56bfc062723c751e8b465ee728b)  -> (artifact id: 'e84565643c402a29c230ddd90d5344ad') in 0.005199 seconds 
========================================================================
Received Import Request.
  Time since last request: 0.000051 seconds.
  path: Packages/com.unity.2d.animation/Editor/Assets/SkinningModule/Icons/Light/Create_Edge@2x.png
  artifactKey: Guid(3b4e88f5705085042a95960cdcef2561) Importer(815301076,1909f56bfc062723c751e8b465ee728b)
Start importing Packages/com.unity.2d.animation/Editor/Assets/SkinningModule/Icons/Light/Create_Edge@2x.png using Guid(3b4e88f5705085042a95960cdcef2561) Importer(815301076,1909f56bfc062723c751e8b465ee728b)  -> (artifact id: '1de67926643ef18845fd95adec4d8be4') in 0.004952 seconds 
========================================================================
Received Import Request.
  Time since last request: 0.000055 seconds.
  path: Packages/com.unity.collab-proxy/Editor/PlasticSCM/Assets/Images/d_iconoutofsync@2x.png
  artifactKey: Guid(f82dfc5fc3c5a8f4080a3550427019c8) Importer(815301076,1909f56bfc062723c751e8b465ee728b)
Start importing Packages/com.unity.collab-proxy/Editor/PlasticSCM/Assets/Images/d_iconoutofsync@2x.png using Guid(f82dfc5fc3c5a8f4080a3550427019c8) Importer(815301076,1909f56bfc062723c751e8b465ee728b)  -> (artifact id: 'e6b7b0f2a053ec5fef8e5c639564125a') in 0.004424 seconds 
========================================================================
Received Import Request.
  Time since last request: 0.000052 seconds.
  path: Packages/com.unity.2d.animation/Editor/Assets/SkinningModule/Icons/Dark/d_Bone.png
  artifactKey: Guid(fc2eaf4b0441b7645960252182c27446) Importer(815301076,1909f56bfc062723c751e8b465ee728b)
Start importing Packages/com.unity.2d.animation/Editor/Assets/SkinningModule/Icons/Dark/d_Bone.png using Guid(fc2eaf4b0441b7645960252182c27446) Importer(815301076,1909f56bfc062723c751e8b465ee728b)  -> (artifact id: '32a0b9e99357ea88828bcbc957775527') in 0.004385 seconds 
========================================================================
Received Import Request.
  Time since last request: 0.000054 seconds.
  path: Packages/com.unity.2d.animation/Editor/Assets/SkinningModule/Icons/Dark/d_Sprite_Mode.png
  artifactKey: Guid(c8294bd479889de41be97f5b6da01437) Importer(815301076,1909f56bfc062723c751e8b465ee728b)
Start importing Packages/com.unity.2d.animation/Editor/Assets/SkinningModule/Icons/Dark/d_Sprite_Mode.png using Guid(c8294bd479889de41be97f5b6da01437) Importer(815301076,1909f56bfc062723c751e8b465ee728b)  -> (artifact id: '0a2776bc5a389813cf6103b088478013') in 0.004813 seconds 
========================================================================
Received Import Request.
  Time since last request: 0.000046 seconds.
  path: Packages/com.unity.collab-proxy/Editor/PlasticSCM/Assets/Images/d_iconemptygravatar.png
  artifactKey: Guid(9aebd705574f9e642aef1e5f59b3e4d8) Importer(815301076,1909f56bfc062723c751e8b465ee728b)
Start importing Packages/com.unity.collab-proxy/Editor/PlasticSCM/Assets/Images/d_iconemptygravatar.png using Guid(9aebd705574f9e642aef1e5f59b3e4d8) Importer(815301076,1909f56bfc062723c751e8b465ee728b)  -> (artifact id: '9c722ce67718b070e053e18a1a95de5e') in 0.005647 seconds 
========================================================================
Received Import Request.
  Time since last request: 0.000052 seconds.
  path: Packages/com.unity.2d.animation/Editor/Assets/SkinningModule/Icons/Selected/d_Visibility_Tool@3x.png
  artifactKey: Guid(46d5b7ee1aaae3c4d9fd3a54774428d5) Importer(815301076,1909f56bfc062723c751e8b465ee728b)
Start importing Packages/com.unity.2d.animation/Editor/Assets/SkinningModule/Icons/Selected/d_Visibility_Tool@3x.png using Guid(46d5b7ee1aaae3c4d9fd3a54774428d5) Importer(815301076,1909f56bfc062723c751e8b465ee728b)  -> (artifact id: 'a65ab955af197d9299850638b7f199d2') in 0.004959 seconds 
========================================================================
Received Import Request.
  Time since last request: 0.000044 seconds.
  path: Packages/com.unity.collab-proxy/Editor/PlasticSCM/Assets/Images/buttonssosigningoogle.png
  artifactKey: Guid(f09eae8c0ea04254b90c5386a034a225) Importer(815301076,1909f56bfc062723c751e8b465ee728b)
Start importing Packages/com.unity.collab-proxy/Editor/PlasticSCM/Assets/Images/buttonssosigningoogle.png using Guid(f09eae8c0ea04254b90c5386a034a225) Importer(815301076,1909f56bfc062723c751e8b465ee728b)  -> (artifact id: '4eb5215563d629332792c34de5f69795') in 0.004607 seconds 
========================================================================
Received Import Request.
  Time since last request: 0.000057 seconds.
  path: Packages/com.unity.2d.animation/Editor/Assets/SkinningModule/Icons/Selected/Create Bones@2x.png
  artifactKey: Guid(5b7f664b515582d458717c354f6be292) Importer(815301076,1909f56bfc062723c751e8b465ee728b)
Start importing Packages/com.unity.2d.animation/Editor/Assets/SkinningModule/Icons/Selected/Create Bones@2x.png using Guid(5b7f664b515582d458717c354f6be292) Importer(815301076,1909f56bfc062723c751e8b465ee728b)  -> (artifact id: '1ae99f392da2ca0d53e88b68a90ac38f') in 0.004834 seconds 
========================================================================
Received Import Request.
  Time since last request: 0.000051 seconds.
  path: Packages/com.unity.2d.animation/Editor/Assets/SkinningModule/Icons/Dark/d_Copy@3x.png
  artifactKey: Guid(3b5ad4dfc78124a489bb5c48a4b57195) Importer(815301076,1909f56bfc062723c751e8b465ee728b)
Start importing Packages/com.unity.2d.animation/Editor/Assets/SkinningModule/Icons/Dark/d_Copy@3x.png using Guid(3b5ad4dfc78124a489bb5c48a4b57195) Importer(815301076,1909f56bfc062723c751e8b465ee728b)  -> (artifact id: 'a8239c69e4ce90ddfa89a3773deb9416') in 0.004963 seconds 
========================================================================
Received Import Request.
  Time since last request: 0.000042 seconds.
  path: Packages/com.unity.2d.animation/Editor/Assets/SkinningModule/Icons/Selected/d_Visibility_Hidded@3x.png
  artifactKey: Guid(dc1f494fe190bd54bb487d11e639d5fc) Importer(815301076,1909f56bfc062723c751e8b465ee728b)
Start importing Packages/com.unity.2d.animation/Editor/Assets/SkinningModule/Icons/Selected/d_Visibility_Hidded@3x.png using Guid(dc1f494fe190bd54bb487d11e639d5fc) Importer(815301076,1909f56bfc062723c751e8b465ee728b)  -> (artifact id: '8a4c1b1cae5f903498a1be171c1f33ed') in 0.005575 seconds 
========================================================================
Received Import Request.
  Time since last request: 0.000064 seconds.
  path: Packages/com.unity.2d.animation/Editor/Assets/SkinningModule/Icons/Light/Copy.png
  artifactKey: Guid(42f4b048501996743958df91513f824a) Importer(815301076,1909f56bfc062723c751e8b465ee728b)
Start importing Packages/com.unity.2d.animation/Editor/Assets/SkinningModule/Icons/Light/Copy.png using Guid(42f4b048501996743958df91513f824a) Importer(815301076,1909f56bfc062723c751e8b465ee728b)  -> (artifact id: '575f534e20652724c7cf0de7763d72a1') in 0.004349 seconds 
========================================================================
Received Import Request.
  Time since last request: 0.000051 seconds.
  path: Packages/com.unity.2d.animation/Editor/Assets/SkinningModule/Icons/Dark/d_Edit_Joints.png
  artifactKey: Guid(8c3235661573d7b44bd864536f83d0ea) Importer(815301076,1909f56bfc062723c751e8b465ee728b)
Start importing Packages/com.unity.2d.animation/Editor/Assets/SkinningModule/Icons/Dark/d_Edit_Joints.png using Guid(8c3235661573d7b44bd864536f83d0ea) Importer(815301076,1909f56bfc062723c751e8b465ee728b)  -> (artifact id: '556719ad3283dd0dff6d6d9215828f39') in 0.004740 seconds 
========================================================================
Received Import Request.
  Time since last request: 0.000056 seconds.
  path: Packages/com.unity.2d.animation/Editor/Assets/SkinningModule/Icons/Selected/Edit_Geometry@4x.png
  artifactKey: Guid(1a96ab5f501a8e84c9016458682e1ccb) Importer(815301076,1909f56bfc062723c751e8b465ee728b)
Start importing Packages/com.unity.2d.animation/Editor/Assets/SkinningModule/Icons/Selected/Edit_Geometry@4x.png using Guid(1a96ab5f501a8e84c9016458682e1ccb) Importer(815301076,1909f56bfc062723c751e8b465ee728b)  -> (artifact id: '6068b2f8f8f0422058d1c03d464637e9') in 0.005119 seconds 
========================================================================
Received Import Request.
  Time since last request: 0.000053 seconds.
  path: Packages/com.unity.collab-proxy/Editor/PlasticSCM/Assets/Images/d_stevejobsbuho.png
  artifactKey: Guid(e92527f6d0fe45342ab542b47346d45f) Importer(815301076,1909f56bfc062723c751e8b465ee728b)
Start importing Packages/com.unity.collab-proxy/Editor/PlasticSCM/Assets/Images/d_stevejobsbuho.png using Guid(e92527f6d0fe45342ab542b47346d45f) Importer(815301076,1909f56bfc062723c751e8b465ee728b)  -> (artifact id: '9c7e3beda9e789459c60f059bd8a3521') in 0.009440 seconds 
========================================================================
Received Import Request.
  Time since last request: 0.000054 seconds.
  path: Packages/com.unity.2d.animation/Editor/Assets/SkinningModule/Icons/Light/Edit_Joints@4x.png
  artifactKey: Guid(11030f66cab4dcd4c989fe1de7a7c79c) Importer(815301076,1909f56bfc062723c751e8b465ee728b)
Start importing Packages/com.unity.2d.animation/Editor/Assets/SkinningModule/Icons/Light/Edit_Joints@4x.png using Guid(11030f66cab4dcd4c989fe1de7a7c79c) Importer(815301076,1909f56bfc062723c751e8b465ee728b)  -> (artifact id: 'd78de9717159c7c80bd3f4d2dd02c61b') in 0.005195 seconds 
========================================================================
Received Import Request.
  Time since last request: 0.000044 seconds.
  path: Packages/com.unity.2d.animation/Editor/Assets/SkinningModule/Icons/Selected/d_Mesh@2x.png
  artifactKey: Guid(a14979d2b0467b14abf4467f248460fb) Importer(815301076,1909f56bfc062723c751e8b465ee728b)
Start importing Packages/com.unity.2d.animation/Editor/Assets/SkinningModule/Icons/Selected/d_Mesh@2x.png using Guid(a14979d2b0467b14abf4467f248460fb) Importer(815301076,1909f56bfc062723c751e8b465ee728b)  -> (artifact id: 'cb47ff42dad83e666ce2fc96f23852c3') in 0.005062 seconds 
========================================================================
Received Import Request.
  Time since last request: 0.000045 seconds.
  path: Packages/com.unity.2d.animation/Editor/Assets/SkinningModule/Icons/Light/character_Mode@2x.png
  artifactKey: Guid(25096ce515c063c48a2bd6b108c95912) Importer(815301076,1909f56bfc062723c751e8b465ee728b)
Start importing Packages/com.unity.2d.animation/Editor/Assets/SkinningModule/Icons/Light/character_Mode@2x.png using Guid(25096ce515c063c48a2bd6b108c95912) Importer(815301076,1909f56bfc062723c751e8b465ee728b)  -> (artifact id: 'f6cc1562ebc02026c5560af90149d85f') in 0.005044 seconds 
========================================================================
Received Import Request.
  Time since last request: 0.000046 seconds.
  path: Packages/com.unity.collab-proxy/Editor/PlasticSCM/Assets/Images/buttonssosigninunity.png
  artifactKey: Guid(f9161c6c9e06dc445ada3ee16d991f90) Importer(815301076,1909f56bfc062723c751e8b465ee728b)
Start importing Packages/com.unity.collab-proxy/Editor/PlasticSCM/Assets/Images/buttonssosigninunity.png using Guid(f9161c6c9e06dc445ada3ee16d991f90) Importer(815301076,1909f56bfc062723c751e8b465ee728b)  -> (artifact id: '0ecbb7dfbc8aa6ef88dbf55bc3824e47') in 0.005733 seconds 
========================================================================
Received Import Request.
  Time since last request: 0.000043 seconds.
  path: Packages/com.unity.2d.animation/Editor/Assets/SkinningModule/Icons/Dark/d_Bone_Influence@4x.png
  artifactKey: Guid(1e0f2b45945c8254abd59f40d783c11f) Importer(815301076,1909f56bfc062723c751e8b465ee728b)
Start importing Packages/com.unity.2d.animation/Editor/Assets/SkinningModule/Icons/Dark/d_Bone_Influence@4x.png using Guid(1e0f2b45945c8254abd59f40d783c11f) Importer(815301076,1909f56bfc062723c751e8b465ee728b)  -> (artifact id: '1797d0c3f1581719d94c5b326ba74912') in 0.005581 seconds 
========================================================================
Received Import Request.
  Time since last request: 0.000055 seconds.
  path: Packages/com.unity.2d.animation/Editor/Assets/SkinningModule/Icons/Dark/d_Edit_Pose.png
  artifactKey: Guid(7a6cafa65c507e240b7293250b094e10) Importer(815301076,1909f56bfc062723c751e8b465ee728b)
Start importing Packages/com.unity.2d.animation/Editor/Assets/SkinningModule/Icons/Dark/d_Edit_Pose.png using Guid(7a6cafa65c507e240b7293250b094e10) Importer(815301076,1909f56bfc062723c751e8b465ee728b)  -> (artifact id: 'bb8683fc94b86192c4e62e350dc26c33') in 0.004837 seconds 
========================================================================
Received Import Request.
  Time since last request: 0.000053 seconds.
  path: Packages/com.unity.2d.animation/Editor/Assets/SkinningModule/Icons/Dark/d_Weight_Brush@3x.png
  artifactKey: Guid(ba394dd6c02ba3b448659c8a346bf685) Importer(815301076,1909f56bfc062723c751e8b465ee728b)
Start importing Packages/com.unity.2d.animation/Editor/Assets/SkinningModule/Icons/Dark/d_Weight_Brush@3x.png using Guid(ba394dd6c02ba3b448659c8a346bf685) Importer(815301076,1909f56bfc062723c751e8b465ee728b)  -> (artifact id: 'd8b208d25d6bd2604ca26f7dabddf5d2') in 0.005276 seconds 
========================================================================
Received Import Request.
  Time since last request: 0.000047 seconds.
  path: Packages/com.unity.collab-proxy/Editor/PlasticSCM/Assets/Images/d_cloudbuho.png
  artifactKey: Guid(e5600378dd761e64d9423790c482bf36) Importer(815301076,1909f56bfc062723c751e8b465ee728b)
Start importing Packages/com.unity.collab-proxy/Editor/PlasticSCM/Assets/Images/d_cloudbuho.png using Guid(e5600378dd761e64d9423790c482bf36) Importer(815301076,1909f56bfc062723c751e8b465ee728b)  -> (artifact id: '7e455bf44f892987af37d4cda414a31b') in 0.009194 seconds 
========================================================================
Received Import Request.
  Time since last request: 0.000058 seconds.
  path: Packages/com.unity.2d.animation/Editor/Assets/SkinningModule/Icons/Selected/Copy@4x.png
  artifactKey: Guid(b6a96c7c65795c94abf54a62adbf5c38) Importer(815301076,1909f56bfc062723c751e8b465ee728b)
Start importing Packages/com.unity.2d.animation/Editor/Assets/SkinningModule/Icons/Selected/Copy@4x.png using Guid(b6a96c7c65795c94abf54a62adbf5c38) Importer(815301076,1909f56bfc062723c751e8b465ee728b)  -> (artifact id: '57c354f71e71bb8e3e764248f2cdfe6a') in 0.005543 seconds 
========================================================================
Received Import Request.
  Time since last request: 0.000045 seconds.
  path: Packages/com.unity.2d.animation/Editor/Assets/SkinningModule/Icons/Dark/d_Sprite_Influence.png
  artifactKey: Guid(eca47b8e551b04a0e8adc931893c60f4) Importer(815301076,1909f56bfc062723c751e8b465ee728b)
Start importing Packages/com.unity.2d.animation/Editor/Assets/SkinningModule/Icons/Dark/d_Sprite_Influence.png using Guid(eca47b8e551b04a0e8adc931893c60f4) Importer(815301076,1909f56bfc062723c751e8b465ee728b)  -> (artifact id: '45cfd93121a9a6cf3101688c25a30782') in 0.004868 seconds 
========================================================================
Received Import Request.
  Time since last request: 0.000061 seconds.
  path: Packages/com.unity.2d.animation/Editor/Assets/SkinningModule/Icons/Light/Edit_Geometry@3x.png
  artifactKey: Guid(b37297243655c064a8cd48d76a074ca0) Importer(815301076,1909f56bfc062723c751e8b465ee728b)
Start importing Packages/com.unity.2d.animation/Editor/Assets/SkinningModule/Icons/Light/Edit_Geometry@3x.png using Guid(b37297243655c064a8cd48d76a074ca0) Importer(815301076,1909f56bfc062723c751e8b465ee728b)  -> (artifact id: '81fdc63ceb18e14f93fcc8559c10b300') in 0.005857 seconds 
========================================================================
Received Import Request.
  Time since last request: 0.000042 seconds.
  path: Packages/com.unity.2d.animation/Editor/Assets/SkinningModule/Icons/Selected/d_Mesh.png
  artifactKey: Guid(1f9ef263156323d4dbaab5a1b41a61e6) Importer(815301076,1909f56bfc062723c751e8b465ee728b)
Start importing Packages/com.unity.2d.animation/Editor/Assets/SkinningModule/Icons/Selected/d_Mesh.png using Guid(1f9ef263156323d4dbaab5a1b41a61e6) Importer(815301076,1909f56bfc062723c751e8b465ee728b)  -> (artifact id: '1ed00563a48553108d54a12eeb3f9488') in 0.005130 seconds 
========================================================================
Received Import Request.
  Time since last request: 0.000045 seconds.
  path: Packages/com.unity.2d.animation/Editor/Assets/SkinningModule/Icons/Selected/d_Bone@4x.png
  artifactKey: Guid(1bb69cd91685d9248a58b144052746f3) Importer(815301076,1909f56bfc062723c751e8b465ee728b)
Start importing Packages/com.unity.2d.animation/Editor/Assets/SkinningModule/Icons/Selected/d_Bone@4x.png using Guid(1bb69cd91685d9248a58b144052746f3) Importer(815301076,1909f56bfc062723c751e8b465ee728b)  -> (artifact id: '10809d8d0b6ccd207a77fc4c7158e3b7') in 0.005175 seconds 
========================================================================
Received Import Request.
  Time since last request: 0.000046 seconds.
  path: Packages/com.unity.2d.animation/Editor/Assets/SkinningModule/Icons/Dark/d_Edit_Geometry@3x.png
  artifactKey: Guid(0ff8fd73a1ad1284eb30ab319560b4c7) Importer(815301076,1909f56bfc062723c751e8b465ee728b)
Start importing Packages/com.unity.2d.animation/Editor/Assets/SkinningModule/Icons/Dark/d_Edit_Geometry@3x.png using Guid(0ff8fd73a1ad1284eb30ab319560b4c7) Importer(815301076,1909f56bfc062723c751e8b465ee728b)  -> (artifact id: 'a2ae357f58678c0ecbd6baad01d674e9') in 0.005280 seconds 
========================================================================
Received Import Request.
  Time since last request: 0.000055 seconds.
  path: Packages/com.unity.collab-proxy/Editor/PlasticSCM/Assets/Images/d_iconoutofsync.png
  artifactKey: Guid(0e80bd0b4a8196f46acf73711b9505ec) Importer(815301076,1909f56bfc062723c751e8b465ee728b)
Start importing Packages/com.unity.collab-proxy/Editor/PlasticSCM/Assets/Images/d_iconoutofsync.png using Guid(0e80bd0b4a8196f46acf73711b9505ec) Importer(815301076,1909f56bfc062723c751e8b465ee728b)  -> (artifact id: 'cfecd7ced4ea230e51b68d1da0aa657e') in 0.004341 seconds 
========================================================================
Received Import Request.
  Time since last request: 0.000058 seconds.
  path: Packages/com.unity.2d.animation/Editor/Assets/SkinningModule/Icons/Dark/d_Visibility_Hidded.png
  artifactKey: Guid(331d72d503bf74243aa04430504cee09) Importer(815301076,1909f56bfc062723c751e8b465ee728b)
Start importing Packages/com.unity.2d.animation/Editor/Assets/SkinningModule/Icons/Dark/d_Visibility_Hidded.png using Guid(331d72d503bf74243aa04430504cee09) Importer(815301076,1909f56bfc062723c751e8b465ee728b)  -> (artifact id: '7b7d2d98aa2c2e746477c361c91b916e') in 0.005464 seconds 
========================================================================
Received Import Request.
  Time since last request: 0.000040 seconds.
  path: Packages/com.unity.collab-proxy/Editor/PlasticSCM/Assets/Images/d_buttonssosigninemail.png
  artifactKey: Guid(3086d66a563317b40a20a20da2c64ac0) Importer(815301076,1909f56bfc062723c751e8b465ee728b)
Start importing Packages/com.unity.collab-proxy/Editor/PlasticSCM/Assets/Images/d_buttonssosigninemail.png using Guid(3086d66a563317b40a20a20da2c64ac0) Importer(815301076,1909f56bfc062723c751e8b465ee728b)  -> (artifact id: '51219b9b4edebb8981ae2e24a1d2841b') in 0.005059 seconds 
========================================================================
Received Import Request.
  Time since last request: 0.000055 seconds.
  path: Packages/com.unity.2d.animation/Editor/Assets/SkinningModule/Icons/Dark/d_Sprite_Mode@4x.png
  artifactKey: Guid(177f0e0a4941a464f935c21b367d57c7) Importer(815301076,1909f56bfc062723c751e8b465ee728b)
Start importing Packages/com.unity.2d.animation/Editor/Assets/SkinningModule/Icons/Dark/d_Sprite_Mode@4x.png using Guid(177f0e0a4941a464f935c21b367d57c7) Importer(815301076,1909f56bfc062723c751e8b465ee728b)  -> (artifact id: '95aaa3b8e81a7f653e446dc804a77139') in 0.005006 seconds 
========================================================================
Received Import Request.
  Time since last request: 0.000053 seconds.
  path: Packages/com.unity.2d.animation/Editor/Assets/SkinningModule/Icons/Dark/d_Visibility_Tool.png
  artifactKey: Guid(ac4a94776fb2dd74a910bef3649b5c84) Importer(815301076,1909f56bfc062723c751e8b465ee728b)
Start importing Packages/com.unity.2d.animation/Editor/Assets/SkinningModule/Icons/Dark/d_Visibility_Tool.png using Guid(ac4a94776fb2dd74a910bef3649b5c84) Importer(815301076,1909f56bfc062723c751e8b465ee728b)  -> (artifact id: 'fe06d1db408caa98bb208ee13592f03e') in 0.005234 seconds 
========================================================================
Received Import Request.
  Time since last request: 0.000061 seconds.
  path: Packages/com.unity.2d.animation/Editor/Assets/SkinningModule/Icons/Light/Bone@3x.png
  artifactKey: Guid(76beef9fdae7b48468ddf07d0400a374) Importer(815301076,1909f56bfc062723c751e8b465ee728b)
Start importing Packages/com.unity.2d.animation/Editor/Assets/SkinningModule/Icons/Light/Bone@3x.png using Guid(76beef9fdae7b48468ddf07d0400a374) Importer(815301076,1909f56bfc062723c751e8b465ee728b)  -> (artifact id: '2f15b840359833d4f617ccd1262004df') in 0.005376 seconds 
========================================================================
Received Import Request.
  Time since last request: 0.000045 seconds.
  path: Packages/com.unity.2d.animation/Editor/Assets/SkinningModule/Icons/Dark/d_Edit_Pose@3x.png
  artifactKey: Guid(334b0c5a2da656f4a9d2fe6b658cfd68) Importer(815301076,1909f56bfc062723c751e8b465ee728b)
Start importing Packages/com.unity.2d.animation/Editor/Assets/SkinningModule/Icons/Dark/d_Edit_Pose@3x.png using Guid(334b0c5a2da656f4a9d2fe6b658cfd68) Importer(815301076,1909f56bfc062723c751e8b465ee728b)  -> (artifact id: 'e0c1a9bedb59763dcb81a2d50fd48b3b') in 0.006710 seconds 
========================================================================
Received Import Request.
  Time since last request: 0.000056 seconds.
  path: Packages/com.unity.2d.animation/Editor/Assets/SkinningModule/Icons/Selected/Edit_Joints@2x.png
  artifactKey: Guid(401d7863028c84a4988285a5389f1d79) Importer(815301076,1909f56bfc062723c751e8b465ee728b)
Start importing Packages/com.unity.2d.animation/Editor/Assets/SkinningModule/Icons/Selected/Edit_Joints@2x.png using Guid(401d7863028c84a4988285a5389f1d79) Importer(815301076,1909f56bfc062723c751e8b465ee728b)  -> (artifact id: 'b97f2304b59e5ab669b676e859d85112') in 0.005061 seconds 
========================================================================
Received Import Request.
  Time since last request: 0.000051 seconds.
  path: Packages/com.unity.2d.animation/Editor/Assets/SkinningModule/Icons/Selected/d_Visibility_Tool.png
  artifactKey: Guid(cc4d24c10deda874e9f3470976b7d396) Importer(815301076,1909f56bfc062723c751e8b465ee728b)
Start importing Packages/com.unity.2d.animation/Editor/Assets/SkinningModule/Icons/Selected/d_Visibility_Tool.png using Guid(cc4d24c10deda874e9f3470976b7d396) Importer(815301076,1909f56bfc062723c751e8b465ee728b)  -> (artifact id: '1af3e9f83fefacc9f483c67b643da36b') in 0.005638 seconds 
========================================================================
Received Import Request.
  Time since last request: 0.000051 seconds.
  path: Packages/com.unity.2d.animation/Editor/Assets/SkinningModule/Icons/Light/Edit_Joints@3x.png
  artifactKey: Guid(da6b55611e420f443a65d0be7a8f8719) Importer(815301076,1909f56bfc062723c751e8b465ee728b)
Start importing Packages/com.unity.2d.animation/Editor/Assets/SkinningModule/Icons/Light/Edit_Joints@3x.png using Guid(da6b55611e420f443a65d0be7a8f8719) Importer(815301076,1909f56bfc062723c751e8b465ee728b)  -> (artifact id: '4493410e921a157062ce92b518c41cc5') in 0.005247 seconds 
========================================================================
Received Import Request.
  Time since last request: 0.000048 seconds.
  path: Packages/com.unity.2d.animation/Editor/Assets/SkinningModule/Icons/Dark/d_Sprite_Influence@2x.png
  artifactKey: Guid(0f26b0f71c3344e8b8838eb64eb7d9e9) Importer(815301076,1909f56bfc062723c751e8b465ee728b)
Start importing Packages/com.unity.2d.animation/Editor/Assets/SkinningModule/Icons/Dark/d_Sprite_Influence@2x.png using Guid(0f26b0f71c3344e8b8838eb64eb7d9e9) Importer(815301076,1909f56bfc062723c751e8b465ee728b)  -> (artifact id: 'bff36fc3e93645fb8119308629a2d67c') in 0.004851 seconds 
========================================================================
Received Import Request.
  Time since last request: 0.000063 seconds.
  path: Packages/com.unity.collab-proxy/Editor/PlasticSCM/Assets/Images/d_step2.png
  artifactKey: Guid(897c3a3f5c4038345a7143573bbb4a40) Importer(815301076,1909f56bfc062723c751e8b465ee728b)
Start importing Packages/com.unity.collab-proxy/Editor/PlasticSCM/Assets/Images/d_step2.png using Guid(897c3a3f5c4038345a7143573bbb4a40) Importer(815301076,1909f56bfc062723c751e8b465ee728b)  -> (artifact id: '776d5e51f8440f9103a7a8f53de9e26c') in 0.004823 seconds 
========================================================================
Received Import Request.
  Time since last request: 0.000040 seconds.
  path: Packages/com.unity.collab-proxy/Editor/PlasticSCM/Assets/Images/d_genericbuhoshe2.png
  artifactKey: Guid(17035c204825f6340a252046ab6476fd) Importer(815301076,1909f56bfc062723c751e8b465ee728b)
Start importing Packages/com.unity.collab-proxy/Editor/PlasticSCM/Assets/Images/d_genericbuhoshe2.png using Guid(17035c204825f6340a252046ab6476fd) Importer(815301076,1909f56bfc062723c751e8b465ee728b)  -> (artifact id: 'e5467ba72a82b2589ff89c5538ef998c') in 0.010106 seconds 
========================================================================
Received Import Request.
  Time since last request: 0.000051 seconds.
  path: Packages/com.unity.2d.animation/Editor/Assets/SkinningModule/Icons/Light/Bone@4x.png
  artifactKey: Guid(9125c204f566db048a92ebcb64d9d14a) Importer(815301076,1909f56bfc062723c751e8b465ee728b)
Start importing Packages/com.unity.2d.animation/Editor/Assets/SkinningModule/Icons/Light/Bone@4x.png using Guid(9125c204f566db048a92ebcb64d9d14a) Importer(815301076,1909f56bfc062723c751e8b465ee728b)  -> (artifact id: '3dd53e66c3e641614964fb64b9ff7139') in 0.005608 seconds 
========================================================================
Received Import Request.
  Time since last request: 0.000048 seconds.
  path: Packages/com.unity.2d.animation/Editor/Assets/SkinningModule/Icons/Dark/d_character_Mode@4x.png
  artifactKey: Guid(395f6b9556f14704790df6035be6ee3a) Importer(815301076,1909f56bfc062723c751e8b465ee728b)
Start importing Packages/com.unity.2d.animation/Editor/Assets/SkinningModule/Icons/Dark/d_character_Mode@4x.png using Guid(395f6b9556f14704790df6035be6ee3a) Importer(815301076,1909f56bfc062723c751e8b465ee728b)  -> (artifact id: '450ad88ca7a52a94b601de7b86ec6833') in 0.005037 seconds 
========================================================================
Received Import Request.
  Time since last request: 0.000054 seconds.
  path: Packages/com.unity.collab-proxy/Editor/PlasticSCM/Assets/Images/d_refresh.png
  artifactKey: Guid(92b8c447daf4d4b41a0ec148d1091261) Importer(815301076,1909f56bfc062723c751e8b465ee728b)
Start importing Packages/com.unity.collab-proxy/Editor/PlasticSCM/Assets/Images/d_refresh.png using Guid(92b8c447daf4d4b41a0ec148d1091261) Importer(815301076,1909f56bfc062723c751e8b465ee728b)  -> (artifact id: '75e3484039249328f3ba73e9a811d302') in 0.004603 seconds 
========================================================================
Received Import Request.
  Time since last request: 0.000043 seconds.
  path: Packages/com.unity.collab-proxy/Editor/PlasticSCM/Assets/Images/d_loading.png
  artifactKey: Guid(d58e94bfb1bac774dbb8ca9c2597ef2e) Importer(815301076,1909f56bfc062723c751e8b465ee728b)
Start importing Packages/com.unity.collab-proxy/Editor/PlasticSCM/Assets/Images/d_loading.png using Guid(d58e94bfb1bac774dbb8ca9c2597ef2e) Importer(815301076,1909f56bfc062723c751e8b465ee728b)  -> (artifact id: 'c28842492d8edff513cfc6d07320f403') in 0.004180 seconds 
========================================================================
Received Import Request.
  Time since last request: 0.000048 seconds.
  path: Packages/com.unity.collab-proxy/Editor/PlasticSCM/Assets/Images/d_step1@2x.png
  artifactKey: Guid(c8a69ecdf54ac8e4b873466605de27ff) Importer(815301076,1909f56bfc062723c751e8b465ee728b)
Start importing Packages/com.unity.collab-proxy/Editor/PlasticSCM/Assets/Images/d_step1@2x.png using Guid(c8a69ecdf54ac8e4b873466605de27ff) Importer(815301076,1909f56bfc062723c751e8b465ee728b)  -> (artifact id: '7091691a6b9039719ae3488610560f1b') in 0.005547 seconds 
========================================================================
Received Import Request.
  Time since last request: 0.000057 seconds.
  path: Packages/com.unity.collab-proxy/Editor/PlasticSCM/Assets/Images/d_iconaddedoverlay@2x.png
  artifactKey: Guid(a6fbd5a181bc51e42a61a73fe8d727c8) Importer(815301076,1909f56bfc062723c751e8b465ee728b)
Start importing Packages/com.unity.collab-proxy/Editor/PlasticSCM/Assets/Images/d_iconaddedoverlay@2x.png using Guid(a6fbd5a181bc51e42a61a73fe8d727c8) Importer(815301076,1909f56bfc062723c751e8b465ee728b)  -> (artifact id: 'd70650886c0cc7e9ed0f0b9f80886277') in 0.005191 seconds 
========================================================================
Received Import Request.
  Time since last request: 0.000050 seconds.
  path: Packages/com.unity.2d.animation/Editor/Assets/SkinningModule/Icons/Light/Bone_Influence@2x.png
  artifactKey: Guid(7395bf0bc3cc40e4ab2dda5ec6832261) Importer(815301076,1909f56bfc062723c751e8b465ee728b)
Start importing Packages/com.unity.2d.animation/Editor/Assets/SkinningModule/Icons/Light/Bone_Influence@2x.png using Guid(7395bf0bc3cc40e4ab2dda5ec6832261) Importer(815301076,1909f56bfc062723c751e8b465ee728b)  -> (artifact id: 'af904d4a4ca1b1934911e87a3a3f1c13') in 0.004919 seconds 
========================================================================
Received Import Request.
  Time since last request: 0.000067 seconds.
  path: Packages/com.unity.collab-proxy/Editor/PlasticSCM/Assets/Images/d_expertbuhoshe.png
  artifactKey: Guid(8325d4ef0a6eb3d43952aff8a06d9f45) Importer(815301076,1909f56bfc062723c751e8b465ee728b)
Start importing Packages/com.unity.collab-proxy/Editor/PlasticSCM/Assets/Images/d_expertbuhoshe.png using Guid(8325d4ef0a6eb3d43952aff8a06d9f45) Importer(815301076,1909f56bfc062723c751e8b465ee728b)  -> (artifact id: '760c8de02167d3c76e1253f9bf042a7d') in 0.009531 seconds 
========================================================================
Received Import Request.
  Time since last request: 0.000045 seconds.
  path: Packages/com.unity.2d.animation/Editor/Assets/SkinningModule/Icons/Selected/Create Bones.png
  artifactKey: Guid(7b86a539750e1a44ca7ec5b7f690babd) Importer(815301076,1909f56bfc062723c751e8b465ee728b)
Start importing Packages/com.unity.2d.animation/Editor/Assets/SkinningModule/Icons/Selected/Create Bones.png using Guid(7b86a539750e1a44ca7ec5b7f690babd) Importer(815301076,1909f56bfc062723c751e8b465ee728b)  -> (artifact id: 'b17aa3a84c529ea32ee86320f42ca769') in 0.004903 seconds 
========================================================================
Received Import Request.
  Time since last request: 0.000040 seconds.
  path: Packages/com.unity.2d.animation/Editor/Assets/SkinningModule/Icons/Selected/Create_Vertex@4x.png
  artifactKey: Guid(6a7ac9e8c26b12440bf2b1da2ca97794) Importer(815301076,1909f56bfc062723c751e8b465ee728b)
Start importing Packages/com.unity.2d.animation/Editor/Assets/SkinningModule/Icons/Selected/Create_Vertex@4x.png using Guid(6a7ac9e8c26b12440bf2b1da2ca97794) Importer(815301076,1909f56bfc062723c751e8b465ee728b)  -> (artifact id: '40095e0759b122927a770a8f06017ec7') in 0.005778 seconds 
========================================================================
Received Import Request.
  Time since last request: 0.000053 seconds.
  path: Packages/com.unity.2d.animation/Editor/Assets/SkinningModule/Icons/Dark/d_Paste.png
  artifactKey: Guid(7e00d2a7fc6d13b49bacb9663abfa3ae) Importer(815301076,1909f56bfc062723c751e8b465ee728b)
Start importing Packages/com.unity.2d.animation/Editor/Assets/SkinningModule/Icons/Dark/d_Paste.png using Guid(7e00d2a7fc6d13b49bacb9663abfa3ae) Importer(815301076,1909f56bfc062723c751e8b465ee728b)  -> (artifact id: 'd8d084e46873f8861052c7fcfabc55cb') in 0.004269 seconds 
========================================================================
Received Import Request.
  Time since last request: 0.000050 seconds.
  path: Packages/com.unity.2d.animation/Editor/Assets/SkinningModule/Icons/Dark/d_Create Bones.png
  artifactKey: Guid(b4b58192a0265df4980d56bf9054df08) Importer(815301076,1909f56bfc062723c751e8b465ee728b)
Start importing Packages/com.unity.2d.animation/Editor/Assets/SkinningModule/Icons/Dark/d_Create Bones.png using Guid(b4b58192a0265df4980d56bf9054df08) Importer(815301076,1909f56bfc062723c751e8b465ee728b)  -> (artifact id: '7b425933a770d560f121e44b8f81239e') in 0.004646 seconds 
========================================================================
Received Import Request.
  Time since last request: 0.000043 seconds.
  path: Packages/com.unity.2d.animation/Editor/Assets/SkinningModule/Icons/Light/Edit_Geometry@4x.png
  artifactKey: Guid(088ce4ab56060504083daeb4556a09c1) Importer(815301076,1909f56bfc062723c751e8b465ee728b)
Start importing Packages/com.unity.2d.animation/Editor/Assets/SkinningModule/Icons/Light/Edit_Geometry@4x.png using Guid(088ce4ab56060504083daeb4556a09c1) Importer(815301076,1909f56bfc062723c751e8b465ee728b)  -> (artifact id: '606c9f7acea32d9fe5089ed9eb258a1a') in 0.005321 seconds 
========================================================================
Received Import Request.
  Time since last request: 0.000045 seconds.
  path: Packages/com.unity.collab-proxy/Editor/PlasticSCM/Assets/Images/d_colorbuho.png
  artifactKey: Guid(3a0c527d7f890d64a9b56b086e6e766a) Importer(815301076,1909f56bfc062723c751e8b465ee728b)
Start importing Packages/com.unity.collab-proxy/Editor/PlasticSCM/Assets/Images/d_colorbuho.png using Guid(3a0c527d7f890d64a9b56b086e6e766a) Importer(815301076,1909f56bfc062723c751e8b465ee728b)  -> (artifact id: '129d732c7396707200b5c9d0dc0a1366') in 0.009049 seconds 
========================================================================
Received Import Request.
  Time since last request: 0.000050 seconds.
  path: Packages/com.unity.2d.animation/Editor/Assets/SkinningModule/Icons/Dark/d_Parent_Bone@4x.png
  artifactKey: Guid(c6601234a3b63ef4a9386f8182db5849) Importer(815301076,1909f56bfc062723c751e8b465ee728b)
Start importing Packages/com.unity.2d.animation/Editor/Assets/SkinningModule/Icons/Dark/d_Parent_Bone@4x.png using Guid(c6601234a3b63ef4a9386f8182db5849) Importer(815301076,1909f56bfc062723c751e8b465ee728b)  -> (artifact id: 'c27d8ac459c3b53f8ffaf16104ecde32') in 0.005416 seconds 
========================================================================
Received Import Request.
  Time since last request: 0.000065 seconds.
  path: Packages/com.unity.collab-proxy/Editor/PlasticSCM/Assets/Images/d_stepok@2x.png
  artifactKey: Guid(3494dc956dfd7174abc07060940a2848) Importer(815301076,1909f56bfc062723c751e8b465ee728b)
Start importing Packages/com.unity.collab-proxy/Editor/PlasticSCM/Assets/Images/d_stepok@2x.png using Guid(3494dc956dfd7174abc07060940a2848) Importer(815301076,1909f56bfc062723c751e8b465ee728b)  -> (artifact id: '32dc5dae57c01d20aaa66504f72de78a') in 0.005469 seconds 
========================================================================
Received Import Request.
  Time since last request: 0.000046 seconds.
  path: Packages/com.unity.collab-proxy/Editor/PlasticSCM/Assets/Images/d_iconundo@2x.png
  artifactKey: Guid(6d6088174bb906b49ad8428526ee337b) Importer(815301076,1909f56bfc062723c751e8b465ee728b)
Start importing Packages/com.unity.collab-proxy/Editor/PlasticSCM/Assets/Images/d_iconundo@2x.png using Guid(6d6088174bb906b49ad8428526ee337b) Importer(815301076,1909f56bfc062723c751e8b465ee728b)  -> (artifact id: '9a8cc750468665d27c6dbd4c033fb3d6') in 0.005713 seconds 
========================================================================
Received Import Request.
  Time since last request: 0.000037 seconds.
  path: Packages/com.unity.collab-proxy/Editor/PlasticSCM/Assets/Images/d_stevejobsbuhoshe.png
  artifactKey: Guid(56e456ab0f7f79a4dbabcc9079c49a94) Importer(815301076,1909f56bfc062723c751e8b465ee728b)
Start importing Packages/com.unity.collab-proxy/Editor/PlasticSCM/Assets/Images/d_stevejobsbuhoshe.png using Guid(56e456ab0f7f79a4dbabcc9079c49a94) Importer(815301076,1909f56bfc062723c751e8b465ee728b)  -> (artifact id: '0147f2028398fee825aaae8518ccd893') in 0.010903 seconds 
========================================================================
Received Import Request.
  Time since last request: 0.000050 seconds.
  path: Packages/com.unity.2d.animation/Editor/Assets/SkinningModule/Icons/Dark/d_Weight_Slider.png
  artifactKey: Guid(dce15ef65ee3c394cb6cc78d4d70b6d9) Importer(815301076,1909f56bfc062723c751e8b465ee728b)
Start importing Packages/com.unity.2d.animation/Editor/Assets/SkinningModule/Icons/Dark/d_Weight_Slider.png using Guid(dce15ef65ee3c394cb6cc78d4d70b6d9) Importer(815301076,1909f56bfc062723c751e8b465ee728b)  -> (artifact id: '3de5cc23c92f350b875e4ace977862ed') in 0.004597 seconds 
========================================================================
Received Import Request.
  Time since last request: 0.000032 seconds.
  path: Packages/com.unity.2d.animation/Editor/Assets/SkinningModule/Icons/Light/Create_Edge.png
  artifactKey: Guid(1af9d2e44ecf3a2468601c9071df581f) Importer(815301076,1909f56bfc062723c751e8b465ee728b)
Start importing Packages/com.unity.2d.animation/Editor/Assets/SkinningModule/Icons/Light/Create_Edge.png using Guid(1af9d2e44ecf3a2468601c9071df581f) Importer(815301076,1909f56bfc062723c751e8b465ee728b)  -> (artifact id: 'b60b1ceebd5dc7a4d4dd0adb3b2082ff') in 0.005014 seconds 
========================================================================
Received Import Request.
  Time since last request: 0.000058 seconds.
  path: Packages/com.unity.2d.animation/Editor/Assets/SkinningModule/Icons/Dark/d_Split_Edge.png
  artifactKey: Guid(0530bfa18fbf4a140b3a604c988a9a4b) Importer(815301076,1909f56bfc062723c751e8b465ee728b)
Start importing Packages/com.unity.2d.animation/Editor/Assets/SkinningModule/Icons/Dark/d_Split_Edge.png using Guid(0530bfa18fbf4a140b3a604c988a9a4b) Importer(815301076,1909f56bfc062723c751e8b465ee728b)  -> (artifact id: '48f80359891ba19d3c746f6353f5050f') in 0.004950 seconds 
========================================================================
Received Import Request.
  Time since last request: 0.000056 seconds.
  path: Packages/com.unity.2d.animation/Editor/Assets/SkinningModule/Icons/Dark/d_Mesh.png
  artifactKey: Guid(f4e90b0a1e5a5bc46897cdcf5a142111) Importer(815301076,1909f56bfc062723c751e8b465ee728b)
Start importing Packages/com.unity.2d.animation/Editor/Assets/SkinningModule/Icons/Dark/d_Mesh.png using Guid(f4e90b0a1e5a5bc46897cdcf5a142111) Importer(815301076,1909f56bfc062723c751e8b465ee728b)  -> (artifact id: '97abad3240944e07e572c8430ffd5a61') in 0.005179 seconds 
========================================================================
Received Import Request.
  Time since last request: 0.000051 seconds.
  path: Packages/com.unity.2d.animation/Editor/Assets/SkinningModule/Icons/Dark/d_Bone_Influence.png
  artifactKey: Guid(c037c4c58e8d8c34ca9bf121abb7ee49) Importer(815301076,1909f56bfc062723c751e8b465ee728b)
Start importing Packages/com.unity.2d.animation/Editor/Assets/SkinningModule/Icons/Dark/d_Bone_Influence.png using Guid(c037c4c58e8d8c34ca9bf121abb7ee49) Importer(815301076,1909f56bfc062723c751e8b465ee728b)  -> (artifact id: '76bd0e325907e258aaad999fe432ff58') in 0.005958 seconds 
========================================================================
Received Import Request.
  Time since last request: 0.000104 seconds.
  path: Packages/com.unity.2d.animation/Editor/Assets/SkinningModule/Icons/Dark/d_Create_Vertex@4x.png
  artifactKey: Guid(2ced226d9df062547882002f633ab6ee) Importer(815301076,1909f56bfc062723c751e8b465ee728b)
Start importing Packages/com.unity.2d.animation/Editor/Assets/SkinningModule/Icons/Dark/d_Create_Vertex@4x.png using Guid(2ced226d9df062547882002f633ab6ee) Importer(815301076,1909f56bfc062723c751e8b465ee728b)  -> (artifact id: 'da516d5d416c7e897ae6cbe7fe11c75c') in 0.005871 seconds 
========================================================================
Received Import Request.
  Time since last request: 0.000048 seconds.
  path: Packages/com.unity.2d.animation/Editor/Assets/SkinningModule/Icons/Dark/d_Sprite_Influence@4x.png
  artifactKey: Guid(58702b682724446469909705bca1de62) Importer(815301076,1909f56bfc062723c751e8b465ee728b)
Start importing Packages/com.unity.2d.animation/Editor/Assets/SkinningModule/Icons/Dark/d_Sprite_Influence@4x.png using Guid(58702b682724446469909705bca1de62) Importer(815301076,1909f56bfc062723c751e8b465ee728b)  -> (artifact id: '11a7ace91c96e28d48a7f06f99ca1686') in 0.005444 seconds 
========================================================================
Received Import Request.
  Time since last request: 0.000058 seconds.
  path: Packages/com.unity.collab-proxy/Editor/PlasticSCM/Assets/Images/d_iconlockedlocaloverlay.png
  artifactKey: Guid(71c45f80bffdb9145ad2c456254c862e) Importer(815301076,1909f56bfc062723c751e8b465ee728b)
Start importing Packages/com.unity.collab-proxy/Editor/PlasticSCM/Assets/Images/d_iconlockedlocaloverlay.png using Guid(71c45f80bffdb9145ad2c456254c862e) Importer(815301076,1909f56bfc062723c751e8b465ee728b)  -> (artifact id: 'f026e13fc29c51676fb12fddc5c674ac') in 0.005102 seconds 
========================================================================
Received Import Request.
  Time since last request: 0.000043 seconds.
  path: Packages/com.unity.collab-proxy/Editor/PlasticSCM/Assets/Images/d_icondeletedlocaloverlay@2x.png
  artifactKey: Guid(92b204cca46037444ab18ba6701f86f7) Importer(815301076,1909f56bfc062723c751e8b465ee728b)
Start importing Packages/com.unity.collab-proxy/Editor/PlasticSCM/Assets/Images/d_icondeletedlocaloverlay@2x.png using Guid(92b204cca46037444ab18ba6701f86f7) Importer(815301076,1909f56bfc062723c751e8b465ee728b)  -> (artifact id: '300e8d89c6c8c0ab78fa2dd1597cfd42') in 0.004818 seconds 
========================================================================
Received Import Request.
  Time since last request: 0.000065 seconds.
  path: Packages/com.unity.collab-proxy/Editor/PlasticSCM/Assets/Images/d_genericbuhoshe3.png
  artifactKey: Guid(9bb60d9b0987c3747b57516cc172d0c7) Importer(815301076,1909f56bfc062723c751e8b465ee728b)
Start importing Packages/com.unity.collab-proxy/Editor/PlasticSCM/Assets/Images/d_genericbuhoshe3.png using Guid(9bb60d9b0987c3747b57516cc172d0c7) Importer(815301076,1909f56bfc062723c751e8b465ee728b)  -> (artifact id: '5cdff7a4b20d27fa1b3dff79b265de9a') in 0.009127 seconds 
========================================================================
Received Import Request.
  Time since last request: 0.000068 seconds.
  path: Packages/com.unity.2d.animation/Editor/Assets/SkinningModule/Icons/Light/Create Bones@4x.png
  artifactKey: Guid(f618c5fe13b18994aa5aee8b97d8dca1) Importer(815301076,1909f56bfc062723c751e8b465ee728b)
Start importing Packages/com.unity.2d.animation/Editor/Assets/SkinningModule/Icons/Light/Create Bones@4x.png using Guid(f618c5fe13b18994aa5aee8b97d8dca1) Importer(815301076,1909f56bfc062723c751e8b465ee728b)  -> (artifact id: 'f0e97666a0cc1041dd8b3bf4dadee137') in 0.005228 seconds 
========================================================================
Received Import Request.
  Time since last request: 0.000064 seconds.
  path: Packages/com.unity.collab-proxy/Editor/PlasticSCM/Assets/Images/d_expertbuhochristmas.png
  artifactKey: Guid(c887ed2a931c29040bc544cd8c546e9f) Importer(815301076,1909f56bfc062723c751e8b465ee728b)
Start importing Packages/com.unity.collab-proxy/Editor/PlasticSCM/Assets/Images/d_expertbuhochristmas.png using Guid(c887ed2a931c29040bc544cd8c546e9f) Importer(815301076,1909f56bfc062723c751e8b465ee728b)  -> (artifact id: 'df5559b8e45cb6b7a7fc9ef3289ea304') in 0.009273 seconds 
========================================================================
Received Import Request.
  Time since last request: 0.000043 seconds.
  path: Packages/com.unity.2d.animation/Editor/Assets/SkinningModule/Icons/Dark/d_Copy.png
  artifactKey: Guid(69fdfe6d8e206134a83223383472ff48) Importer(815301076,1909f56bfc062723c751e8b465ee728b)
Start importing Packages/com.unity.2d.animation/Editor/Assets/SkinningModule/Icons/Dark/d_Copy.png using Guid(69fdfe6d8e206134a83223383472ff48) Importer(815301076,1909f56bfc062723c751e8b465ee728b)  -> (artifact id: '814682fac9ed172d178535cfc0d46e88') in 0.004376 seconds 
========================================================================
Received Import Request.
  Time since last request: 0.000041 seconds.
  path: Packages/com.unity.collab-proxy/Editor/PlasticSCM/Assets/Images/d_iconlockedremoteoverlay.png
  artifactKey: Guid(1046ed65e6aaffb4391378f6d08d6c14) Importer(815301076,1909f56bfc062723c751e8b465ee728b)
Start importing Packages/com.unity.collab-proxy/Editor/PlasticSCM/Assets/Images/d_iconlockedremoteoverlay.png using Guid(1046ed65e6aaffb4391378f6d08d6c14) Importer(815301076,1909f56bfc062723c751e8b465ee728b)  -> (artifact id: '902ab48c4303aae403f529d922076958') in 0.004643 seconds 
========================================================================
Received Import Request.
  Time since last request: 0.000033 seconds.
  path: Packages/com.unity.collab-proxy/Editor/PlasticSCM/Assets/Images/d_iconaddedlocal.png
  artifactKey: Guid(0c6a2a64ca9f9c946a7dbbd1674cf5bd) Importer(815301076,1909f56bfc062723c751e8b465ee728b)
Start importing Packages/com.unity.collab-proxy/Editor/PlasticSCM/Assets/Images/d_iconaddedlocal.png using Guid(0c6a2a64ca9f9c946a7dbbd1674cf5bd) Importer(815301076,1909f56bfc062723c751e8b465ee728b)  -> (artifact id: 'bff2c52253101fb49d5c0f34070905d1') in 0.004138 seconds 
========================================================================
Received Import Request.
  Time since last request: 0.000060 seconds.
  path: Packages/com.unity.2d.animation/Editor/Assets/SkinningModule/Icons/Light/Edit_Joints@2x.png
  artifactKey: Guid(2fc7298673dedaa4a9f850a8ca46e299) Importer(815301076,1909f56bfc062723c751e8b465ee728b)
Start importing Packages/com.unity.2d.animation/Editor/Assets/SkinningModule/Icons/Light/Edit_Joints@2x.png using Guid(2fc7298673dedaa4a9f850a8ca46e299) Importer(815301076,1909f56bfc062723c751e8b465ee728b)  -> (artifact id: 'bba23ecb6b68c45d3e5f99175b9c45a1') in 0.004697 seconds 
========================================================================
Received Import Request.
  Time since last request: 0.000061 seconds.
  path: Packages/com.unity.collab-proxy/Editor/PlasticSCM/Assets/Images/d_step2@2x.png
  artifactKey: Guid(cdb88fdb0cf46b244a667edaff21c7df) Importer(815301076,1909f56bfc062723c751e8b465ee728b)
Start importing Packages/com.unity.collab-proxy/Editor/PlasticSCM/Assets/Images/d_step2@2x.png using Guid(cdb88fdb0cf46b244a667edaff21c7df) Importer(815301076,1909f56bfc062723c751e8b465ee728b)  -> (artifact id: 'fd6045d23f60582cb0dee8dcfed39079') in 0.004845 seconds 
========================================================================
Received Import Request.
  Time since last request: 0.000056 seconds.
  path: Packages/com.unity.2d.animation/Editor/Assets/SkinningModule/Icons/Selected/Create_Edge@4x.png
  artifactKey: Guid(3458c119c69e9bc4f9647599c2901dee) Importer(815301076,1909f56bfc062723c751e8b465ee728b)
Start importing Packages/com.unity.2d.animation/Editor/Assets/SkinningModule/Icons/Selected/Create_Edge@4x.png using Guid(3458c119c69e9bc4f9647599c2901dee) Importer(815301076,1909f56bfc062723c751e8b465ee728b)  -> (artifact id: '229f04c5e6a14a9cd1a5fe6aa24f4f45') in 0.005346 seconds 
========================================================================
Received Import Request.
  Time since last request: 0.000054 seconds.
  path: Packages/com.unity.2d.animation/Editor/Assets/SkinningModule/Icons/Selected/d_Bone@2x.png
  artifactKey: Guid(24cf210708c57674b894af3341b1738b) Importer(815301076,1909f56bfc062723c751e8b465ee728b)
Start importing Packages/com.unity.2d.animation/Editor/Assets/SkinningModule/Icons/Selected/d_Bone@2x.png using Guid(24cf210708c57674b894af3341b1738b) Importer(815301076,1909f56bfc062723c751e8b465ee728b)  -> (artifact id: '0dbe79b0ae16d0cfc2ace59d5724d5c1') in 0.005326 seconds 
========================================================================
Received Import Request.
  Time since last request: 6.057898 seconds.
  path: Packages/com.unity.2d.animation/Editor/Assets/SkinningModule/Icons/Light/Edit_Pose.png
  artifactKey: Guid(9369d4108c727134a8f5a9618cfbbf18) Importer(815301076,1909f56bfc062723c751e8b465ee728b)
Start importing Packages/com.unity.2d.animation/Editor/Assets/SkinningModule/Icons/Light/Edit_Pose.png using Guid(9369d4108c727134a8f5a9618cfbbf18) Importer(815301076,1909f56bfc062723c751e8b465ee728b)  -> (artifact id: '28bd78efffc7e0ecb743554d18ca5dad') in 0.006009 seconds 
========================================================================
Received Import Request.
  Time since last request: 0.000056 seconds.
  path: Packages/com.unity.2d.animation/Editor/Assets/SkinningModule/Icons/Light/Edit_Pose@4x.png
  artifactKey: Guid(095744d2710d19e4ab3dd9f6852cbd15) Importer(815301076,1909f56bfc062723c751e8b465ee728b)
Start importing Packages/com.unity.2d.animation/Editor/Assets/SkinningModule/Icons/Light/Edit_Pose@4x.png using Guid(095744d2710d19e4ab3dd9f6852cbd15) Importer(815301076,1909f56bfc062723c751e8b465ee728b)  -> (artifact id: '6ff7aa9327b92fc9aca1a49299b254c5') in 0.006901 seconds 
========================================================================
Received Import Request.
  Time since last request: 0.000039 seconds.
  path: Packages/com.unity.2d.animation/Editor/Assets/SkinningModule/Icons/Light/Generate_Weights.png
  artifactKey: Guid(007c4dbed3f8be9429c39de72ee3c2d7) Importer(815301076,1909f56bfc062723c751e8b465ee728b)
Start importing Packages/com.unity.2d.animation/Editor/Assets/SkinningModule/Icons/Light/Generate_Weights.png using Guid(007c4dbed3f8be9429c39de72ee3c2d7) Importer(815301076,1909f56bfc062723c751e8b465ee728b)  -> (artifact id: '2c6c9811fc2e73e5a39ad31ab43f21fd') in 0.005398 seconds 
========================================================================
Received Import Request.
  Time since last request: 0.000057 seconds.
  path: Packages/com.unity.2d.animation/Editor/Assets/SkinningModule/Icons/Light/Generate_Geometry.png
  artifactKey: Guid(cbef2434b36ff174a98995b13ef80390) Importer(815301076,1909f56bfc062723c751e8b465ee728b)
Start importing Packages/com.unity.2d.animation/Editor/Assets/SkinningModule/Icons/Light/Generate_Geometry.png using Guid(cbef2434b36ff174a98995b13ef80390) Importer(815301076,1909f56bfc062723c751e8b465ee728b)  -> (artifact id: '3aa904b228be5406f3b6863be1357f7b') in 0.006179 seconds 
========================================================================
Received Import Request.
  Time since last request: 0.000062 seconds.
  path: Packages/com.unity.2d.animation/Editor/Assets/SkinningModule/Icons/Selected/Generate_Weights.png
  artifactKey: Guid(2892d6ec6ca2a1f45adbd52fdb96fcfe) Importer(815301076,1909f56bfc062723c751e8b465ee728b)
Start importing Packages/com.unity.2d.animation/Editor/Assets/SkinningModule/Icons/Selected/Generate_Weights.png using Guid(2892d6ec6ca2a1f45adbd52fdb96fcfe) Importer(815301076,1909f56bfc062723c751e8b465ee728b)  -> (artifact id: 'e8e08516626410b3ccda48ef607e978a') in 0.006084 seconds 
========================================================================
Received Import Request.
  Time since last request: 0.000054 seconds.
  path: Packages/com.unity.2d.animation/Editor/Assets/SkinningModule/Icons/Selected/Generate_Geometry@2x.png
  artifactKey: Guid(114d4aa7bb14433489b942bb28ff6183) Importer(815301076,1909f56bfc062723c751e8b465ee728b)
Start importing Packages/com.unity.2d.animation/Editor/Assets/SkinningModule/Icons/Selected/Generate_Geometry@2x.png using Guid(114d4aa7bb14433489b942bb28ff6183) Importer(815301076,1909f56bfc062723c751e8b465ee728b)  -> (artifact id: '37f7ee11c06b9cb4d4632455c3173a31') in 0.005606 seconds 
========================================================================
Received Import Request.
  Time since last request: 0.000044 seconds.
  path: Packages/com.unity.2d.animation/Editor/Assets/SkinningModule/Icons/Light/Generate_Geometry@3x.png
  artifactKey: Guid(902d611ab43afe940bd891d4a3a480f3) Importer(815301076,1909f56bfc062723c751e8b465ee728b)
Start importing Packages/com.unity.2d.animation/Editor/Assets/SkinningModule/Icons/Light/Generate_Geometry@3x.png using Guid(902d611ab43afe940bd891d4a3a480f3) Importer(815301076,1909f56bfc062723c751e8b465ee728b)  -> (artifact id: '11ff54ffb6464f98e743ce4b8cf0cecf') in 0.005779 seconds 
========================================================================
Received Import Request.
  Time since last request: 0.000052 seconds.
  path: Packages/com.unity.2d.animation/Editor/Assets/SkinningModule/Icons/Selected/Generate_Geometry@4x.png
  artifactKey: Guid(7b0bba6a9b6960a4fb500a75d4a4caa0) Importer(815301076,1909f56bfc062723c751e8b465ee728b)
Start importing Packages/com.unity.2d.animation/Editor/Assets/SkinningModule/Icons/Selected/Generate_Geometry@4x.png using Guid(7b0bba6a9b6960a4fb500a75d4a4caa0) Importer(815301076,1909f56bfc062723c751e8b465ee728b)  -> (artifact id: '0cb9278df57fc8bb8074e564d4e9d15b') in 0.005955 seconds 
========================================================================
Received Import Request.
  Time since last request: 0.000050 seconds.
  path: Packages/com.unity.2d.animation/Editor/Assets/SkinningModule/Icons/Light/Generate_Geometry@2x.png
  artifactKey: Guid(ae5924760c9fbf54d89df9f13435887e) Importer(815301076,1909f56bfc062723c751e8b465ee728b)
Start importing Packages/com.unity.2d.animation/Editor/Assets/SkinningModule/Icons/Light/Generate_Geometry@2x.png using Guid(ae5924760c9fbf54d89df9f13435887e) Importer(815301076,1909f56bfc062723c751e8b465ee728b)  -> (artifact id: '95cdc5697e686f82b3d03e418a234644') in 0.005051 seconds 
========================================================================
Received Import Request.
  Time since last request: 0.000052 seconds.
  path: Packages/com.unity.2d.animation/Editor/Assets/SkinningModule/Icons/Light/Generate_Weights@2x.png
  artifactKey: Guid(ef3672bed7321e34da872e8c2e205209) Importer(815301076,1909f56bfc062723c751e8b465ee728b)
Start importing Packages/com.unity.2d.animation/Editor/Assets/SkinningModule/Icons/Light/Generate_Weights@2x.png using Guid(ef3672bed7321e34da872e8c2e205209) Importer(815301076,1909f56bfc062723c751e8b465ee728b)  -> (artifact id: '8ebb3cfe5d6d54f6e9cf2999a9296178') in 0.004729 seconds 
========================================================================
Received Import Request.
  Time since last request: 0.000041 seconds.
  path: Packages/com.unity.collab-proxy/Editor/PlasticSCM/Assets/Images/iconcheckedoutlocaloverlay@2x.png
  artifactKey: Guid(3999034958d54364da380a8839a11050) Importer(815301076,1909f56bfc062723c751e8b465ee728b)
Start importing Packages/com.unity.collab-proxy/Editor/PlasticSCM/Assets/Images/iconcheckedoutlocaloverlay@2x.png using Guid(3999034958d54364da380a8839a11050) Importer(815301076,1909f56bfc062723c751e8b465ee728b)  -> (artifact id: 'a616682841bb0ce401162d2553106eb2') in 0.005118 seconds 
========================================================================
Received Import Request.
  Time since last request: 0.000066 seconds.
  path: Packages/com.unity.collab-proxy/Editor/PlasticSCM/Assets/Images/iconmergelink.png
  artifactKey: Guid(120bf54dff785a0429b068b814e9c12a) Importer(815301076,1909f56bfc062723c751e8b465ee728b)
Start importing Packages/com.unity.collab-proxy/Editor/PlasticSCM/Assets/Images/iconmergelink.png using Guid(120bf54dff785a0429b068b814e9c12a) Importer(815301076,1909f56bfc062723c751e8b465ee728b)  -> (artifact id: '9d1cf577cd86ac303ee57d76625cc498') in 0.005138 seconds 
========================================================================
Received Import Request.
  Time since last request: 0.000046 seconds.
  path: Packages/com.unity.collab-proxy/Editor/PlasticSCM/Assets/Images/icondeletedremoteoverlay@2x.png
  artifactKey: Guid(d5c3277b1dbad9448b46c2ec87a2cef8) Importer(815301076,1909f56bfc062723c751e8b465ee728b)
Start importing Packages/com.unity.collab-proxy/Editor/PlasticSCM/Assets/Images/icondeletedremoteoverlay@2x.png using Guid(d5c3277b1dbad9448b46c2ec87a2cef8) Importer(815301076,1909f56bfc062723c751e8b465ee728b)  -> (artifact id: '1f2c7503fff9640e1b07e6400b301776') in 0.005600 seconds 
========================================================================
Received Import Request.
  Time since last request: 0.000056 seconds.
  path: Packages/com.unity.collab-proxy/Editor/PlasticSCM/Assets/Images/iconoutofsyncoverlay@2x.png
  artifactKey: Guid(3728580c149181a44b359e89f6edacae) Importer(815301076,1909f56bfc062723c751e8b465ee728b)
Start importing Packages/com.unity.collab-proxy/Editor/PlasticSCM/Assets/Images/iconoutofsyncoverlay@2x.png using Guid(3728580c149181a44b359e89f6edacae) Importer(815301076,1909f56bfc062723c751e8b465ee728b)  -> (artifact id: '6513bafc360536f3fb096037dffb090a') in 0.004784 seconds 
========================================================================
Received Import Request.
  Time since last request: 0.000053 seconds.
  path: Packages/com.unity.collab-proxy/Editor/PlasticSCM/Assets/Images/iconbranch.png
  artifactKey: Guid(a6219d44b6fc910449f7c3fee45db5c5) Importer(815301076,1909f56bfc062723c751e8b465ee728b)
Start importing Packages/com.unity.collab-proxy/Editor/PlasticSCM/Assets/Images/iconbranch.png using Guid(a6219d44b6fc910449f7c3fee45db5c5) Importer(815301076,1909f56bfc062723c751e8b465ee728b)  -> (artifact id: 'be677fcffab82c0eb76f1321d79266ff') in 0.004487 seconds 
========================================================================
Received Import Request.
  Time since last request: 0.000039 seconds.
  path: Packages/com.unity.collab-proxy/Editor/PlasticSCM/Assets/Images/icondeletedremote@2x.png
  artifactKey: Guid(70e3ce8ad01f39248a3ea97a35bcf238) Importer(815301076,1909f56bfc062723c751e8b465ee728b)
Start importing Packages/com.unity.collab-proxy/Editor/PlasticSCM/Assets/Images/icondeletedremote@2x.png using Guid(70e3ce8ad01f39248a3ea97a35bcf238) Importer(815301076,1909f56bfc062723c751e8b465ee728b)  -> (artifact id: '4a82edaf3aa54e858eb2a28d789af763') in 0.004944 seconds 
========================================================================
Received Import Request.
  Time since last request: 0.000052 seconds.
  path: Packages/com.unity.collab-proxy/Editor/PlasticSCM/Assets/Images/iconemptygravatar@2x.png
  artifactKey: Guid(da545229eea36164d8b8cba2f75a1143) Importer(815301076,1909f56bfc062723c751e8b465ee728b)
Start importing Packages/com.unity.collab-proxy/Editor/PlasticSCM/Assets/Images/iconemptygravatar@2x.png using Guid(da545229eea36164d8b8cba2f75a1143) Importer(815301076,1909f56bfc062723c751e8b465ee728b)  -> (artifact id: '12ac4ba298ea2a0e60b213af34b4786a') in 0.006553 seconds 
========================================================================
Received Import Request.
  Time since last request: 0.000045 seconds.
  path: Packages/com.unity.collab-proxy/Editor/PlasticSCM/Assets/Images/iconoutofsync.png
  artifactKey: Guid(636d03a8834e3ed4cac3a1cb4b82deaf) Importer(815301076,1909f56bfc062723c751e8b465ee728b)
Start importing Packages/com.unity.collab-proxy/Editor/PlasticSCM/Assets/Images/iconoutofsync.png using Guid(636d03a8834e3ed4cac3a1cb4b82deaf) Importer(815301076,1909f56bfc062723c751e8b465ee728b)  -> (artifact id: 'f3b62679937a21bc43ff5c1c80a0b08c') in 0.005264 seconds 
========================================================================
Received Import Request.
  Time since last request: 0.000043 seconds.
  path: Packages/com.unity.collab-proxy/Editor/PlasticSCM/Assets/Images/iconclosebutton.png
  artifactKey: Guid(13527793884104b46b7446fd7464c3ed) Importer(815301076,1909f56bfc062723c751e8b465ee728b)
Start importing Packages/com.unity.collab-proxy/Editor/PlasticSCM/Assets/Images/iconclosebutton.png using Guid(13527793884104b46b7446fd7464c3ed) Importer(815301076,1909f56bfc062723c751e8b465ee728b)  -> (artifact id: 'f5a8b0937c557c7ee9c368d44e42bebc') in 0.005191 seconds 
========================================================================
Received Import Request.
  Time since last request: 0.000059 seconds.
  path: Packages/com.unity.collab-proxy/Editor/PlasticSCM/Assets/Images/iconconflicted.png
  artifactKey: Guid(d1c88f142eee55b4eb2b2cfd7b3624ce) Importer(815301076,1909f56bfc062723c751e8b465ee728b)
Start importing Packages/com.unity.collab-proxy/Editor/PlasticSCM/Assets/Images/iconconflicted.png using Guid(d1c88f142eee55b4eb2b2cfd7b3624ce) Importer(815301076,1909f56bfc062723c751e8b465ee728b)  -> (artifact id: '365bdc9e4c5d06954bfddf5f456b1b39') in 0.005023 seconds 
========================================================================
Received Import Request.
  Time since last request: 0.000049 seconds.
  path: Packages/com.unity.2d.animation/Editor/Assets/SkinningModule/Icons/Light/Generate_Geometry@4x.png
  artifactKey: Guid(a4c77cea19fd0f84581d6e437a86290c) Importer(815301076,1909f56bfc062723c751e8b465ee728b)
Start importing Packages/com.unity.2d.animation/Editor/Assets/SkinningModule/Icons/Light/Generate_Geometry@4x.png using Guid(a4c77cea19fd0f84581d6e437a86290c) Importer(815301076,1909f56bfc062723c751e8b465ee728b)  -> (artifact id: '2b9a6bb9eff54e43bb36d7bfb1a90ef7') in 0.006295 seconds 
========================================================================
Received Import Request.
  Time since last request: 0.000042 seconds.
  path: Packages/com.unity.2d.animation/Editor/Assets/SkinningModule/Icons/Selected/Edit_Pose@4x.png
  artifactKey: Guid(eb81c5f176e01b746be35f0aa3603593) Importer(815301076,1909f56bfc062723c751e8b465ee728b)
Start importing Packages/com.unity.2d.animation/Editor/Assets/SkinningModule/Icons/Selected/Edit_Pose@4x.png using Guid(eb81c5f176e01b746be35f0aa3603593) Importer(815301076,1909f56bfc062723c751e8b465ee728b)  -> (artifact id: 'f42cd107f23d3258c33d7b4683b9ccbd') in 0.005258 seconds 
========================================================================
Received Import Request.
  Time since last request: 0.000055 seconds.
  path: Packages/com.unity.collab-proxy/Editor/PlasticSCM/Assets/Images/iconlockedremoteoverlay@2x.png
  artifactKey: Guid(f73a7d8758d7be04588b15637d94b5a8) Importer(815301076,1909f56bfc062723c751e8b465ee728b)
Start importing Packages/com.unity.collab-proxy/Editor/PlasticSCM/Assets/Images/iconlockedremoteoverlay@2x.png using Guid(f73a7d8758d7be04588b15637d94b5a8) Importer(815301076,1909f56bfc062723c751e8b465ee728b)  -> (artifact id: 'de0b436f3f5820c482b3439b0bd5cfd9') in 0.005921 seconds 
========================================================================
Received Import Request.
  Time since last request: 0.000057 seconds.
  path: Packages/com.unity.2d.animation/Editor/Assets/SkinningModule/Icons/Selected/Generate_Weights@2x.png
  artifactKey: Guid(ba75d79a1a0723e488112808560789b7) Importer(815301076,1909f56bfc062723c751e8b465ee728b)
Start importing Packages/com.unity.2d.animation/Editor/Assets/SkinningModule/Icons/Selected/Generate_Weights@2x.png using Guid(ba75d79a1a0723e488112808560789b7) Importer(815301076,1909f56bfc062723c751e8b465ee728b)  -> (artifact id: '65fad292380dc8b4970f8e4eb4e2acdf') in 0.005890 seconds 
========================================================================
Received Import Request.
  Time since last request: 0.000050 seconds.
  path: Packages/com.unity.2d.animation/Editor/Assets/SkinningModule/Icons/Light/Edit_Pose@3x.png
  artifactKey: Guid(32854586e42553846b24646ce18cf625) Importer(815301076,1909f56bfc062723c751e8b465ee728b)
Start importing Packages/com.unity.2d.animation/Editor/Assets/SkinningModule/Icons/Light/Edit_Pose@3x.png using Guid(32854586e42553846b24646ce18cf625) Importer(815301076,1909f56bfc062723c751e8b465ee728b)  -> (artifact id: '394cd6629a6ff48808e7fcd076faa16c') in 0.004763 seconds 
========================================================================
Received Import Request.
  Time since last request: 4.028853 seconds.
  path: Packages/com.unity.collab-proxy/Editor/PlasticSCM/Assets/Images/iconplasticnotifyconflict.png
  artifactKey: Guid(a916ed6819efd014588f58e3cfc48196) Importer(815301076,1909f56bfc062723c751e8b465ee728b)
Start importing Packages/com.unity.collab-proxy/Editor/PlasticSCM/Assets/Images/iconplasticnotifyconflict.png using Guid(a916ed6819efd014588f58e3cfc48196) Importer(815301076,1909f56bfc062723c751e8b465ee728b)  -> (artifact id: 'dfe9c7200e8e2bf76687bb86e42e1478') in 0.006197 seconds 
========================================================================
Received Import Request.
  Time since last request: 0.000048 seconds.
  path: Packages/com.unity.collab-proxy/Editor/PlasticSCM/Assets/Images/iconrepository.png
  artifactKey: Guid(ed64f3a17f2ede646be21ed6edc9161a) Importer(815301076,1909f56bfc062723c751e8b465ee728b)
Start importing Packages/com.unity.collab-proxy/Editor/PlasticSCM/Assets/Images/iconrepository.png using Guid(ed64f3a17f2ede646be21ed6edc9161a) Importer(815301076,1909f56bfc062723c751e8b465ee728b)  -> (artifact id: 'f9f731400ad211018d6fd080df807d69') in 0.005297 seconds 
========================================================================
Received Import Request.
  Time since last request: 0.000063 seconds.
  path: Packages/com.unity.2d.psdimporter/Editor/Assets/Icons/Light/Layers Collapsed@4x.png
  artifactKey: Guid(5dbd5be3ef1574c7e97b880d54c1fa76) Importer(815301076,1909f56bfc062723c751e8b465ee728b)
Start importing Packages/com.unity.2d.psdimporter/Editor/Assets/Icons/Light/Layers Collapsed@4x.png using Guid(5dbd5be3ef1574c7e97b880d54c1fa76) Importer(815301076,1909f56bfc062723c751e8b465ee728b)  -> (artifact id: 'cc132e1fc51ef2df1ba11be514d7db53') in 0.005489 seconds 
========================================================================
Received Import Request.
  Time since last request: 0.000046 seconds.
  path: Packages/com.unity.2d.psdimporter/Editor/Assets/Icons/Dark/Layers Collapsed@2x.png
  artifactKey: Guid(360cfd7debcd44adfbb69d1911de502d) Importer(815301076,1909f56bfc062723c751e8b465ee728b)
Start importing Packages/com.unity.2d.psdimporter/Editor/Assets/Icons/Dark/Layers Collapsed@2x.png using Guid(360cfd7debcd44adfbb69d1911de502d) Importer(815301076,1909f56bfc062723c751e8b465ee728b)  -> (artifact id: '19d0c85402782c01b14faf319d44b030') in 0.004818 seconds 
========================================================================
Received Import Request.
  Time since last request: 0.000046 seconds.
  path: Packages/com.unity.collab-proxy/Editor/PlasticSCM/Assets/Images/iconplasticviewnotify@2x.png
  artifactKey: Guid(0a4da12ff51bd83498216f698c7f20fa) Importer(815301076,1909f56bfc062723c751e8b465ee728b)
Start importing Packages/com.unity.collab-proxy/Editor/PlasticSCM/Assets/Images/iconplasticviewnotify@2x.png using Guid(0a4da12ff51bd83498216f698c7f20fa) Importer(815301076,1909f56bfc062723c751e8b465ee728b)  -> (artifact id: '731e5d204adb8d98d9cf4149dcd014a4') in 0.004866 seconds 
========================================================================
Received Import Request.
  Time since last request: 0.000051 seconds.
  path: Packages/com.unity.collab-proxy/Editor/PlasticSCM/Assets/Images/ignoredoverlay@2x.png
  artifactKey: Guid(999d04c0ea94ccc41b3d80788160695b) Importer(815301076,1909f56bfc062723c751e8b465ee728b)
Start importing Packages/com.unity.collab-proxy/Editor/PlasticSCM/Assets/Images/ignoredoverlay@2x.png using Guid(999d04c0ea94ccc41b3d80788160695b) Importer(815301076,1909f56bfc062723c751e8b465ee728b)  -> (artifact id: '9a9b2bcd235c3b6ded213db4730ba184') in 0.006556 seconds 
========================================================================
Received Import Request.
  Time since last request: 0.000058 seconds.
  path: Packages/com.unity.collab-proxy/Editor/PlasticSCM/Assets/Images/iconundo@2x.png
  artifactKey: Guid(0dfbb2b6ddcdd254da80e3418498b3a6) Importer(815301076,1909f56bfc062723c751e8b465ee728b)
Start importing Packages/com.unity.collab-proxy/Editor/PlasticSCM/Assets/Images/iconundo@2x.png using Guid(0dfbb2b6ddcdd254da80e3418498b3a6) Importer(815301076,1909f56bfc062723c751e8b465ee728b)  -> (artifact id: 'bdf8bf6bf17d0b1676c02eef738d1762') in 0.005591 seconds 
========================================================================
Received Import Request.
  Time since last request: 0.000043 seconds.
  path: Packages/com.unity.collab-proxy/Editor/PlasticSCM/Assets/Images/iconplasticview.png
  artifactKey: Guid(dcb2ee37925b97e438ae244996d81a55) Importer(815301076,1909f56bfc062723c751e8b465ee728b)
Start importing Packages/com.unity.collab-proxy/Editor/PlasticSCM/Assets/Images/iconplasticview.png using Guid(dcb2ee37925b97e438ae244996d81a55) Importer(815301076,1909f56bfc062723c751e8b465ee728b)  -> (artifact id: '82f95819ea806491e12ece30c60de81b') in 0.005382 seconds 
========================================================================
Received Import Request.
  Time since last request: 0.000047 seconds.
  path: Packages/com.unity.collab-proxy/Editor/PlasticSCM/Assets/Images/iconplasticnotifyincoming.png
  artifactKey: Guid(1e6c9635b80f973488d8335a081c905f) Importer(815301076,1909f56bfc062723c751e8b465ee728b)
Start importing Packages/com.unity.collab-proxy/Editor/PlasticSCM/Assets/Images/iconplasticnotifyincoming.png using Guid(1e6c9635b80f973488d8335a081c905f) Importer(815301076,1909f56bfc062723c751e8b465ee728b)  -> (artifact id: 'b6d5d272e61d3d430a6f8d9c02abc7ab') in 0.005067 seconds 
========================================================================
Received Import Request.
  Time since last request: 0.000049 seconds.
  path: Packages/com.unity.collab-proxy/Editor/PlasticSCM/Assets/Images/ignored.png
  artifactKey: Guid(595bc97bc8e1e0b46bd4c2148ba3723a) Importer(815301076,1909f56bfc062723c751e8b465ee728b)
Start importing Packages/com.unity.collab-proxy/Editor/PlasticSCM/Assets/Images/ignored.png using Guid(595bc97bc8e1e0b46bd4c2148ba3723a) Importer(815301076,1909f56bfc062723c751e8b465ee728b)  -> (artifact id: 'd293cecf0d001e5eefda2d9720f28f8e') in 0.005446 seconds 
========================================================================
Received Import Request.
  Time since last request: 0.000049 seconds.
  path: Packages/com.unity.2d.psdimporter/Editor/Assets/Icons/Dark/Layers Collapsed@1x.png
  artifactKey: Guid(dd04679f252ec40a8b931fbb52bd3f8b) Importer(815301076,1909f56bfc062723c751e8b465ee728b)
Start importing Packages/com.unity.2d.psdimporter/Editor/Assets/Icons/Dark/Layers Collapsed@1x.png using Guid(dd04679f252ec40a8b931fbb52bd3f8b) Importer(815301076,1909f56bfc062723c751e8b465ee728b)  -> (artifact id: '503c38de4fe3efe597bd3df25b6cbd88') in 0.005328 seconds 
========================================================================
Received Import Request.
  Time since last request: 0.000053 seconds.
  path: Packages/com.unity.collab-proxy/Editor/PlasticSCM/Assets/Images/iconundo.png
  artifactKey: Guid(98773313eabe35543bfdbf542ccea271) Importer(815301076,1909f56bfc062723c751e8b465ee728b)
Start importing Packages/com.unity.collab-proxy/Editor/PlasticSCM/Assets/Images/iconundo.png using Guid(98773313eabe35543bfdbf542ccea271) Importer(815301076,1909f56bfc062723c751e8b465ee728b)  -> (artifact id: '01680e0d8695336cd61c99a990997253') in 0.004688 seconds 
========================================================================
Received Import Request.
  Time since last request: 0.000047 seconds.
  path: Packages/com.unity.2d.psdimporter/Editor/Assets/Icons/Dark/Layers Collapsed@4x.png
  artifactKey: Guid(ea5547bcdee4e4a8cb4705499aabe76d) Importer(815301076,1909f56bfc062723c751e8b465ee728b)
Start importing Packages/com.unity.2d.psdimporter/Editor/Assets/Icons/Dark/Layers Collapsed@4x.png using Guid(ea5547bcdee4e4a8cb4705499aabe76d) Importer(815301076,1909f56bfc062723c751e8b465ee728b)  -> (artifact id: '2fcc262bda3b9c1ac3a7d4cd52dcf6c7') in 0.005499 seconds 
========================================================================
Received Import Request.
  Time since last request: 0.000053 seconds.
  path: Packages/com.unity.collab-proxy/Editor/PlasticSCM/Assets/Images/iconpressedclosebutton.png
  artifactKey: Guid(94fe868620119564f9474f40cd6145aa) Importer(815301076,1909f56bfc062723c751e8b465ee728b)
Start importing Packages/com.unity.collab-proxy/Editor/PlasticSCM/Assets/Images/iconpressedclosebutton.png using Guid(94fe868620119564f9474f40cd6145aa) Importer(815301076,1909f56bfc062723c751e8b465ee728b)  -> (artifact id: 'e53e1c743457de61b8cc959ad2257c93') in 0.004672 seconds 
========================================================================
Received Import Request.
  Time since last request: 0.000051 seconds.
  path: Packages/com.unity.collab-proxy/Editor/PlasticSCM/Assets/Images/iconplasticviewnotify.png
  artifactKey: Guid(fcbb76d583fe7ee4e80e7e47c0593c4a) Importer(815301076,1909f56bfc062723c751e8b465ee728b)
Start importing Packages/com.unity.collab-proxy/Editor/PlasticSCM/Assets/Images/iconplasticviewnotify.png using Guid(fcbb76d583fe7ee4e80e7e47c0593c4a) Importer(815301076,1909f56bfc062723c751e8b465ee728b)  -> (artifact id: '8da4e4da737c40c8a5b93a5938172865') in 0.005515 seconds 
========================================================================
Received Import Request.
  Time since last request: 0.000054 seconds.
  path: Packages/com.unity.2d.psdimporter/Editor/Assets/Icons/Dark/Layers Separated@1x.png
  artifactKey: Guid(9c68e002c59804ee7973df039508cc37) Importer(815301076,1909f56bfc062723c751e8b465ee728b)
Start importing Packages/com.unity.2d.psdimporter/Editor/Assets/Icons/Dark/Layers Separated@1x.png using Guid(9c68e002c59804ee7973df039508cc37) Importer(815301076,1909f56bfc062723c751e8b465ee728b)  -> (artifact id: '2f48b3e56712cfe7d2b521a0e7e889c1') in 0.005657 seconds 
========================================================================
Received Import Request.
  Time since last request: 0.000049 seconds.
  path: Packages/com.unity.2d.psdimporter/Editor/Assets/Icons/Selected/Layers Mixed@16x.png
  artifactKey: Guid(9f3e8a7a640b640feac66da51cc078c5) Importer(815301076,1909f56bfc062723c751e8b465ee728b)
Start importing Packages/com.unity.2d.psdimporter/Editor/Assets/Icons/Selected/Layers Mixed@16x.png using Guid(9f3e8a7a640b640feac66da51cc078c5) Importer(815301076,1909f56bfc062723c751e8b465ee728b)  -> (artifact id: '438c1c5cbc679fcbd9e98ef4c41b9704') in 0.010116 seconds 
========================================================================
Received Import Request.
  Time since last request: 0.000053 seconds.
  path: Packages/com.unity.2d.psdimporter/Editor/Assets/Icons/Light/Layers Collapsed@16x.png
  artifactKey: Guid(cf195ec1f698d488fb3fdeebc2b3ad33) Importer(815301076,1909f56bfc062723c751e8b465ee728b)
Start importing Packages/com.unity.2d.psdimporter/Editor/Assets/Icons/Light/Layers Collapsed@16x.png using Guid(cf195ec1f698d488fb3fdeebc2b3ad33) Importer(815301076,1909f56bfc062723c751e8b465ee728b)  -> (artifact id: '06974f033df2521122d7bbadf1b9bacc') in 0.008492 seconds 
========================================================================
Received Import Request.
  Time since last request: 0.000041 seconds.
  path: Packages/com.unity.2d.psdimporter/Editor/Assets/Icons/Selected/Layers Mixed@4x.png
  artifactKey: Guid(32ae70dfad34e4a56a3f40eaf723f739) Importer(815301076,1909f56bfc062723c751e8b465ee728b)
Start importing Packages/com.unity.2d.psdimporter/Editor/Assets/Icons/Selected/Layers Mixed@4x.png using Guid(32ae70dfad34e4a56a3f40eaf723f739) Importer(815301076,1909f56bfc062723c751e8b465ee728b)  -> (artifact id: 'ec8219fc95d160d6cce1098fbc059050') in 0.005333 seconds 
========================================================================
Received Import Request.
  Time since last request: 0.000045 seconds.
  path: Packages/com.unity.2d.psdimporter/Editor/Assets/Icons/Light/Layers Mixed@16x.png
  artifactKey: Guid(8146dbbd8d7184f43bb0049a7ce3ade8) Importer(815301076,1909f56bfc062723c751e8b465ee728b)
Start importing Packages/com.unity.2d.psdimporter/Editor/Assets/Icons/Light/Layers Mixed@16x.png using Guid(8146dbbd8d7184f43bb0049a7ce3ade8) Importer(815301076,1909f56bfc062723c751e8b465ee728b)  -> (artifact id: '66d72e3c996dd3b06515c54afc57b9cf') in 0.008400 seconds 
========================================================================
Received Import Request.
  Time since last request: 0.000063 seconds.
  path: Packages/com.unity.2d.psdimporter/Editor/Assets/Icons/Dark/Layers Collapsed@8x.png
  artifactKey: Guid(8649c1c76eb014a4d9e24547717f1619) Importer(815301076,1909f56bfc062723c751e8b465ee728b)
Start importing Packages/com.unity.2d.psdimporter/Editor/Assets/Icons/Dark/Layers Collapsed@8x.png using Guid(8649c1c76eb014a4d9e24547717f1619) Importer(815301076,1909f56bfc062723c751e8b465ee728b)  -> (artifact id: 'dc57284cbd2ec3c42048223500331876') in 0.006952 seconds 
========================================================================
Received Import Request.
  Time since last request: 0.000048 seconds.
  path: Packages/com.unity.2d.psdimporter/Editor/Assets/Icons/Dark/Layers Mixed@2x.png
  artifactKey: Guid(f12ec30f9a76d4738bacb26b0c22165d) Importer(815301076,1909f56bfc062723c751e8b465ee728b)
Start importing Packages/com.unity.2d.psdimporter/Editor/Assets/Icons/Dark/Layers Mixed@2x.png using Guid(f12ec30f9a76d4738bacb26b0c22165d) Importer(815301076,1909f56bfc062723c751e8b465ee728b)  -> (artifact id: '0d56c2bf866d17863e50300a197c9b78') in 0.004345 seconds 
========================================================================
Received Import Request.
  Time since last request: 0.000068 seconds.
  path: Packages/com.unity.2d.psdimporter/Editor/Assets/Icons/Selected/Layers Mixed@2x.png
  artifactKey: Guid(d7b52ee143e0c4bf09d482ec22428db2) Importer(815301076,1909f56bfc062723c751e8b465ee728b)
Start importing Packages/com.unity.2d.psdimporter/Editor/Assets/Icons/Selected/Layers Mixed@2x.png using Guid(d7b52ee143e0c4bf09d482ec22428db2) Importer(815301076,1909f56bfc062723c751e8b465ee728b)  -> (artifact id: 'bc9fb89e05b4d4dc2a122fffe8315fa0') in 0.004992 seconds 
========================================================================
Received Import Request.
  Time since last request: 0.000037 seconds.
  path: Packages/com.unity.collab-proxy/Editor/PlasticSCM/Assets/Images/ok.png
  artifactKey: Guid(3238dca1e9ea9fb4aa64b28298ba6dbd) Importer(815301076,1909f56bfc062723c751e8b465ee728b)
Start importing Packages/com.unity.collab-proxy/Editor/PlasticSCM/Assets/Images/ok.png using Guid(3238dca1e9ea9fb4aa64b28298ba6dbd) Importer(815301076,1909f56bfc062723c751e8b465ee728b)  -> (artifact id: '55c6c4badad9da2b05e15791a328d69c') in 0.004694 seconds 
========================================================================
Received Import Request.
  Time since last request: 0.000044 seconds.
  path: Packages/com.unity.2d.psdimporter/Editor/Assets/Icons/Selected/Layers Separated@16x.png
  artifactKey: Guid(5e2b00fc2e687454b8c7dcf6cb8226d7) Importer(815301076,1909f56bfc062723c751e8b465ee728b)
Start importing Packages/com.unity.2d.psdimporter/Editor/Assets/Icons/Selected/Layers Separated@16x.png using Guid(5e2b00fc2e687454b8c7dcf6cb8226d7) Importer(815301076,1909f56bfc062723c751e8b465ee728b)  -> (artifact id: '7e451ed8c6df8c09b0da14e7cba5b315') in 0.008452 seconds 
========================================================================
Received Import Request.
  Time since last request: 0.000048 seconds.
  path: Packages/com.unity.2d.animation/Editor/Assets/SkinningModule/Icons/Selected/Parent_Bone@2x.png
  artifactKey: Guid(698621c9178225f4b8fbaffd383d579e) Importer(815301076,1909f56bfc062723c751e8b465ee728b)
Start importing Packages/com.unity.2d.animation/Editor/Assets/SkinningModule/Icons/Selected/Parent_Bone@2x.png using Guid(698621c9178225f4b8fbaffd383d579e) Importer(815301076,1909f56bfc062723c751e8b465ee728b)  -> (artifact id: '2aca04cd6be176d09b46716fa711f6cd') in 0.005135 seconds 
========================================================================
Received Import Request.
  Time since last request: 0.000052 seconds.
  path: Packages/com.unity.2d.psdimporter/Editor/Assets/Icons/Light/Layers Separated@4x.png
  artifactKey: Guid(a4a8b6ebb023f4786b192a65f264a697) Importer(815301076,1909f56bfc062723c751e8b465ee728b)
Start importing Packages/com.unity.2d.psdimporter/Editor/Assets/Icons/Light/Layers Separated@4x.png using Guid(a4a8b6ebb023f4786b192a65f264a697) Importer(815301076,1909f56bfc062723c751e8b465ee728b)  -> (artifact id: 'dfd08597162665b2fa514a15d983aa41') in 0.006158 seconds 
========================================================================
Received Import Request.
  Time since last request: 0.000066 seconds.
  path: Packages/com.unity.2d.animation/Editor/Assets/SkinningModule/Icons/Light/Parent_Bone.png
  artifactKey: Guid(2972f301b2bf3dd46989677197b9a34d) Importer(815301076,1909f56bfc062723c751e8b465ee728b)
Start importing Packages/com.unity.2d.animation/Editor/Assets/SkinningModule/Icons/Light/Parent_Bone.png using Guid(2972f301b2bf3dd46989677197b9a34d) Importer(815301076,1909f56bfc062723c751e8b465ee728b)  -> (artifact id: 'a55e8d1e4c47fac3ff26b97b0922af6a') in 0.005967 seconds 
========================================================================
Received Import Request.
  Time since last request: 0.000049 seconds.
  path: Packages/com.unity.2d.psdimporter/Editor/Assets/Icons/Light/Layers Separated@8x.png
  artifactKey: Guid(2634b0c913a9a4431a8702825a79ca31) Importer(815301076,1909f56bfc062723c751e8b465ee728b)
Start importing Packages/com.unity.2d.psdimporter/Editor/Assets/Icons/Light/Layers Separated@8x.png using Guid(2634b0c913a9a4431a8702825a79ca31) Importer(815301076,1909f56bfc062723c751e8b465ee728b)  -> (artifact id: 'b4b7ffd639bba4fb5ff3b3f007edf543') in 0.007875 seconds 
========================================================================
Received Import Request.
  Time since last request: 0.000042 seconds.
  path: Packages/com.unity.2d.animation/Editor/Assets/SkinningModule/Icons/Light/Mesh.png
  artifactKey: Guid(24f90d3fa2df5c84abbf1455cfda472e) Importer(815301076,1909f56bfc062723c751e8b465ee728b)
Start importing Packages/com.unity.2d.animation/Editor/Assets/SkinningModule/Icons/Light/Mesh.png using Guid(24f90d3fa2df5c84abbf1455cfda472e) Importer(815301076,1909f56bfc062723c751e8b465ee728b)  -> (artifact id: '02273c37e17acc039193e73d339413dc') in 0.004708 seconds 
========================================================================
Received Import Request.
  Time since last request: 0.000055 seconds.
  path: Packages/com.unity.2d.psdimporter/Editor/Assets/Icons/Dark/Layers Collapsed@16x.png
  artifactKey: Guid(725dea07ef1724145806dfddfe9dee03) Importer(815301076,1909f56bfc062723c751e8b465ee728b)
Start importing Packages/com.unity.2d.psdimporter/Editor/Assets/Icons/Dark/Layers Collapsed@16x.png using Guid(725dea07ef1724145806dfddfe9dee03) Importer(815301076,1909f56bfc062723c751e8b465ee728b)  -> (artifact id: 'fcc75bcd0d24c9381e92a4d1d2a4948d') in 0.009406 seconds 
========================================================================
Received Import Request.
  Time since last request: 0.000071 seconds.
  path: Packages/com.unity.2d.psdimporter/Editor/Assets/Icons/Selected/Layers Separated@4x.png
  artifactKey: Guid(3117700da371f4f3b932c026b648284d) Importer(815301076,1909f56bfc062723c751e8b465ee728b)
Start importing Packages/com.unity.2d.psdimporter/Editor/Assets/Icons/Selected/Layers Separated@4x.png using Guid(3117700da371f4f3b932c026b648284d) Importer(815301076,1909f56bfc062723c751e8b465ee728b)  -> (artifact id: '0296f3306ff7e6e0cb8870371c359bc5') in 0.005535 seconds 
========================================================================
Received Import Request.
  Time since last request: 0.000056 seconds.
  path: Packages/com.unity.2d.psdimporter/Editor/Assets/Icons/Dark/Layers Separated@8x.png
  artifactKey: Guid(51ef52b256a104c0ca3268e10a1b1056) Importer(815301076,1909f56bfc062723c751e8b465ee728b)
Start importing Packages/com.unity.2d.psdimporter/Editor/Assets/Icons/Dark/Layers Separated@8x.png using Guid(51ef52b256a104c0ca3268e10a1b1056) Importer(815301076,1909f56bfc062723c751e8b465ee728b)  -> (artifact id: '264751889e0f98d0d618a06171d75c3f') in 0.006736 seconds 
========================================================================
Received Import Request.
  Time since last request: 0.000060 seconds.
  path: Packages/com.unity.2d.animation/Editor/Assets/SkinningModule/Icons/Light/Mesh@4x.png
  artifactKey: Guid(953b8abb3b6548c4294b547c2f473be0) Importer(815301076,1909f56bfc062723c751e8b465ee728b)
Start importing Packages/com.unity.2d.animation/Editor/Assets/SkinningModule/Icons/Light/Mesh@4x.png using Guid(953b8abb3b6548c4294b547c2f473be0) Importer(815301076,1909f56bfc062723c751e8b465ee728b)  -> (artifact id: 'a6dd76c6b4a11f4aff8d5c8843fa9a3c') in 0.006341 seconds 
========================================================================
Received Import Request.
  Time since last request: 0.000063 seconds.
  path: Packages/com.unity.2d.psdimporter/Editor/Assets/Icons/Selected/Layers Separated@8x.png
  artifactKey: Guid(15b1d39ac42ce4674bd63f86f9a0c5df) Importer(815301076,1909f56bfc062723c751e8b465ee728b)
Start importing Packages/com.unity.2d.psdimporter/Editor/Assets/Icons/Selected/Layers Separated@8x.png using Guid(15b1d39ac42ce4674bd63f86f9a0c5df) Importer(815301076,1909f56bfc062723c751e8b465ee728b)  -> (artifact id: '37a8cc832435da297a99382331d6df71') in 0.006368 seconds 
========================================================================
Received Import Request.
  Time since last request: 0.000050 seconds.
  path: Packages/com.unity.2d.psdimporter/Editor/Assets/Icons/Selected/Layers Separated@2x.png
  artifactKey: Guid(91897a07e69db49ff88db92f445ba845) Importer(815301076,1909f56bfc062723c751e8b465ee728b)
Start importing Packages/com.unity.2d.psdimporter/Editor/Assets/Icons/Selected/Layers Separated@2x.png using Guid(91897a07e69db49ff88db92f445ba845) Importer(815301076,1909f56bfc062723c751e8b465ee728b)  -> (artifact id: 'aeb5a2f4758d61c564dc68bad610670f') in 0.005526 seconds 
========================================================================
Received Import Request.
  Time since last request: 0.000055 seconds.
  path: Packages/com.unity.2d.psdimporter/Editor/Assets/Icons/Selected/Layers Collapsed@16x.png
  artifactKey: Guid(7ffc8f310c89c47679285e29d8583529) Importer(815301076,1909f56bfc062723c751e8b465ee728b)
Start importing Packages/com.unity.2d.psdimporter/Editor/Assets/Icons/Selected/Layers Collapsed@16x.png using Guid(7ffc8f310c89c47679285e29d8583529) Importer(815301076,1909f56bfc062723c751e8b465ee728b)  -> (artifact id: '227e04585c3800e62ccda7485a586412') in 0.008249 seconds 
========================================================================
Received Import Request.
  Time since last request: 0.000049 seconds.
  path: Packages/com.unity.2d.psdimporter/Editor/Assets/Icons/Dark/Layers Mixed@8x.png
  artifactKey: Guid(1088bf24503634e7dbadf455fdcf78b6) Importer(815301076,1909f56bfc062723c751e8b465ee728b)
Start importing Packages/com.unity.2d.psdimporter/Editor/Assets/Icons/Dark/Layers Mixed@8x.png using Guid(1088bf24503634e7dbadf455fdcf78b6) Importer(815301076,1909f56bfc062723c751e8b465ee728b)  -> (artifact id: '27d10e41c1698775bd1086e011e2a5fb') in 0.007669 seconds 
========================================================================
Received Import Request.
  Time since last request: 0.000054 seconds.
  path: Packages/com.unity.2d.animation/Editor/Assets/SkinningModule/Icons/Light/Parent_Bone@3x.png
  artifactKey: Guid(a316f87205656c949a135f4c7ae8d5f2) Importer(815301076,1909f56bfc062723c751e8b465ee728b)
Start importing Packages/com.unity.2d.animation/Editor/Assets/SkinningModule/Icons/Light/Parent_Bone@3x.png using Guid(a316f87205656c949a135f4c7ae8d5f2) Importer(815301076,1909f56bfc062723c751e8b465ee728b)  -> (artifact id: '8444cde2fb9d4bd13f3b21a9467d5d06') in 0.005730 seconds 
========================================================================
Received Import Request.
  Time since last request: 0.000064 seconds.
  path: Packages/com.unity.2d.animation/Editor/Assets/SkinningModule/Icons/Selected/Paste.png
  artifactKey: Guid(50eb3d76f731b5e46a7b8a0a52d93ef9) Importer(815301076,1909f56bfc062723c751e8b465ee728b)
Start importing Packages/com.unity.2d.animation/Editor/Assets/SkinningModule/Icons/Selected/Paste.png using Guid(50eb3d76f731b5e46a7b8a0a52d93ef9) Importer(815301076,1909f56bfc062723c751e8b465ee728b)  -> (artifact id: 'afa7c32dc11a4e6572124d74be62f528') in 0.005777 seconds 
========================================================================
Received Import Request.
  Time since last request: 0.000038 seconds.
  path: Packages/com.unity.2d.animation/Editor/Assets/SkinningModule/Icons/Light/Split Bones@2x.png
  artifactKey: Guid(180eeff5b9e615349907ea53344202fa) Importer(815301076,1909f56bfc062723c751e8b465ee728b)
Start importing Packages/com.unity.2d.animation/Editor/Assets/SkinningModule/Icons/Light/Split Bones@2x.png using Guid(180eeff5b9e615349907ea53344202fa) Importer(815301076,1909f56bfc062723c751e8b465ee728b)  -> (artifact id: '0f79796dcab24e5d029c1e8bcb5ecac3') in 0.005539 seconds 
========================================================================
Received Import Request.
  Time since last request: 0.000043 seconds.
  path: Packages/com.unity.2d.animation/Editor/Assets/SkinningModule/Icons/Selected/Split Bones@4x.png
  artifactKey: Guid(518ded92e5dbf494e8f76a74d752272e) Importer(815301076,1909f56bfc062723c751e8b465ee728b)
Start importing Packages/com.unity.2d.animation/Editor/Assets/SkinningModule/Icons/Selected/Split Bones@4x.png using Guid(518ded92e5dbf494e8f76a74d752272e) Importer(815301076,1909f56bfc062723c751e8b465ee728b)  -> (artifact id: '96fcfa40ef4cef3b395dab62325f6639') in 0.006553 seconds 
========================================================================
Received Import Request.
  Time since last request: 0.000049 seconds.
  path: Packages/com.unity.2d.animation/Editor/Assets/SkinningModule/Icons/Selected/Parent_Bone@4x.png
  artifactKey: Guid(03b3f669dc5706a4592344c6385af858) Importer(815301076,1909f56bfc062723c751e8b465ee728b)
Start importing Packages/com.unity.2d.animation/Editor/Assets/SkinningModule/Icons/Selected/Parent_Bone@4x.png using Guid(03b3f669dc5706a4592344c6385af858) Importer(815301076,1909f56bfc062723c751e8b465ee728b)  -> (artifact id: '60658b3bedf658351e467ebff5b55317') in 0.007322 seconds 
========================================================================
Received Import Request.
  Time since last request: 0.000063 seconds.
  path: Packages/com.unity.2d.animation/Editor/Assets/SkinningModule/Icons/Light/Paste@4x.png
  artifactKey: Guid(f53eca637c0194e4ab6729cf60753757) Importer(815301076,1909f56bfc062723c751e8b465ee728b)
Start importing Packages/com.unity.2d.animation/Editor/Assets/SkinningModule/Icons/Light/Paste@4x.png using Guid(f53eca637c0194e4ab6729cf60753757) Importer(815301076,1909f56bfc062723c751e8b465ee728b)  -> (artifact id: 'd23124f9fc43dbe89e0f7c253ce909f3') in 0.006275 seconds 
========================================================================
Received Import Request.
  Time since last request: 0.000052 seconds.
  path: Packages/com.unity.2d.animation/Editor/Assets/SkinningModule/Icons/Light/Paste.png
  artifactKey: Guid(94cc0d3ec6363a94c8802f10ef239744) Importer(815301076,1909f56bfc062723c751e8b465ee728b)
Start importing Packages/com.unity.2d.animation/Editor/Assets/SkinningModule/Icons/Light/Paste.png using Guid(94cc0d3ec6363a94c8802f10ef239744) Importer(815301076,1909f56bfc062723c751e8b465ee728b)  -> (artifact id: '034dfccd01c12440ccdcfcae6f7f2754') in 0.005866 seconds 
========================================================================
Received Import Request.
  Time since last request: 0.000048 seconds.
  path: Packages/com.unity.2d.animation/Editor/Assets/SkinningModule/Icons/Selected/Split Bones@2x.png
  artifactKey: Guid(652f381007a2d2247a40aa63c91c2565) Importer(815301076,1909f56bfc062723c751e8b465ee728b)
Start importing Packages/com.unity.2d.animation/Editor/Assets/SkinningModule/Icons/Selected/Split Bones@2x.png using Guid(652f381007a2d2247a40aa63c91c2565) Importer(815301076,1909f56bfc062723c751e8b465ee728b)  -> (artifact id: '872fc284fc069e69f1d46cd34989e594') in 0.005186 seconds 
========================================================================
Received Import Request.
  Time since last request: 0.000037 seconds.
  path: Packages/com.unity.collab-proxy/Editor/PlasticSCM/Assets/Images/secondarytabclosehover.png
  artifactKey: Guid(8fac55fff4ce5fa40a7b2efefc0e617a) Importer(815301076,1909f56bfc062723c751e8b465ee728b)
Start importing Packages/com.unity.collab-proxy/Editor/PlasticSCM/Assets/Images/secondarytabclosehover.png using Guid(8fac55fff4ce5fa40a7b2efefc0e617a) Importer(815301076,1909f56bfc062723c751e8b465ee728b)  -> (artifact id: '85ed60f3322b9846ade9bd07c9619777') in 0.005840 seconds 
========================================================================
Received Import Request.
  Time since last request: 0.000052 seconds.
  path: Packages/com.unity.collab-proxy/Editor/PlasticSCM/Assets/Images/refresh@2x.png
  artifactKey: Guid(59571f82a0dc1a14da606dc0df6f8ea7) Importer(815301076,1909f56bfc062723c751e8b465ee728b)
Start importing Packages/com.unity.collab-proxy/Editor/PlasticSCM/Assets/Images/refresh@2x.png using Guid(59571f82a0dc1a14da606dc0df6f8ea7) Importer(815301076,1909f56bfc062723c751e8b465ee728b)  -> (artifact id: 'a52ddf9bf3227e342c55fc3b4764f5b7') in 0.005072 seconds 
========================================================================
Received Import Request.
  Time since last request: 0.000042 seconds.
  path: Packages/com.unity.2d.animation/Editor/Assets/SkinningModule/Icons/Light/Split Bones@3x.png
  artifactKey: Guid(6b35476d10ed5614a949de8f7c45b534) Importer(815301076,1909f56bfc062723c751e8b465ee728b)
Start importing Packages/com.unity.2d.animation/Editor/Assets/SkinningModule/Icons/Light/Split Bones@3x.png using Guid(6b35476d10ed5614a949de8f7c45b534) Importer(815301076,1909f56bfc062723c751e8b465ee728b)  -> (artifact id: 'a8620a658c5ca5805af794de97417e7c') in 0.005437 seconds 
========================================================================
Received Import Request.
  Time since last request: 0.000041 seconds.
  path: Packages/com.unity.collab-proxy/Editor/PlasticSCM/Assets/Images/secondarytabclose.png
  artifactKey: Guid(03cefa94d5aa9d74993fb2138af9d607) Importer(815301076,1909f56bfc062723c751e8b465ee728b)
Start importing Packages/com.unity.collab-proxy/Editor/PlasticSCM/Assets/Images/secondarytabclose.png using Guid(03cefa94d5aa9d74993fb2138af9d607) Importer(815301076,1909f56bfc062723c751e8b465ee728b)  -> (artifact id: 'f015a7776776c7d04581b6fa2d11027b') in 0.005281 seconds 
========================================================================
Received Import Request.
  Time since last request: 0.000061 seconds.
  path: Packages/com.unity.2d.path/Editor/Handles/ShapeTool.png
  artifactKey: Guid(0601759dc49769849996e4dae10a2204) Importer(815301076,1909f56bfc062723c751e8b465ee728b)
Start importing Packages/com.unity.2d.path/Editor/Handles/ShapeTool.png using Guid(0601759dc49769849996e4dae10a2204) Importer(815301076,1909f56bfc062723c751e8b465ee728b)  -> (artifact id: '79843afc76748a81e3fd413e05e92384') in 0.004959 seconds 
========================================================================
Received Import Request.
  Time since last request: 0.000040 seconds.
  path: Packages/com.unity.2d.animation/Editor/Assets/SkinningModule/Icons/Selected/Parent_Bone@3x.png
  artifactKey: Guid(6f4409ce938bf9447a36e531f7755ca7) Importer(815301076,1909f56bfc062723c751e8b465ee728b)
Start importing Packages/com.unity.2d.animation/Editor/Assets/SkinningModule/Icons/Selected/Parent_Bone@3x.png using Guid(6f4409ce938bf9447a36e531f7755ca7) Importer(815301076,1909f56bfc062723c751e8b465ee728b)  -> (artifact id: '6721724d6d016a53ced77760f960d467') in 0.005303 seconds 
========================================================================
Received Import Request.
  Time since last request: 0.000047 seconds.
  path: Packages/com.unity.2d.animation/Editor/Assets/SkinningModule/Icons/Selected/Split Bones@3x.png
  artifactKey: Guid(29f90cd6202745c448e74a1398b1c731) Importer(815301076,1909f56bfc062723c751e8b465ee728b)
Start importing Packages/com.unity.2d.animation/Editor/Assets/SkinningModule/Icons/Selected/Split Bones@3x.png using Guid(29f90cd6202745c448e74a1398b1c731) Importer(815301076,1909f56bfc062723c751e8b465ee728b)  -> (artifact id: 'a4b93c6c3aa73ac1d9dd0f786909407a') in 0.005418 seconds 
========================================================================
Received Import Request.
  Time since last request: 0.000059 seconds.
  path: Packages/com.unity.2d.animation/Editor/Assets/SkinningModule/Icons/Light/Split Bones.png
  artifactKey: Guid(59bc7a7ca0683ac439e255a533670885) Importer(815301076,1909f56bfc062723c751e8b465ee728b)
Start importing Packages/com.unity.2d.animation/Editor/Assets/SkinningModule/Icons/Light/Split Bones.png using Guid(59bc7a7ca0683ac439e255a533670885) Importer(815301076,1909f56bfc062723c751e8b465ee728b)  -> (artifact id: '95ce1f595eff8d2c9764983809d3d6eb') in 0.004833 seconds 
========================================================================
Received Import Request.
  Time since last request: 0.000052 seconds.
  path: Packages/com.unity.2d.path/Editor/Handles/ShapeToolPro.png
  artifactKey: Guid(20ac412813dce2241a95fcf2dad05436) Importer(815301076,1909f56bfc062723c751e8b465ee728b)
Start importing Packages/com.unity.2d.path/Editor/Handles/ShapeToolPro.png using Guid(20ac412813dce2241a95fcf2dad05436) Importer(815301076,1909f56bfc062723c751e8b465ee728b)  -> (artifact id: '03bbcb0dedb3dfe9b8d0d0c6ad4ad5bb') in 0.004708 seconds 
========================================================================
Received Import Request.
  Time since last request: 0.000041 seconds.
  path: Packages/com.unity.2d.animation/Editor/Assets/SkinningModule/Icons/Light/Paste@3x.png
  artifactKey: Guid(2b072f285a732f747b9be104aae155b2) Importer(815301076,1909f56bfc062723c751e8b465ee728b)
Start importing Packages/com.unity.2d.animation/Editor/Assets/SkinningModule/Icons/Light/Paste@3x.png using Guid(2b072f285a732f747b9be104aae155b2) Importer(815301076,1909f56bfc062723c751e8b465ee728b)  -> (artifact id: '614fecb1a1cab649655fb52806daa4f5') in 0.005263 seconds 
========================================================================
Received Import Request.
  Time since last request: 0.000057 seconds.
  path: Packages/com.unity.2d.animation/Editor/Assets/SkinningModule/Icons/Selected/Paste@3x.png
  artifactKey: Guid(e6fe7bda78bd09a46bb7f4a684a91927) Importer(815301076,1909f56bfc062723c751e8b465ee728b)
Start importing Packages/com.unity.2d.animation/Editor/Assets/SkinningModule/Icons/Selected/Paste@3x.png using Guid(e6fe7bda78bd09a46bb7f4a684a91927) Importer(815301076,1909f56bfc062723c751e8b465ee728b)  -> (artifact id: '4b9b8a50b1056e771b554f2521c440b1') in 0.004787 seconds 
========================================================================
Received Import Request.
  Time since last request: 0.000041 seconds.
  path: Packages/com.unity.2d.animation/Editor/Assets/SkinningModule/Icons/Light/Paste@2x.png
  artifactKey: Guid(54b8604d8a7085842917d5b83ca73854) Importer(815301076,1909f56bfc062723c751e8b465ee728b)
Start importing Packages/com.unity.2d.animation/Editor/Assets/SkinningModule/Icons/Light/Paste@2x.png using Guid(54b8604d8a7085842917d5b83ca73854) Importer(815301076,1909f56bfc062723c751e8b465ee728b)  -> (artifact id: 'a2aeed252e103ec685024acb4d43bad7') in 0.005796 seconds 
========================================================================
Received Import Request.
  Time since last request: 0.000053 seconds.
  path: Packages/com.unity.collab-proxy/Editor/PlasticSCM/Assets/Images/refresh.png
  artifactKey: Guid(6f6a4c6bd7cdc654d9d91f7de72afcb6) Importer(815301076,1909f56bfc062723c751e8b465ee728b)
Start importing Packages/com.unity.collab-proxy/Editor/PlasticSCM/Assets/Images/refresh.png using Guid(6f6a4c6bd7cdc654d9d91f7de72afcb6) Importer(815301076,1909f56bfc062723c751e8b465ee728b)  -> (artifact id: '0b856d8f759efebc9a3aa9d978f86189') in 0.004229 seconds 
========================================================================
Received Import Request.
  Time since last request: 0.000046 seconds.
  path: Packages/com.unity.2d.animation/Editor/Assets/SkinningModule/Icons/Light/Parent_Bone@4x.png
  artifactKey: Guid(d0604e80537a4ff4881a6182ae5afe7c) Importer(815301076,1909f56bfc062723c751e8b465ee728b)
Start importing Packages/com.unity.2d.animation/Editor/Assets/SkinningModule/Icons/Light/Parent_Bone@4x.png using Guid(d0604e80537a4ff4881a6182ae5afe7c) Importer(815301076,1909f56bfc062723c751e8b465ee728b)  -> (artifact id: 'c8548225e01fb117f11facadb5750d25') in 0.005679 seconds 
========================================================================
Received Import Request.
  Time since last request: 0.000054 seconds.
  path: Packages/com.unity.2d.animation/Editor/Assets/SkinningModule/Icons/Selected/Split Bones.png
  artifactKey: Guid(f723a6284838af1429bbb544ecf4015d) Importer(815301076,1909f56bfc062723c751e8b465ee728b)
Start importing Packages/com.unity.2d.animation/Editor/Assets/SkinningModule/Icons/Selected/Split Bones.png using Guid(f723a6284838af1429bbb544ecf4015d) Importer(815301076,1909f56bfc062723c751e8b465ee728b)  -> (artifact id: 'ddc8f9eeba8828fd4ad9a30540a7ff2f') in 0.004867 seconds 
========================================================================
Received Import Request.
  Time since last request: 0.000055 seconds.
  path: Packages/com.unity.2d.psdimporter/Editor/Assets/Icons/Light/Layers Separated@1x.png
  artifactKey: Guid(7d9554fa1b4bb4fe9a5b1248eaa02ad1) Importer(815301076,1909f56bfc062723c751e8b465ee728b)
Start importing Packages/com.unity.2d.psdimporter/Editor/Assets/Icons/Light/Layers Separated@1x.png using Guid(7d9554fa1b4bb4fe9a5b1248eaa02ad1) Importer(815301076,1909f56bfc062723c751e8b465ee728b)  -> (artifact id: '6d278114d85455a0e8ac771d3119402e') in 0.005559 seconds 
========================================================================
Received Import Request.
  Time since last request: 0.000065 seconds.
  path: Packages/com.unity.2d.animation/Editor/Assets/SkinningModule/Icons/Light/Mesh@2x.png
  artifactKey: Guid(242f58a86f3ee8e418809e5fc269d531) Importer(815301076,1909f56bfc062723c751e8b465ee728b)
Start importing Packages/com.unity.2d.animation/Editor/Assets/SkinningModule/Icons/Light/Mesh@2x.png using Guid(242f58a86f3ee8e418809e5fc269d531) Importer(815301076,1909f56bfc062723c751e8b465ee728b)  -> (artifact id: '9e5c970a59cad2f16bb87ac402febeaa') in 0.004961 seconds 
========================================================================
Received Import Request.
  Time since last request: 1.254829 seconds.
  path: Packages/com.unity.2d.tilemap/Editor/Icons/d_Grid.RotateACW@2x.png
  artifactKey: Guid(72124a67bbace794fa38534a24d23cee) Importer(815301076,1909f56bfc062723c751e8b465ee728b)
Start importing Packages/com.unity.2d.tilemap/Editor/Icons/d_Grid.RotateACW@2x.png using Guid(72124a67bbace794fa38534a24d23cee) Importer(815301076,1909f56bfc062723c751e8b465ee728b)  -> (artifact id: '5253ae269a47f6bcf1c07bf5df39e357') in 0.009051 seconds 
========================================================================
Received Import Request.
  Time since last request: 0.000041 seconds.
  path: Packages/com.unity.2d.sprite/Editor/ObjectMenuCreation/DefaultAssets/Textures/IsometricDiamondWithBorder.png
  artifactKey: Guid(0d267bc78a0864eb48358689b29ed20a) Importer(815301076,1909f56bfc062723c751e8b465ee728b)
Start importing Packages/com.unity.2d.sprite/Editor/ObjectMenuCreation/DefaultAssets/Textures/IsometricDiamondWithBorder.png using Guid(0d267bc78a0864eb48358689b29ed20a) Importer(815301076,1909f56bfc062723c751e8b465ee728b)  -> (artifact id: '7044629d0199d0f7c677278a39af8cab') in 0.007145 seconds 
========================================================================
Received Import Request.
  Time since last request: 0.000044 seconds.
  path: Packages/com.unity.2d.sprite/Editor/ObjectMenuCreation/DefaultAssets/Textures/IsometricDiamond.png
  artifactKey: Guid(045b15ec09bba42448d89db77fa6f20a) Importer(815301076,1909f56bfc062723c751e8b465ee728b)
Start importing Packages/com.unity.2d.sprite/Editor/ObjectMenuCreation/DefaultAssets/Textures/IsometricDiamond.png using Guid(045b15ec09bba42448d89db77fa6f20a) Importer(815301076,1909f56bfc062723c751e8b465ee728b)  -> (artifact id: '2c617c3b1fe26f83b8a0d1a499044f01') in 0.005912 seconds 
========================================================================
Received Import Request.
  Time since last request: 0.000051 seconds.
  path: Packages/com.unity.2d.sprite/Editor/ObjectMenuCreation/DefaultAssets/Textures/HexagonFlat-Top.png
  artifactKey: Guid(16037dbd798344f57a526d53d48f5ead) Importer(815301076,1909f56bfc062723c751e8b465ee728b)
Start importing Packages/com.unity.2d.sprite/Editor/ObjectMenuCreation/DefaultAssets/Textures/HexagonFlat-Top.png using Guid(16037dbd798344f57a526d53d48f5ead) Importer(815301076,1909f56bfc062723c751e8b465ee728b)  -> (artifact id: 'b185a579c56f40f0fc74827275fa94ae') in 0.008759 seconds 
========================================================================
Received Import Request.
  Time since last request: 0.000070 seconds.
  path: Packages/com.unity.2d.tilemap/Editor/Icons/Grid.RotateCW@2x.png
  artifactKey: Guid(3239e705bdc364b47a21e44901809b91) Importer(815301076,1909f56bfc062723c751e8b465ee728b)
Start importing Packages/com.unity.2d.tilemap/Editor/Icons/Grid.RotateCW@2x.png using Guid(3239e705bdc364b47a21e44901809b91) Importer(815301076,1909f56bfc062723c751e8b465ee728b)  -> (artifact id: 'd343007ba3b563da6771d61abe2b4d8d') in 0.004979 seconds 
========================================================================
Received Import Request.
  Time since last request: 0.000049 seconds.
  path: Packages/com.unity.2d.tilemap/Editor/Icons/Grid.RotateACW.png
  artifactKey: Guid(28df830b98d0a3f44b58e73d78060ab0) Importer(815301076,1909f56bfc062723c751e8b465ee728b)
Start importing Packages/com.unity.2d.tilemap/Editor/Icons/Grid.RotateACW.png using Guid(28df830b98d0a3f44b58e73d78060ab0) Importer(815301076,1909f56bfc062723c751e8b465ee728b)  -> (artifact id: 'af6e7e35a634b7dc7731fc92f191c8a2') in 0.005751 seconds 
========================================================================
Received Import Request.
  Time since last request: 0.000049 seconds.
  path: Packages/com.unity.2d.sprite/Editor/ObjectMenuCreation/DefaultAssets/Textures/v2/HexagonFlatTop.png
  artifactKey: Guid(b670ab75dde984907b8570040daa08c5) Importer(815301076,1909f56bfc062723c751e8b465ee728b)
Start importing Packages/com.unity.2d.sprite/Editor/ObjectMenuCreation/DefaultAssets/Textures/v2/HexagonFlatTop.png using Guid(b670ab75dde984907b8570040daa08c5) Importer(815301076,1909f56bfc062723c751e8b465ee728b)  -> (artifact id: '9fc7e58a477314318ede291f766337d6') in 0.008722 seconds 
========================================================================
Received Import Request.
  Time since last request: 0.000054 seconds.
  path: Packages/com.unity.2d.tilemap/Editor/Icons/Grid.RotateCW.png
  artifactKey: Guid(e25f34c849d45714e86b14d3afbb763e) Importer(815301076,1909f56bfc062723c751e8b465ee728b)
Start importing Packages/com.unity.2d.tilemap/Editor/Icons/Grid.RotateCW.png using Guid(e25f34c849d45714e86b14d3afbb763e) Importer(815301076,1909f56bfc062723c751e8b465ee728b)  -> (artifact id: 'a85aef5cb3f74fa2fb0c48581fab2d34') in 0.005123 seconds 
========================================================================
Received Import Request.
  Time since last request: 0.000040 seconds.
  path: Packages/com.unity.2d.tilemap/Editor/Icons/Grid.FlipY.png
  artifactKey: Guid(2a807ac042c28e546b9d90048ebbc33f) Importer(815301076,1909f56bfc062723c751e8b465ee728b)
Start importing Packages/com.unity.2d.tilemap/Editor/Icons/Grid.FlipY.png using Guid(2a807ac042c28e546b9d90048ebbc33f) Importer(815301076,1909f56bfc062723c751e8b465ee728b)  -> (artifact id: '5db309286f71ad19133ac1ad878bfd43') in 0.004739 seconds 
========================================================================
Received Import Request.
  Time since last request: 0.000053 seconds.
  path: Packages/com.unity.2d.tilemap/Editor/Icons/Grid.RotateACW@2x.png
  artifactKey: Guid(51b8cbcbf34a36243a954f42c5d344fc) Importer(815301076,1909f56bfc062723c751e8b465ee728b)
Start importing Packages/com.unity.2d.tilemap/Editor/Icons/Grid.RotateACW@2x.png using Guid(51b8cbcbf34a36243a954f42c5d344fc) Importer(815301076,1909f56bfc062723c751e8b465ee728b)  -> (artifact id: 'b92957d643100b65387fef7d014766db') in 0.004767 seconds 
========================================================================
Received Prepare
Registering precompiled user dll's ...
Registered in 0.002953 seconds.
Begin MonoManager ReloadAssembly
Thread 0x16c293000 may have been prematurely finalized
Symbol file LoadedFromMemory doesn't match image /Users/tyhagan/Documents/GitHub/ImageReplicatorGit/ImageReplicator/Library/PackageCache/com.unity.visualscripting@1.7.8/Editor/VisualScripting.Core/Dependencies/YamlDotNet/Unity.VisualScripting.YamlDotNet.dll
Symbol file LoadedFromMemory doesn't match image /Users/tyhagan/Documents/GitHub/ImageReplicatorGit/ImageReplicator/Library/PackageCache/com.unity.visualscripting@1.7.8/Editor/VisualScripting.Core/Dependencies/DotNetZip/Unity.VisualScripting.IonicZip.dll
Native extension for OSXStandalone target not found
Refreshing native plugins compatible for Editor in 0.46 ms, found 3 plugins.
Preloading 0 native plugins for Editor in 0.00 ms.
Mono: successfully reloaded assembly
- Completed reload, in  0.696 seconds
Domain Reload Profiling:
	ReloadAssembly (697ms)
		BeginReloadAssembly (85ms)
			ExecutionOrderSort (0ms)
			DisableScriptedObjects (4ms)
			BackupInstance (0ms)
			ReleaseScriptingObjects (0ms)
			CreateAndSetChildDomain (35ms)
		EndReloadAssembly (540ms)
			LoadAssemblies (36ms)
			RebuildTransferFunctionScriptingTraits (0ms)
			SetupTypeCache (184ms)
			ReleaseScriptCaches (1ms)
			RebuildScriptCaches (36ms)
			SetupLoadedEditorAssemblies (239ms)
				LogAssemblyErrors (0ms)
				InitializePlatformSupportModulesInManaged (6ms)
				SetLoadedEditorAssemblies (0ms)
				RefreshPlugins (0ms)
				BeforeProcessingInitializeOnLoad (53ms)
				ProcessInitializeOnLoadAttributes (153ms)
				ProcessInitializeOnLoadMethodAttributes (25ms)
				AfterProcessingInitializeOnLoad (1ms)
				EditorAssembliesLoaded (0ms)
			ExecutionOrderSort2 (0ms)
			AwakeInstancesAfterBackupRestoration (5ms)
Platform modules already initialized, skipping
Refreshing native plugins compatible for Editor in 1.20 ms, found 3 plugins.
Preloading 0 native plugins for Editor in 0.00 ms.
Unloading 4037 Unused Serialized files (Serialized files now loaded: 0)
Unloading 25 unused Assets / (22.0 KB). Loaded Objects now: 4564.
Memory consumption went from 163.7 MB to 163.7 MB.
Total: 2.954000 ms (FindLiveObjects: 0.121500 ms CreateObjectMapping: 0.062625 ms MarkObjects: 2.747250 ms  DeleteObjects: 0.018083 ms)

AssetImportParameters requested are different than current active one (requested -> active):
  custom:video-decoder-ogg-theora: a1e56fd34408186e4bbccfd4996cb3dc -> 
  custom:container-muxer-webm: aa71ff27fc2769a1b78a27578f13a17b -> 
  custom:container-demuxer-webm: 4f35f7cbe854078d1ac9338744f61a02 -> 
  custom:video-encoder-webm-vp8: eb34c28f22e8b96e1ab97ce403110664 -> 
  custom:framework-osx-AVFoundation: e770b220cccbd017edd2c1fefb359320 -> 
  custom:audio-encoder-webm-vorbis: bf7c407c2cedff20999df2af8eb42d56 -> 
  custom:container-demuxer-ogg: 62fdf1f143b41e24485cea50d1cbac27 -> 
  custom:video-decoder-webm-vp8: 9c59270c3fd7afecdb556c50c9e8de78 -> 
  custom:audio-decoder-ogg-vorbis: bf7c407c2cedff20999df2af8eb42d56 -> 
========================================================================
Received Prepare
Refreshing native plugins compatible for Editor in 2.39 ms, found 3 plugins.
Preloading 0 native plugins for Editor in 0.00 ms.
Unloading 25 Unused Serialized files (Serialized files now loaded: 0)
Unloading 25 unused Assets / (21.9 KB). Loaded Objects now: 4564.
Memory consumption went from 83.5 MB to 83.5 MB.
Total: 3.499791 ms (FindLiveObjects: 0.165125 ms CreateObjectMapping: 0.068834 ms MarkObjects: 3.238375 ms  DeleteObjects: 0.027000 ms)

AssetImportParameters requested are different than current active one (requested -> active):
  custom:video-decoder-ogg-theora: a1e56fd34408186e4bbccfd4996cb3dc -> 
  custom:container-muxer-webm: aa71ff27fc2769a1b78a27578f13a17b -> 
  custom:container-demuxer-webm: 4f35f7cbe854078d1ac9338744f61a02 -> 
  custom:video-encoder-webm-vp8: eb34c28f22e8b96e1ab97ce403110664 -> 
  custom:framework-osx-AVFoundation: e770b220cccbd017edd2c1fefb359320 -> 
  custom:audio-encoder-webm-vorbis: bf7c407c2cedff20999df2af8eb42d56 -> 
  custom:container-demuxer-ogg: 62fdf1f143b41e24485cea50d1cbac27 -> 
  custom:video-decoder-webm-vp8: 9c59270c3fd7afecdb556c50c9e8de78 -> 
  custom:audio-decoder-ogg-vorbis: bf7c407c2cedff20999df2af8eb42d56 -> 
========================================================================
Received Prepare
Refreshing native plugins compatible for Editor in 2.64 ms, found 3 plugins.
Preloading 0 native plugins for Editor in 0.00 ms.
Unloading 25 Unused Serialized files (Serialized files now loaded: 0)
Unloading 25 unused Assets / (22.0 KB). Loaded Objects now: 4564.
Memory consumption went from 83.5 MB to 83.5 MB.
Total: 3.726334 ms (FindLiveObjects: 0.142083 ms CreateObjectMapping: 0.062333 ms MarkObjects: 3.505042 ms  DeleteObjects: 0.016542 ms)

AssetImportParameters requested are different than current active one (requested -> active):
  custom:video-decoder-ogg-theora: a1e56fd34408186e4bbccfd4996cb3dc -> 
  custom:container-muxer-webm: aa71ff27fc2769a1b78a27578f13a17b -> 
  custom:container-demuxer-webm: 4f35f7cbe854078d1ac9338744f61a02 -> 
  custom:video-encoder-webm-vp8: eb34c28f22e8b96e1ab97ce403110664 -> 
  custom:framework-osx-AVFoundation: e770b220cccbd017edd2c1fefb359320 -> 
  custom:audio-encoder-webm-vorbis: bf7c407c2cedff20999df2af8eb42d56 -> 
  custom:container-demuxer-ogg: 62fdf1f143b41e24485cea50d1cbac27 -> 
  custom:video-decoder-webm-vp8: 9c59270c3fd7afecdb556c50c9e8de78 -> 
  custom:audio-decoder-ogg-vorbis: bf7c407c2cedff20999df2af8eb42d56 -> 
========================================================================
Received Prepare
Registering precompiled user dll's ...
Registered in 0.003643 seconds.
Begin MonoManager ReloadAssembly
Thread 0x16bc03000 may have been prematurely finalized
Symbol file LoadedFromMemory doesn't match image /Users/tyhagan/Documents/GitHub/ImageReplicatorGit/ImageReplicator/Library/PackageCache/com.unity.visualscripting@1.7.8/Editor/VisualScripting.Core/Dependencies/YamlDotNet/Unity.VisualScripting.YamlDotNet.dll
Symbol file LoadedFromMemory doesn't match image /Users/tyhagan/Documents/GitHub/ImageReplicatorGit/ImageReplicator/Library/PackageCache/com.unity.visualscripting@1.7.8/Editor/VisualScripting.Core/Dependencies/DotNetZip/Unity.VisualScripting.IonicZip.dll
Native extension for OSXStandalone target not found
Refreshing native plugins compatible for Editor in 0.48 ms, found 3 plugins.
Preloading 0 native plugins for Editor in 0.00 ms.
Mono: successfully reloaded assembly
- Completed reload, in  0.707 seconds
Domain Reload Profiling:
	ReloadAssembly (707ms)
		BeginReloadAssembly (86ms)
			ExecutionOrderSort (0ms)
			DisableScriptedObjects (5ms)
			BackupInstance (0ms)
			ReleaseScriptingObjects (0ms)
			CreateAndSetChildDomain (37ms)
		EndReloadAssembly (548ms)
			LoadAssemblies (36ms)
			RebuildTransferFunctionScriptingTraits (0ms)
			SetupTypeCache (189ms)
			ReleaseScriptCaches (1ms)
			RebuildScriptCaches (38ms)
			SetupLoadedEditorAssemblies (240ms)
				LogAssemblyErrors (0ms)
				InitializePlatformSupportModulesInManaged (6ms)
				SetLoadedEditorAssemblies (0ms)
				RefreshPlugins (0ms)
				BeforeProcessingInitializeOnLoad (53ms)
				ProcessInitializeOnLoadAttributes (154ms)
				ProcessInitializeOnLoadMethodAttributes (26ms)
				AfterProcessingInitializeOnLoad (1ms)
				EditorAssembliesLoaded (0ms)
			ExecutionOrderSort2 (0ms)
			AwakeInstancesAfterBackupRestoration (5ms)
Platform modules already initialized, skipping
Refreshing native plugins compatible for Editor in 1.10 ms, found 3 plugins.
Preloading 0 native plugins for Editor in 0.00 ms.
Unloading 4037 Unused Serialized files (Serialized files now loaded: 0)
Unloading 25 unused Assets / (23.0 KB). Loaded Objects now: 4567.
Memory consumption went from 163.7 MB to 163.7 MB.
Total: 3.072083 ms (FindLiveObjects: 0.143167 ms CreateObjectMapping: 0.062750 ms MarkObjects: 2.845416 ms  DeleteObjects: 0.019958 ms)

AssetImportParameters requested are different than current active one (requested -> active):
  custom:video-decoder-ogg-theora: a1e56fd34408186e4bbccfd4996cb3dc -> 
  custom:container-muxer-webm: aa71ff27fc2769a1b78a27578f13a17b -> 
  custom:container-demuxer-webm: 4f35f7cbe854078d1ac9338744f61a02 -> 
  custom:video-encoder-webm-vp8: eb34c28f22e8b96e1ab97ce403110664 -> 
  custom:framework-osx-AVFoundation: e770b220cccbd017edd2c1fefb359320 -> 
  custom:audio-encoder-webm-vorbis: bf7c407c2cedff20999df2af8eb42d56 -> 
  custom:container-demuxer-ogg: 62fdf1f143b41e24485cea50d1cbac27 -> 
  custom:video-decoder-webm-vp8: 9c59270c3fd7afecdb556c50c9e8de78 -> 
  custom:audio-decoder-ogg-vorbis: bf7c407c2cedff20999df2af8eb42d56 -> 
========================================================================
Received Prepare
Registering precompiled user dll's ...
Registered in 0.003098 seconds.
Begin MonoManager ReloadAssembly
Thread 0x16bc03000 may have been prematurely finalized
Symbol file LoadedFromMemory doesn't match image /Users/tyhagan/Documents/GitHub/ImageReplicatorGit/ImageReplicator/Library/PackageCache/com.unity.visualscripting@1.7.8/Editor/VisualScripting.Core/Dependencies/YamlDotNet/Unity.VisualScripting.YamlDotNet.dll
Symbol file LoadedFromMemory doesn't match image /Users/tyhagan/Documents/GitHub/ImageReplicatorGit/ImageReplicator/Library/PackageCache/com.unity.visualscripting@1.7.8/Editor/VisualScripting.Core/Dependencies/DotNetZip/Unity.VisualScripting.IonicZip.dll
Native extension for OSXStandalone target not found
Refreshing native plugins compatible for Editor in 0.52 ms, found 3 plugins.
Preloading 0 native plugins for Editor in 0.00 ms.
Mono: successfully reloaded assembly
- Completed reload, in  0.685 seconds
Domain Reload Profiling:
	ReloadAssembly (685ms)
		BeginReloadAssembly (81ms)
			ExecutionOrderSort (0ms)
			DisableScriptedObjects (5ms)
			BackupInstance (0ms)
			ReleaseScriptingObjects (0ms)
			CreateAndSetChildDomain (33ms)
		EndReloadAssembly (532ms)
			LoadAssemblies (35ms)
			RebuildTransferFunctionScriptingTraits (0ms)
			SetupTypeCache (180ms)
			ReleaseScriptCaches (1ms)
			RebuildScriptCaches (35ms)
			SetupLoadedEditorAssemblies (236ms)
				LogAssemblyErrors (0ms)
				InitializePlatformSupportModulesInManaged (6ms)
				SetLoadedEditorAssemblies (0ms)
				RefreshPlugins (1ms)
				BeforeProcessingInitializeOnLoad (51ms)
				ProcessInitializeOnLoadAttributes (151ms)
				ProcessInitializeOnLoadMethodAttributes (26ms)
				AfterProcessingInitializeOnLoad (1ms)
				EditorAssembliesLoaded (0ms)
			ExecutionOrderSort2 (0ms)
			AwakeInstancesAfterBackupRestoration (5ms)
Platform modules already initialized, skipping
Refreshing native plugins compatible for Editor in 1.20 ms, found 3 plugins.
Preloading 0 native plugins for Editor in 0.00 ms.
Unloading 4037 Unused Serialized files (Serialized files now loaded: 0)
Unloading 25 unused Assets / (22.0 KB). Loaded Objects now: 4570.
Memory consumption went from 163.7 MB to 163.7 MB.
Total: 2.822416 ms (FindLiveObjects: 0.121083 ms CreateObjectMapping: 0.061167 ms MarkObjects: 2.619083 ms  DeleteObjects: 0.020416 ms)

AssetImportParameters requested are different than current active one (requested -> active):
  custom:video-decoder-ogg-theora: a1e56fd34408186e4bbccfd4996cb3dc -> 
  custom:container-muxer-webm: aa71ff27fc2769a1b78a27578f13a17b -> 
  custom:container-demuxer-webm: 4f35f7cbe854078d1ac9338744f61a02 -> 
  custom:video-encoder-webm-vp8: eb34c28f22e8b96e1ab97ce403110664 -> 
  custom:framework-osx-AVFoundation: e770b220cccbd017edd2c1fefb359320 -> 
  custom:audio-encoder-webm-vorbis: bf7c407c2cedff20999df2af8eb42d56 -> 
  custom:container-demuxer-ogg: 62fdf1f143b41e24485cea50d1cbac27 -> 
  custom:video-decoder-webm-vp8: 9c59270c3fd7afecdb556c50c9e8de78 -> 
  custom:audio-decoder-ogg-vorbis: bf7c407c2cedff20999df2af8eb42d56 -> 
========================================================================
Received Prepare
Registering precompiled user dll's ...
Registered in 0.002962 seconds.
Begin MonoManager ReloadAssembly
Thread 0x16bc03000 may have been prematurely finalized
Symbol file LoadedFromMemory doesn't match image /Users/tyhagan/Documents/GitHub/ImageReplicatorGit/ImageReplicator/Library/PackageCache/com.unity.visualscripting@1.7.8/Editor/VisualScripting.Core/Dependencies/YamlDotNet/Unity.VisualScripting.YamlDotNet.dll
Symbol file LoadedFromMemory doesn't match image /Users/tyhagan/Documents/GitHub/ImageReplicatorGit/ImageReplicator/Library/PackageCache/com.unity.visualscripting@1.7.8/Editor/VisualScripting.Core/Dependencies/DotNetZip/Unity.VisualScripting.IonicZip.dll
Native extension for OSXStandalone target not found
Refreshing native plugins compatible for Editor in 0.49 ms, found 3 plugins.
Preloading 0 native plugins for Editor in 0.00 ms.
Mono: successfully reloaded assembly
- Completed reload, in  0.704 seconds
Domain Reload Profiling:
	ReloadAssembly (705ms)
		BeginReloadAssembly (85ms)
			ExecutionOrderSort (0ms)
			DisableScriptedObjects (5ms)
			BackupInstance (0ms)
			ReleaseScriptingObjects (0ms)
			CreateAndSetChildDomain (35ms)
		EndReloadAssembly (547ms)
			LoadAssemblies (36ms)
			RebuildTransferFunctionScriptingTraits (0ms)
			SetupTypeCache (187ms)
			ReleaseScriptCaches (1ms)
			RebuildScriptCaches (39ms)
			SetupLoadedEditorAssemblies (239ms)
				LogAssemblyErrors (0ms)
				InitializePlatformSupportModulesInManaged (6ms)
				SetLoadedEditorAssemblies (0ms)
				RefreshPlugins (1ms)
				BeforeProcessingInitializeOnLoad (52ms)
				ProcessInitializeOnLoadAttributes (152ms)
				ProcessInitializeOnLoadMethodAttributes (27ms)
				AfterProcessingInitializeOnLoad (1ms)
				EditorAssembliesLoaded (0ms)
			ExecutionOrderSort2 (0ms)
			AwakeInstancesAfterBackupRestoration (5ms)
Platform modules already initialized, skipping
Refreshing native plugins compatible for Editor in 1.09 ms, found 3 plugins.
Preloading 0 native plugins for Editor in 0.00 ms.
Unloading 4037 Unused Serialized files (Serialized files now loaded: 0)
Unloading 25 unused Assets / (22.0 KB). Loaded Objects now: 4573.
Memory consumption went from 163.7 MB to 163.7 MB.
Total: 2.817208 ms (FindLiveObjects: 0.117792 ms CreateObjectMapping: 0.062833 ms MarkObjects: 2.618292 ms  DeleteObjects: 0.017667 ms)

AssetImportParameters requested are different than current active one (requested -> active):
  custom:video-decoder-ogg-theora: a1e56fd34408186e4bbccfd4996cb3dc -> 
  custom:container-muxer-webm: aa71ff27fc2769a1b78a27578f13a17b -> 
  custom:container-demuxer-webm: 4f35f7cbe854078d1ac9338744f61a02 -> 
  custom:video-encoder-webm-vp8: eb34c28f22e8b96e1ab97ce403110664 -> 
  custom:framework-osx-AVFoundation: e770b220cccbd017edd2c1fefb359320 -> 
  custom:audio-encoder-webm-vorbis: bf7c407c2cedff20999df2af8eb42d56 -> 
  custom:container-demuxer-ogg: 62fdf1f143b41e24485cea50d1cbac27 -> 
  custom:video-decoder-webm-vp8: 9c59270c3fd7afecdb556c50c9e8de78 -> 
  custom:audio-decoder-ogg-vorbis: bf7c407c2cedff20999df2af8eb42d56 -> 
========================================================================
Received Prepare
Registering precompiled user dll's ...
Registered in 0.003348 seconds.
Begin MonoManager ReloadAssembly
Thread 0x16c293000 may have been prematurely finalized
Symbol file LoadedFromMemory doesn't match image /Users/tyhagan/Documents/GitHub/ImageReplicatorGit/ImageReplicator/Library/PackageCache/com.unity.visualscripting@1.7.8/Editor/VisualScripting.Core/Dependencies/YamlDotNet/Unity.VisualScripting.YamlDotNet.dll
Symbol file LoadedFromMemory doesn't match image /Users/tyhagan/Documents/GitHub/ImageReplicatorGit/ImageReplicator/Library/PackageCache/com.unity.visualscripting@1.7.8/Editor/VisualScripting.Core/Dependencies/DotNetZip/Unity.VisualScripting.IonicZip.dll
Native extension for OSXStandalone target not found
Refreshing native plugins compatible for Editor in 0.52 ms, found 3 plugins.
Preloading 0 native plugins for Editor in 0.00 ms.
Mono: successfully reloaded assembly
- Completed reload, in  0.698 seconds
Domain Reload Profiling:
	ReloadAssembly (698ms)
		BeginReloadAssembly (83ms)
			ExecutionOrderSort (0ms)
			DisableScriptedObjects (5ms)
			BackupInstance (0ms)
			ReleaseScriptingObjects (0ms)
			CreateAndSetChildDomain (35ms)
		EndReloadAssembly (543ms)
			LoadAssemblies (33ms)
			RebuildTransferFunctionScriptingTraits (0ms)
			SetupTypeCache (186ms)
			ReleaseScriptCaches (1ms)
			RebuildScriptCaches (37ms)
			SetupLoadedEditorAssemblies (241ms)
				LogAssemblyErrors (0ms)
				InitializePlatformSupportModulesInManaged (6ms)
				SetLoadedEditorAssemblies (0ms)
				RefreshPlugins (1ms)
				BeforeProcessingInitializeOnLoad (53ms)
				ProcessInitializeOnLoadAttributes (153ms)
				ProcessInitializeOnLoadMethodAttributes (27ms)
				AfterProcessingInitializeOnLoad (1ms)
				EditorAssembliesLoaded (0ms)
			ExecutionOrderSort2 (0ms)
			AwakeInstancesAfterBackupRestoration (5ms)
Platform modules already initialized, skipping
Refreshing native plugins compatible for Editor in 1.08 ms, found 3 plugins.
Preloading 0 native plugins for Editor in 0.00 ms.
Unloading 4037 Unused Serialized files (Serialized files now loaded: 0)
Unloading 25 unused Assets / (22.1 KB). Loaded Objects now: 4576.
Memory consumption went from 163.8 MB to 163.7 MB.
Total: 2.803541 ms (FindLiveObjects: 0.133166 ms CreateObjectMapping: 0.063042 ms MarkObjects: 2.588708 ms  DeleteObjects: 0.018209 ms)

AssetImportParameters requested are different than current active one (requested -> active):
  custom:video-decoder-ogg-theora: a1e56fd34408186e4bbccfd4996cb3dc -> 
  custom:container-muxer-webm: aa71ff27fc2769a1b78a27578f13a17b -> 
  custom:container-demuxer-webm: 4f35f7cbe854078d1ac9338744f61a02 -> 
  custom:video-encoder-webm-vp8: eb34c28f22e8b96e1ab97ce403110664 -> 
  custom:framework-osx-AVFoundation: e770b220cccbd017edd2c1fefb359320 -> 
  custom:audio-encoder-webm-vorbis: bf7c407c2cedff20999df2af8eb42d56 -> 
  custom:container-demuxer-ogg: 62fdf1f143b41e24485cea50d1cbac27 -> 
  custom:video-decoder-webm-vp8: 9c59270c3fd7afecdb556c50c9e8de78 -> 
  custom:audio-decoder-ogg-vorbis: bf7c407c2cedff20999df2af8eb42d56 -> 
========================================================================
Received Prepare
Registering precompiled user dll's ...
Registered in 0.002784 seconds.
Begin MonoManager ReloadAssembly
Thread 0x16c293000 may have been prematurely finalized
Symbol file LoadedFromMemory doesn't match image /Users/tyhagan/Documents/GitHub/ImageReplicatorGit/ImageReplicator/Library/PackageCache/com.unity.visualscripting@1.7.8/Editor/VisualScripting.Core/Dependencies/YamlDotNet/Unity.VisualScripting.YamlDotNet.dll
Symbol file LoadedFromMemory doesn't match image /Users/tyhagan/Documents/GitHub/ImageReplicatorGit/ImageReplicator/Library/PackageCache/com.unity.visualscripting@1.7.8/Editor/VisualScripting.Core/Dependencies/DotNetZip/Unity.VisualScripting.IonicZip.dll
Native extension for OSXStandalone target not found
Refreshing native plugins compatible for Editor in 0.49 ms, found 3 plugins.
Preloading 0 native plugins for Editor in 0.00 ms.
Mono: successfully reloaded assembly
- Completed reload, in  0.700 seconds
Domain Reload Profiling:
	ReloadAssembly (700ms)
		BeginReloadAssembly (82ms)
			ExecutionOrderSort (0ms)
			DisableScriptedObjects (5ms)
			BackupInstance (0ms)
			ReleaseScriptingObjects (0ms)
			CreateAndSetChildDomain (35ms)
		EndReloadAssembly (545ms)
			LoadAssemblies (34ms)
			RebuildTransferFunctionScriptingTraits (0ms)
			SetupTypeCache (189ms)
			ReleaseScriptCaches (1ms)
			RebuildScriptCaches (38ms)
			SetupLoadedEditorAssemblies (238ms)
				LogAssemblyErrors (0ms)
				InitializePlatformSupportModulesInManaged (6ms)
				SetLoadedEditorAssemblies (0ms)
				RefreshPlugins (1ms)
				BeforeProcessingInitializeOnLoad (52ms)
				ProcessInitializeOnLoadAttributes (151ms)
				ProcessInitializeOnLoadMethodAttributes (26ms)
				AfterProcessingInitializeOnLoad (1ms)
				EditorAssembliesLoaded (0ms)
			ExecutionOrderSort2 (0ms)
			AwakeInstancesAfterBackupRestoration (5ms)
Platform modules already initialized, skipping
Refreshing native plugins compatible for Editor in 1.08 ms, found 3 plugins.
Preloading 0 native plugins for Editor in 0.00 ms.
Unloading 4037 Unused Serialized files (Serialized files now loaded: 0)
Unloading 25 unused Assets / (22.0 KB). Loaded Objects now: 4579.
Memory consumption went from 163.8 MB to 163.7 MB.
Total: 2.763167 ms (FindLiveObjects: 0.125791 ms CreateObjectMapping: 0.064667 ms MarkObjects: 2.552500 ms  DeleteObjects: 0.019875 ms)

AssetImportParameters requested are different than current active one (requested -> active):
  custom:video-decoder-ogg-theora: a1e56fd34408186e4bbccfd4996cb3dc -> 
  custom:container-muxer-webm: aa71ff27fc2769a1b78a27578f13a17b -> 
  custom:container-demuxer-webm: 4f35f7cbe854078d1ac9338744f61a02 -> 
  custom:video-encoder-webm-vp8: eb34c28f22e8b96e1ab97ce403110664 -> 
  custom:framework-osx-AVFoundation: e770b220cccbd017edd2c1fefb359320 -> 
  custom:audio-encoder-webm-vorbis: bf7c407c2cedff20999df2af8eb42d56 -> 
  custom:container-demuxer-ogg: 62fdf1f143b41e24485cea50d1cbac27 -> 
  custom:video-decoder-webm-vp8: 9c59270c3fd7afecdb556c50c9e8de78 -> 
  custom:audio-decoder-ogg-vorbis: bf7c407c2cedff20999df2af8eb42d56 -> 
========================================================================
Received Prepare
Registering precompiled user dll's ...
Registered in 0.003577 seconds.
Begin MonoManager ReloadAssembly
Thread 0x16c293000 may have been prematurely finalized
Symbol file LoadedFromMemory doesn't match image /Users/tyhagan/Documents/GitHub/ImageReplicatorGit/ImageReplicator/Library/PackageCache/com.unity.visualscripting@1.7.8/Editor/VisualScripting.Core/Dependencies/YamlDotNet/Unity.VisualScripting.YamlDotNet.dll
Symbol file LoadedFromMemory doesn't match image /Users/tyhagan/Documents/GitHub/ImageReplicatorGit/ImageReplicator/Library/PackageCache/com.unity.visualscripting@1.7.8/Editor/VisualScripting.Core/Dependencies/DotNetZip/Unity.VisualScripting.IonicZip.dll
Native extension for OSXStandalone target not found
Refreshing native plugins compatible for Editor in 0.48 ms, found 3 plugins.
Preloading 0 native plugins for Editor in 0.00 ms.
Mono: successfully reloaded assembly
- Completed reload, in  0.692 seconds
Domain Reload Profiling:
	ReloadAssembly (693ms)
		BeginReloadAssembly (82ms)
			ExecutionOrderSort (0ms)
			DisableScriptedObjects (5ms)
			BackupInstance (0ms)
			ReleaseScriptingObjects (0ms)
			CreateAndSetChildDomain (33ms)
		EndReloadAssembly (539ms)
			LoadAssemblies (34ms)
			RebuildTransferFunctionScriptingTraits (0ms)
			SetupTypeCache (185ms)
			ReleaseScriptCaches (1ms)
			RebuildScriptCaches (36ms)
			SetupLoadedEditorAssemblies (238ms)
				LogAssemblyErrors (0ms)
				InitializePlatformSupportModulesInManaged (6ms)
				SetLoadedEditorAssemblies (0ms)
				RefreshPlugins (1ms)
				BeforeProcessingInitializeOnLoad (52ms)
				ProcessInitializeOnLoadAttributes (152ms)
				ProcessInitializeOnLoadMethodAttributes (26ms)
				AfterProcessingInitializeOnLoad (1ms)
				EditorAssembliesLoaded (0ms)
			ExecutionOrderSort2 (0ms)
			AwakeInstancesAfterBackupRestoration (5ms)
Platform modules already initialized, skipping
Refreshing native plugins compatible for Editor in 1.05 ms, found 3 plugins.
Preloading 0 native plugins for Editor in 0.00 ms.
Unloading 4037 Unused Serialized files (Serialized files now loaded: 0)
Unloading 25 unused Assets / (22.1 KB). Loaded Objects now: 4582.
Memory consumption went from 163.8 MB to 163.7 MB.
Total: 2.780334 ms (FindLiveObjects: 0.122375 ms CreateObjectMapping: 0.060292 ms MarkObjects: 2.576750 ms  DeleteObjects: 0.020250 ms)

AssetImportParameters requested are different than current active one (requested -> active):
  custom:video-decoder-ogg-theora: a1e56fd34408186e4bbccfd4996cb3dc -> 
  custom:container-muxer-webm: aa71ff27fc2769a1b78a27578f13a17b -> 
  custom:container-demuxer-webm: 4f35f7cbe854078d1ac9338744f61a02 -> 
  custom:video-encoder-webm-vp8: eb34c28f22e8b96e1ab97ce403110664 -> 
  custom:framework-osx-AVFoundation: e770b220cccbd017edd2c1fefb359320 -> 
  custom:audio-encoder-webm-vorbis: bf7c407c2cedff20999df2af8eb42d56 -> 
  custom:container-demuxer-ogg: 62fdf1f143b41e24485cea50d1cbac27 -> 
  custom:video-decoder-webm-vp8: 9c59270c3fd7afecdb556c50c9e8de78 -> 
  custom:audio-decoder-ogg-vorbis: bf7c407c2cedff20999df2af8eb42d56 -> 
========================================================================
Received Import Request.
  Time since last request: 799.803752 seconds.
  path: Packages/com.unity.2d.animation/Editor/Assets/SkinningModule/Icons/Light/Split Bones@4x.png
  artifactKey: Guid(e530623cd53f3ea46ac09b786f0c49ef) Importer(815301076,1909f56bfc062723c751e8b465ee728b)
Start importing Packages/com.unity.2d.animation/Editor/Assets/SkinningModule/Icons/Light/Split Bones@4x.png using Guid(e530623cd53f3ea46ac09b786f0c49ef) Importer(815301076,1909f56bfc062723c751e8b465ee728b)  -> (artifact id: '43defc82129cb56520d419df22b71661') in 0.042613 seconds 
========================================================================
Received Import Request.
  Time since last request: 0.000042 seconds.
  path: Packages/com.unity.2d.animation/Editor/Assets/SkinningModule/Icons/Light/Visibility_Hidded.png
  artifactKey: Guid(a20f7223e2252fc4d813fc92d0f3a614) Importer(815301076,1909f56bfc062723c751e8b465ee728b)
Start importing Packages/com.unity.2d.animation/Editor/Assets/SkinningModule/Icons/Light/Visibility_Hidded.png using Guid(a20f7223e2252fc4d813fc92d0f3a614) Importer(815301076,1909f56bfc062723c751e8b465ee728b)  -> (artifact id: 'eed35f4a890a812bb23b061ac0284b80') in 0.006373 seconds 
========================================================================
Received Import Request.
  Time since last request: 0.000049 seconds.
  path: Packages/com.unity.2d.animation/Editor/Assets/SkinningModule/Icons/Light/Visibility_Tool.png
  artifactKey: Guid(1e7c59239d2a59140b34f39ea6d4d44c) Importer(815301076,1909f56bfc062723c751e8b465ee728b)
Start importing Packages/com.unity.2d.animation/Editor/Assets/SkinningModule/Icons/Light/Visibility_Tool.png using Guid(1e7c59239d2a59140b34f39ea6d4d44c) Importer(815301076,1909f56bfc062723c751e8b465ee728b)  -> (artifact id: '29fa9a83dcadbc167eb12d6cd00d41a2') in 0.005879 seconds 
========================================================================
Received Import Request.
  Time since last request: 0.000040 seconds.
  path: Packages/com.unity.2d.path/Editor/Handles/TangentBroken.png
  artifactKey: Guid(b370d25fdf6f8914287e27c0c3dede6a) Importer(815301076,1909f56bfc062723c751e8b465ee728b)
Start importing Packages/com.unity.2d.path/Editor/Handles/TangentBroken.png using Guid(b370d25fdf6f8914287e27c0c3dede6a) Importer(815301076,1909f56bfc062723c751e8b465ee728b)  -> (artifact id: '9451130e19487172e65eb51e50f07f57') in 0.005234 seconds 
========================================================================
Received Import Request.
  Time since last request: 0.000062 seconds.
  path: Packages/com.unity.2d.path/Editor/Handles/TangentContinuousPro.png
  artifactKey: Guid(8d4a2ded892e27742bb6d4d263639dff) Importer(815301076,1909f56bfc062723c751e8b465ee728b)
Start importing Packages/com.unity.2d.path/Editor/Handles/TangentContinuousPro.png using Guid(8d4a2ded892e27742bb6d4d263639dff) Importer(815301076,1909f56bfc062723c751e8b465ee728b)  -> (artifact id: 'c00b6841838a18611cb904ede95c62a6') in 0.006299 seconds 
========================================================================
Received Import Request.
  Time since last request: 0.000063 seconds.
  path: Packages/com.unity.collab-proxy/Editor/PlasticSCM/Assets/Images/step1.png
  artifactKey: Guid(9ce84ff0fdeb13d4a83f077d075dd9a5) Importer(815301076,1909f56bfc062723c751e8b465ee728b)
Start importing Packages/com.unity.collab-proxy/Editor/PlasticSCM/Assets/Images/step1.png using Guid(9ce84ff0fdeb13d4a83f077d075dd9a5) Importer(815301076,1909f56bfc062723c751e8b465ee728b)  -> (artifact id: '09b1ce5f3517249de761ec2ec9ea6af4') in 0.005648 seconds 
========================================================================
Received Import Request.
  Time since last request: 0.000064 seconds.
  path: Packages/com.unity.2d.spriteshape/Editor/ObjectMenuCreation/DefaultAssets/Textures/Sprite Shape Fill.png
  artifactKey: Guid(b281b91a70a624a0da1c43adc1c30c7b) Importer(815301076,1909f56bfc062723c751e8b465ee728b)
Start importing Packages/com.unity.2d.spriteshape/Editor/ObjectMenuCreation/DefaultAssets/Textures/Sprite Shape Fill.png using Guid(b281b91a70a624a0da1c43adc1c30c7b) Importer(815301076,1909f56bfc062723c751e8b465ee728b)  -> (artifact id: '6b9500123fba20e76a36179d2269b4ad') in 0.008477 seconds 
========================================================================
Received Import Request.
  Time since last request: 0.000053 seconds.
  path: Packages/com.unity.2d.animation/Editor/Assets/SkinningModule/Icons/Selected/Sprite_Influence@3x.png
  artifactKey: Guid(7ce16c63ba627427cab935593c090e34) Importer(815301076,1909f56bfc062723c751e8b465ee728b)
Start importing Packages/com.unity.2d.animation/Editor/Assets/SkinningModule/Icons/Selected/Sprite_Influence@3x.png using Guid(7ce16c63ba627427cab935593c090e34) Importer(815301076,1909f56bfc062723c751e8b465ee728b)  -> (artifact id: '8fda1554a6ffb9417ab2c11b1fe38814') in 0.005400 seconds 
========================================================================
Received Import Request.
  Time since last request: 0.000053 seconds.
  path: Packages/com.unity.2d.animation/Editor/Assets/SkinningModule/Icons/Light/Split_Edge.png
  artifactKey: Guid(900065f34a33d2e478bf93a0191f68de) Importer(815301076,1909f56bfc062723c751e8b465ee728b)
Start importing Packages/com.unity.2d.animation/Editor/Assets/SkinningModule/Icons/Light/Split_Edge.png using Guid(900065f34a33d2e478bf93a0191f68de) Importer(815301076,1909f56bfc062723c751e8b465ee728b)  -> (artifact id: 'a3874e96e1420bd16f595d084c21e2ae') in 0.005427 seconds 
========================================================================
Received Import Request.
  Time since last request: 0.000051 seconds.
  path: Packages/com.unity.2d.animation/Editor/Assets/SkinningModule/Icons/Light/Sprite_Influence@2x.png
  artifactKey: Guid(8169b95b76b504e3b8dc9ccf0bdbe226) Importer(815301076,1909f56bfc062723c751e8b465ee728b)
Start importing Packages/com.unity.2d.animation/Editor/Assets/SkinningModule/Icons/Light/Sprite_Influence@2x.png using Guid(8169b95b76b504e3b8dc9ccf0bdbe226) Importer(815301076,1909f56bfc062723c751e8b465ee728b)  -> (artifact id: 'c06cafa5de4eb8c775a6f3127b0b640c') in 0.005619 seconds 
========================================================================
Received Import Request.
  Time since last request: 0.000049 seconds.
  path: Packages/com.unity.2d.animation/Editor/Assets/SkinningModule/Icons/Light/Split_Edge@4x.png
  artifactKey: Guid(21d43e7114c758c49886cb9fc604dd66) Importer(815301076,1909f56bfc062723c751e8b465ee728b)
Start importing Packages/com.unity.2d.animation/Editor/Assets/SkinningModule/Icons/Light/Split_Edge@4x.png using Guid(21d43e7114c758c49886cb9fc604dd66) Importer(815301076,1909f56bfc062723c751e8b465ee728b)  -> (artifact id: '9ceb0794c97e325f4af1a1549acae112') in 0.006626 seconds 
========================================================================
Received Import Request.
  Time since last request: 0.000048 seconds.
  path: Packages/com.unity.2d.animation/Editor/Assets/SkinningModule/Icons/Selected/Sprite_Influence.png
  artifactKey: Guid(a2db0b51e2c0e418b8d5f85cee0d4876) Importer(815301076,1909f56bfc062723c751e8b465ee728b)
Start importing Packages/com.unity.2d.animation/Editor/Assets/SkinningModule/Icons/Selected/Sprite_Influence.png using Guid(a2db0b51e2c0e418b8d5f85cee0d4876) Importer(815301076,1909f56bfc062723c751e8b465ee728b)  -> (artifact id: '17bc8d8311cd7982324e68dc72bb1797') in 0.006472 seconds 
========================================================================
Received Import Request.
  Time since last request: 0.000056 seconds.
  path: Packages/com.unity.2d.spriteshape/Editor/Handles/ss_playhead.png
  artifactKey: Guid(9ea72647c24be493ba6f15a9cd2a24ae) Importer(815301076,1909f56bfc062723c751e8b465ee728b)
Start importing Packages/com.unity.2d.spriteshape/Editor/Handles/ss_playhead.png using Guid(9ea72647c24be493ba6f15a9cd2a24ae) Importer(815301076,1909f56bfc062723c751e8b465ee728b)  -> (artifact id: '829fcb4e7c3b7fa4e149301124a45749') in 0.005213 seconds 
========================================================================
Received Import Request.
  Time since last request: 0.000080 seconds.
  path: Packages/com.unity.2d.animation/Editor/Assets/SkinningModule/Icons/Light/Sprite_Mode@2x.png
  artifactKey: Guid(cfe99a1afb609b4488d6fc9224a62f74) Importer(815301076,1909f56bfc062723c751e8b465ee728b)
Start importing Packages/com.unity.2d.animation/Editor/Assets/SkinningModule/Icons/Light/Sprite_Mode@2x.png using Guid(cfe99a1afb609b4488d6fc9224a62f74) Importer(815301076,1909f56bfc062723c751e8b465ee728b)  -> (artifact id: 'bd5cce89fae37be43f384a269dcd53dd') in 0.004948 seconds 
========================================================================
Received Import Request.
  Time since last request: 0.000060 seconds.
  path: Packages/com.unity.2d.path/Editor/Handles/TangentLinearPro.png
  artifactKey: Guid(cafc16189f045f445bad6f5eb9e13541) Importer(815301076,1909f56bfc062723c751e8b465ee728b)
Start importing Packages/com.unity.2d.path/Editor/Handles/TangentLinearPro.png using Guid(cafc16189f045f445bad6f5eb9e13541) Importer(815301076,1909f56bfc062723c751e8b465ee728b)  -> (artifact id: 'c9bc77f4527ad3197e5bb49325a896eb') in 0.005183 seconds 
========================================================================
Received Import Request.
  Time since last request: 0.000062 seconds.
  path: Packages/com.unity.2d.spriteshape/Editor/Handles/ss_rightrange.png
  artifactKey: Guid(ee5df01235032491c8b180741ea820fe) Importer(815301076,1909f56bfc062723c751e8b465ee728b)
Start importing Packages/com.unity.2d.spriteshape/Editor/Handles/ss_rightrange.png using Guid(ee5df01235032491c8b180741ea820fe) Importer(815301076,1909f56bfc062723c751e8b465ee728b)  -> (artifact id: 'a396bc90666c13808081093322bc1eea') in 0.005372 seconds 
========================================================================
Received Import Request.
  Time since last request: 0.000056 seconds.
  path: Packages/com.unity.2d.spriteshape/Editor/ObjectMenuCreation/DefaultAssets/Textures/Sprite Shape Corner.png
  artifactKey: Guid(608e61deb05c54660bebf5a4dd2ee02d) Importer(815301076,1909f56bfc062723c751e8b465ee728b)
Start importing Packages/com.unity.2d.spriteshape/Editor/ObjectMenuCreation/DefaultAssets/Textures/Sprite Shape Corner.png using Guid(608e61deb05c54660bebf5a4dd2ee02d) Importer(815301076,1909f56bfc062723c751e8b465ee728b)  -> (artifact id: 'cfdf5d5132316b3ace9cf0e570dda4e5') in 0.006332 seconds 
========================================================================
Received Import Request.
  Time since last request: 0.000045 seconds.
  path: Packages/com.unity.2d.animation/Editor/Assets/SkinningModule/Icons/Selected/Split_Edge@4x.png
  artifactKey: Guid(8272ea7c59da847458432e7c88bf7766) Importer(815301076,1909f56bfc062723c751e8b465ee728b)
Start importing Packages/com.unity.2d.animation/Editor/Assets/SkinningModule/Icons/Selected/Split_Edge@4x.png using Guid(8272ea7c59da847458432e7c88bf7766) Importer(815301076,1909f56bfc062723c751e8b465ee728b)  -> (artifact id: '633202b3c10e29c857918a4c7d8a15cc') in 0.007606 seconds 
========================================================================
Received Import Request.
  Time since last request: 0.000048 seconds.
  path: Packages/com.unity.2d.animation/Editor/Assets/SkinningModule/Icons/Light/Sprite_Mode@4x.png
  artifactKey: Guid(554a30a45860f494ca38586c54b7e5d9) Importer(815301076,1909f56bfc062723c751e8b465ee728b)
Start importing Packages/com.unity.2d.animation/Editor/Assets/SkinningModule/Icons/Light/Sprite_Mode@4x.png using Guid(554a30a45860f494ca38586c54b7e5d9) Importer(815301076,1909f56bfc062723c751e8b465ee728b)  -> (artifact id: '53003a030d8810f8dc45414de5b1394d') in 0.006286 seconds 
========================================================================
Received Import Request.
  Time since last request: 0.000054 seconds.
  path: Packages/com.unity.2d.animation/Editor/Assets/SkinningModule/Icons/Light/Visibility_Hidded@2x.png
  artifactKey: Guid(f3940f64802892746b2ec336d3b0c5f4) Importer(815301076,1909f56bfc062723c751e8b465ee728b)
Start importing Packages/com.unity.2d.animation/Editor/Assets/SkinningModule/Icons/Light/Visibility_Hidded@2x.png using Guid(f3940f64802892746b2ec336d3b0c5f4) Importer(815301076,1909f56bfc062723c751e8b465ee728b)  -> (artifact id: 'ba4db18e66893141c0248196b4bbb17c') in 0.005309 seconds 
========================================================================
Received Import Request.
  Time since last request: 0.000044 seconds.
  path: Packages/com.unity.collab-proxy/Editor/PlasticSCM/Assets/Images/step2@2x.png
  artifactKey: Guid(0029170d14ce6c04c9f45c22cdae5559) Importer(815301076,1909f56bfc062723c751e8b465ee728b)
Start importing Packages/com.unity.collab-proxy/Editor/PlasticSCM/Assets/Images/step2@2x.png using Guid(0029170d14ce6c04c9f45c22cdae5559) Importer(815301076,1909f56bfc062723c751e8b465ee728b)  -> (artifact id: '16d43c7f5de9d3b31a9f428a0657cbf4') in 0.005562 seconds 
========================================================================
Received Import Request.
  Time since last request: 0.000047 seconds.
  path: Packages/com.unity.2d.animation/Editor/Assets/SkinningModule/Icons/Light/Visibility_Hidded@4x.png
  artifactKey: Guid(f469f8253737d534ca7809ae6f0d2422) Importer(815301076,1909f56bfc062723c751e8b465ee728b)
Start importing Packages/com.unity.2d.animation/Editor/Assets/SkinningModule/Icons/Light/Visibility_Hidded@4x.png using Guid(f469f8253737d534ca7809ae6f0d2422) Importer(815301076,1909f56bfc062723c751e8b465ee728b)  -> (artifact id: 'ba43e1fc7593e2d5450d20da21b55bdd') in 0.005974 seconds 
========================================================================
Received Import Request.
  Time since last request: 0.000058 seconds.
  path: Packages/com.unity.collab-proxy/Editor/PlasticSCM/Assets/Images/step3.png
  artifactKey: Guid(69899ed144c8eea4baea48b858b37746) Importer(815301076,1909f56bfc062723c751e8b465ee728b)
Start importing Packages/com.unity.collab-proxy/Editor/PlasticSCM/Assets/Images/step3.png using Guid(69899ed144c8eea4baea48b858b37746) Importer(815301076,1909f56bfc062723c751e8b465ee728b)  -> (artifact id: '391fcb2206a519636feb1babfe0ef3ea') in 0.005662 seconds 
========================================================================
Received Import Request.
  Time since last request: 0.000040 seconds.
  path: Packages/com.unity.2d.animation/Editor/Assets/SkinningModule/Icons/Selected/Sprite_Mode@3x.png
  artifactKey: Guid(ea833d779996e3244b3b567764be9cf0) Importer(815301076,1909f56bfc062723c751e8b465ee728b)
Start importing Packages/com.unity.2d.animation/Editor/Assets/SkinningModule/Icons/Selected/Sprite_Mode@3x.png using Guid(ea833d779996e3244b3b567764be9cf0) Importer(815301076,1909f56bfc062723c751e8b465ee728b)  -> (artifact id: '6de25b3bbe30605820aeda54f216572b') in 0.005728 seconds 
========================================================================
Received Import Request.
  Time since last request: 0.000060 seconds.
  path: Packages/com.unity.collab-proxy/Editor/PlasticSCM/Assets/Images/step1@2x.png
  artifactKey: Guid(affeade9874cf2347abb155e8d0db4d8) Importer(815301076,1909f56bfc062723c751e8b465ee728b)
Start importing Packages/com.unity.collab-proxy/Editor/PlasticSCM/Assets/Images/step1@2x.png using Guid(affeade9874cf2347abb155e8d0db4d8) Importer(815301076,1909f56bfc062723c751e8b465ee728b)  -> (artifact id: '308c96539180870c5e5a973f20a31fcb') in 0.006221 seconds 
========================================================================
Received Prepare
Registering precompiled user dll's ...
Registered in 0.003416 seconds.
Begin MonoManager ReloadAssembly
Thread 0x16c293000 may have been prematurely finalized
Symbol file LoadedFromMemory doesn't match image /Users/tyhagan/Documents/GitHub/ImageReplicatorGit/ImageReplicator/Library/PackageCache/com.unity.visualscripting@1.7.8/Editor/VisualScripting.Core/Dependencies/YamlDotNet/Unity.VisualScripting.YamlDotNet.dll
Symbol file LoadedFromMemory doesn't match image /Users/tyhagan/Documents/GitHub/ImageReplicatorGit/ImageReplicator/Library/PackageCache/com.unity.visualscripting@1.7.8/Editor/VisualScripting.Core/Dependencies/DotNetZip/Unity.VisualScripting.IonicZip.dll
Native extension for OSXStandalone target not found
Refreshing native plugins compatible for Editor in 0.47 ms, found 3 plugins.
Preloading 0 native plugins for Editor in 0.00 ms.
Mono: successfully reloaded assembly
- Completed reload, in  0.693 seconds
Domain Reload Profiling:
	ReloadAssembly (693ms)
		BeginReloadAssembly (83ms)
			ExecutionOrderSort (0ms)
			DisableScriptedObjects (4ms)
			BackupInstance (0ms)
			ReleaseScriptingObjects (0ms)
			CreateAndSetChildDomain (35ms)
		EndReloadAssembly (538ms)
			LoadAssemblies (33ms)
			RebuildTransferFunctionScriptingTraits (0ms)
			SetupTypeCache (185ms)
			ReleaseScriptCaches (1ms)
			RebuildScriptCaches (36ms)
			SetupLoadedEditorAssemblies (240ms)
				LogAssemblyErrors (0ms)
				InitializePlatformSupportModulesInManaged (6ms)
				SetLoadedEditorAssemblies (0ms)
				RefreshPlugins (1ms)
				BeforeProcessingInitializeOnLoad (52ms)
				ProcessInitializeOnLoadAttributes (154ms)
				ProcessInitializeOnLoadMethodAttributes (25ms)
				AfterProcessingInitializeOnLoad (1ms)
				EditorAssembliesLoaded (0ms)
			ExecutionOrderSort2 (0ms)
			AwakeInstancesAfterBackupRestoration (5ms)
Platform modules already initialized, skipping
Refreshing native plugins compatible for Editor in 1.17 ms, found 3 plugins.
Preloading 0 native plugins for Editor in 0.00 ms.
Unloading 4037 Unused Serialized files (Serialized files now loaded: 0)
Unloading 25 unused Assets / (22.0 KB). Loaded Objects now: 4587.
Memory consumption went from 163.8 MB to 163.8 MB.
Total: 2.989125 ms (FindLiveObjects: 0.128875 ms CreateObjectMapping: 0.062000 ms MarkObjects: 2.780833 ms  DeleteObjects: 0.016666 ms)

AssetImportParameters requested are different than current active one (requested -> active):
  custom:video-decoder-ogg-theora: a1e56fd34408186e4bbccfd4996cb3dc -> 
  custom:container-muxer-webm: aa71ff27fc2769a1b78a27578f13a17b -> 
  custom:container-demuxer-webm: 4f35f7cbe854078d1ac9338744f61a02 -> 
  custom:video-encoder-webm-vp8: eb34c28f22e8b96e1ab97ce403110664 -> 
  custom:framework-osx-AVFoundation: e770b220cccbd017edd2c1fefb359320 -> 
  custom:audio-encoder-webm-vorbis: bf7c407c2cedff20999df2af8eb42d56 -> 
  custom:container-demuxer-ogg: 62fdf1f143b41e24485cea50d1cbac27 -> 
  custom:video-decoder-webm-vp8: 9c59270c3fd7afecdb556c50c9e8de78 -> 
  custom:audio-decoder-ogg-vorbis: bf7c407c2cedff20999df2af8eb42d56 -> 
========================================================================
Received Prepare
Registering precompiled user dll's ...
Registered in 0.003282 seconds.
Begin MonoManager ReloadAssembly
Thread 0x16c293000 may have been prematurely finalized
Symbol file LoadedFromMemory doesn't match image /Users/tyhagan/Documents/GitHub/ImageReplicatorGit/ImageReplicator/Library/PackageCache/com.unity.visualscripting@1.7.8/Editor/VisualScripting.Core/Dependencies/YamlDotNet/Unity.VisualScripting.YamlDotNet.dll
Symbol file LoadedFromMemory doesn't match image /Users/tyhagan/Documents/GitHub/ImageReplicatorGit/ImageReplicator/Library/PackageCache/com.unity.visualscripting@1.7.8/Editor/VisualScripting.Core/Dependencies/DotNetZip/Unity.VisualScripting.IonicZip.dll
Native extension for OSXStandalone target not found
Refreshing native plugins compatible for Editor in 0.50 ms, found 3 plugins.
Preloading 0 native plugins for Editor in 0.00 ms.
Mono: successfully reloaded assembly
- Completed reload, in  0.705 seconds
Domain Reload Profiling:
	ReloadAssembly (706ms)
		BeginReloadAssembly (85ms)
			ExecutionOrderSort (0ms)
			DisableScriptedObjects (5ms)
			BackupInstance (0ms)
			ReleaseScriptingObjects (0ms)
			CreateAndSetChildDomain (34ms)
		EndReloadAssembly (547ms)
			LoadAssemblies (35ms)
			RebuildTransferFunctionScriptingTraits (0ms)
			SetupTypeCache (190ms)
			ReleaseScriptCaches (1ms)
			RebuildScriptCaches (37ms)
			SetupLoadedEditorAssemblies (238ms)
				LogAssemblyErrors (0ms)
				InitializePlatformSupportModulesInManaged (6ms)
				SetLoadedEditorAssemblies (1ms)
				RefreshPlugins (1ms)
				BeforeProcessingInitializeOnLoad (53ms)
				ProcessInitializeOnLoadAttributes (150ms)
				ProcessInitializeOnLoadMethodAttributes (26ms)
				AfterProcessingInitializeOnLoad (1ms)
				EditorAssembliesLoaded (0ms)
			ExecutionOrderSort2 (0ms)
			AwakeInstancesAfterBackupRestoration (6ms)
Platform modules already initialized, skipping
Refreshing native plugins compatible for Editor in 1.09 ms, found 3 plugins.
Preloading 0 native plugins for Editor in 0.00 ms.
Unloading 4037 Unused Serialized files (Serialized files now loaded: 0)
Unloading 25 unused Assets / (22.1 KB). Loaded Objects now: 4590.
Memory consumption went from 163.8 MB to 163.8 MB.
Total: 2.804000 ms (FindLiveObjects: 0.132042 ms CreateObjectMapping: 0.060958 ms MarkObjects: 2.591583 ms  DeleteObjects: 0.018750 ms)

AssetImportParameters requested are different than current active one (requested -> active):
  custom:video-decoder-ogg-theora: a1e56fd34408186e4bbccfd4996cb3dc -> 
  custom:container-muxer-webm: aa71ff27fc2769a1b78a27578f13a17b -> 
  custom:container-demuxer-webm: 4f35f7cbe854078d1ac9338744f61a02 -> 
  custom:video-encoder-webm-vp8: eb34c28f22e8b96e1ab97ce403110664 -> 
  custom:framework-osx-AVFoundation: e770b220cccbd017edd2c1fefb359320 -> 
  custom:audio-encoder-webm-vorbis: bf7c407c2cedff20999df2af8eb42d56 -> 
  custom:container-demuxer-ogg: 62fdf1f143b41e24485cea50d1cbac27 -> 
  custom:video-decoder-webm-vp8: 9c59270c3fd7afecdb556c50c9e8de78 -> 
  custom:audio-decoder-ogg-vorbis: bf7c407c2cedff20999df2af8eb42d56 -> 
========================================================================
Received Prepare
Registering precompiled user dll's ...
Registered in 0.003301 seconds.
Begin MonoManager ReloadAssembly
Thread 0x16bc03000 may have been prematurely finalized
Symbol file LoadedFromMemory doesn't match image /Users/tyhagan/Documents/GitHub/ImageReplicatorGit/ImageReplicator/Library/PackageCache/com.unity.visualscripting@1.7.8/Editor/VisualScripting.Core/Dependencies/YamlDotNet/Unity.VisualScripting.YamlDotNet.dll
Symbol file LoadedFromMemory doesn't match image /Users/tyhagan/Documents/GitHub/ImageReplicatorGit/ImageReplicator/Library/PackageCache/com.unity.visualscripting@1.7.8/Editor/VisualScripting.Core/Dependencies/DotNetZip/Unity.VisualScripting.IonicZip.dll
Native extension for OSXStandalone target not found
Refreshing native plugins compatible for Editor in 0.48 ms, found 3 plugins.
Preloading 0 native plugins for Editor in 0.00 ms.
Mono: successfully reloaded assembly
- Completed reload, in  0.690 seconds
Domain Reload Profiling:
	ReloadAssembly (690ms)
		BeginReloadAssembly (81ms)
			ExecutionOrderSort (0ms)
			DisableScriptedObjects (5ms)
			BackupInstance (0ms)
			ReleaseScriptingObjects (0ms)
			CreateAndSetChildDomain (34ms)
		EndReloadAssembly (537ms)
			LoadAssemblies (34ms)
			RebuildTransferFunctionScriptingTraits (0ms)
			SetupTypeCache (183ms)
			ReleaseScriptCaches (1ms)
			RebuildScriptCaches (36ms)
			SetupLoadedEditorAssemblies (239ms)
				LogAssemblyErrors (0ms)
				InitializePlatformSupportModulesInManaged (6ms)
				SetLoadedEditorAssemblies (0ms)
				RefreshPlugins (0ms)
				BeforeProcessingInitializeOnLoad (51ms)
				ProcessInitializeOnLoadAttributes (154ms)
				ProcessInitializeOnLoadMethodAttributes (26ms)
				AfterProcessingInitializeOnLoad (1ms)
				EditorAssembliesLoaded (0ms)
			ExecutionOrderSort2 (0ms)
			AwakeInstancesAfterBackupRestoration (5ms)
Platform modules already initialized, skipping
Refreshing native plugins compatible for Editor in 1.04 ms, found 3 plugins.
Preloading 0 native plugins for Editor in 0.00 ms.
Unloading 4037 Unused Serialized files (Serialized files now loaded: 0)
Unloading 25 unused Assets / (22.1 KB). Loaded Objects now: 4593.
Memory consumption went from 163.8 MB to 163.8 MB.
Total: 2.983167 ms (FindLiveObjects: 0.132875 ms CreateObjectMapping: 0.064334 ms MarkObjects: 2.765333 ms  DeleteObjects: 0.019625 ms)

AssetImportParameters requested are different than current active one (requested -> active):
  custom:video-decoder-ogg-theora: a1e56fd34408186e4bbccfd4996cb3dc -> 
  custom:container-muxer-webm: aa71ff27fc2769a1b78a27578f13a17b -> 
  custom:container-demuxer-webm: 4f35f7cbe854078d1ac9338744f61a02 -> 
  custom:video-encoder-webm-vp8: eb34c28f22e8b96e1ab97ce403110664 -> 
  custom:framework-osx-AVFoundation: e770b220cccbd017edd2c1fefb359320 -> 
  custom:audio-encoder-webm-vorbis: bf7c407c2cedff20999df2af8eb42d56 -> 
  custom:container-demuxer-ogg: 62fdf1f143b41e24485cea50d1cbac27 -> 
  custom:video-decoder-webm-vp8: 9c59270c3fd7afecdb556c50c9e8de78 -> 
  custom:audio-decoder-ogg-vorbis: bf7c407c2cedff20999df2af8eb42d56 -> 
