Unity Editor version:    2021.3.16f1 (4016570cf34f)
Branch:                  2021.3/evg/staging/82bb020e-b03b1330/draft-0
Build type:              Release
Batch mode:              YES
macOS version:           Version 13.5 (Build 22G74)
Darwin version:          22.6.0
Architecture:            arm64
Running under Rosetta:   NO
Available memory:        16384 MB
Using pre-set license
Pro License: YES

COMMAND LINE ARGUMENTS:
/Applications/Unity/Hub/Editor/2021.3.16f1/Unity.app/Contents/MacOS/Unity
-adb2
-batchMode
-noUpm
-name
AssetImportWorker1
-projectPath
/Users/tyhagan/Documents/GitHub/ImageReplicatorGit/ImageReplicator
-logFile
Logs/AssetImportWorker1.log
-srvPort
56144
Successfully changed project path to: /Users/tyhagan/Documents/GitHub/ImageReplicatorGit/ImageReplicator
/Users/tyhagan/Documents/GitHub/ImageReplicatorGit/ImageReplicator
[UnityMemory] Configuration Parameters - Can be set up in boot.config
    "memorysetup-bucket-allocator-granularity=16"
    "memorysetup-bucket-allocator-bucket-count=8"
    "memorysetup-bucket-allocator-block-size=33554432"
    "memorysetup-bucket-allocator-block-count=8"
    "memorysetup-main-allocator-block-size=16777216"
    "memorysetup-thread-allocator-block-size=16777216"
    "memorysetup-gfx-main-allocator-block-size=16777216"
    "memorysetup-gfx-thread-allocator-block-size=16777216"
    "memorysetup-cache-allocator-block-size=4194304"
    "memorysetup-typetree-allocator-block-size=2097152"
    "memorysetup-profiler-bucket-allocator-granularity=16"
    "memorysetup-profiler-bucket-allocator-bucket-count=8"
    "memorysetup-profiler-bucket-allocator-block-size=33554432"
    "memorysetup-profiler-bucket-allocator-block-count=8"
    "memorysetup-profiler-allocator-block-size=16777216"
    "memorysetup-profiler-editor-allocator-block-size=1048576"
    "memorysetup-temp-allocator-size-main=16777216"
    "memorysetup-job-temp-allocator-block-size=2097152"
    "memorysetup-job-temp-allocator-block-size-background=1048576"
    "memorysetup-job-temp-allocator-reduction-small-platforms=262144"
    "memorysetup-temp-allocator-size-background-worker=32768"
    "memorysetup-temp-allocator-size-job-worker=262144"
    "memorysetup-temp-allocator-size-preload-manager=33554432"
    "memorysetup-temp-allocator-size-nav-mesh-worker=65536"
    "memorysetup-temp-allocator-size-audio-worker=65536"
    "memorysetup-temp-allocator-size-cloud-worker=32768"
    "memorysetup-temp-allocator-size-gi-baking-worker=262144"
    "memorysetup-temp-allocator-size-gfx=262144"
Player connection [8352637056] Host "[IP] 192.168.1.6 [Port] 0 [Flags] 2 [Guid] 1506808197 [EditorId] 1506808197 [Version] 1048832 [Id] OSXEditor(0,Tys-MacBook-Pro-2.local) [Debug] 1 [PackageName] OSXEditor [ProjectName] Editor" joined multi-casting on [225.0.0.222:54997]...

Player connection [8352637056] Host "[IP] 192.168.1.6 [Port] 0 [Flags] 2 [Guid] 1506808197 [EditorId] 1506808197 [Version] 1048832 [Id] OSXEditor(0,Tys-MacBook-Pro-2.local) [Debug] 1 [PackageName] OSXEditor [ProjectName] Editor" joined alternative multi-casting on [225.0.0.222:34997]...

Refreshing native plugins compatible for Editor in 90.01 ms, found 3 plugins.
Preloading 0 native plugins for Editor in 0.00 ms.
Initialize engine version: 2021.3.16f1 (4016570cf34f)
[Subsystems] Discovering subsystems at path /Applications/Unity/Hub/Editor/2021.3.16f1/Unity.app/Contents/Resources/UnitySubsystems
[Subsystems] Discovering subsystems at path /Users/tyhagan/Documents/GitHub/ImageReplicatorGit/ImageReplicator/Assets
GfxDevice: creating device client; threaded=0; jobified=0
 preferred device: Apple M1 Pro (high power)
Metal devices available: 1
0: Apple M1 Pro (high power)
Using device Apple M1 Pro (high power)
Initializing Metal device caps: Apple M1 Pro
Initialize mono
Mono path[0] = '/Applications/Unity/Hub/Editor/2021.3.16f1/Unity.app/Contents/Managed'
Mono path[1] = '/Applications/Unity/Hub/Editor/2021.3.16f1/Unity.app/Contents/MonoBleedingEdge/lib/mono/unityjit-macos'
Mono config path = '/Applications/Unity/Hub/Editor/2021.3.16f1/Unity.app/Contents/MonoBleedingEdge/etc'
Using monoOptions --debugger-agent=transport=dt_socket,embedding=1,server=y,suspend=n,address=127.0.0.1:56528
Begin MonoManager ReloadAssembly
Registering precompiled unity dll's ...
Register platform support module: /Applications/Unity/Hub/Editor/2021.3.16f1/Unity.app/Contents/PlaybackEngines/MacStandaloneSupport/UnityEditor.OSXStandalone.Extensions.dll
Registered in 0.000513 seconds.
Native extension for OSXStandalone target not found
Refreshing native plugins compatible for Editor in 91.41 ms, found 3 plugins.
Preloading 0 native plugins for Editor in 0.00 ms.
Mono: successfully reloaded assembly
- Completed reload, in  0.515 seconds
Domain Reload Profiling:
	ReloadAssembly (515ms)
		BeginReloadAssembly (34ms)
			ExecutionOrderSort (0ms)
			DisableScriptedObjects (0ms)
			BackupInstance (0ms)
			ReleaseScriptingObjects (0ms)
			CreateAndSetChildDomain (1ms)
		EndReloadAssembly (392ms)
			LoadAssemblies (33ms)
			RebuildTransferFunctionScriptingTraits (0ms)
			SetupTypeCache (98ms)
			ReleaseScriptCaches (0ms)
			RebuildScriptCaches (29ms)
			SetupLoadedEditorAssemblies (229ms)
				LogAssemblyErrors (0ms)
				InitializePlatformSupportModulesInManaged (4ms)
				SetLoadedEditorAssemblies (0ms)
				RefreshPlugins (91ms)
				BeforeProcessingInitializeOnLoad (1ms)
				ProcessInitializeOnLoadAttributes (100ms)
				ProcessInitializeOnLoadMethodAttributes (32ms)
				AfterProcessingInitializeOnLoad (0ms)
				EditorAssembliesLoaded (0ms)
			ExecutionOrderSort2 (0ms)
			AwakeInstancesAfterBackupRestoration (0ms)
Platform modules already initialized, skipping
Registering precompiled user dll's ...
Registered in 0.002631 seconds.
Begin MonoManager ReloadAssembly
Symbol file LoadedFromMemory doesn't match image /Users/tyhagan/Documents/GitHub/ImageReplicatorGit/ImageReplicator/Library/PackageCache/com.unity.visualscripting@1.7.8/Editor/VisualScripting.Core/Dependencies/YamlDotNet/Unity.VisualScripting.YamlDotNet.dll
Symbol file LoadedFromMemory doesn't match image /Users/tyhagan/Documents/GitHub/ImageReplicatorGit/ImageReplicator/Library/PackageCache/com.unity.visualscripting@1.7.8/Editor/VisualScripting.Core/Dependencies/DotNetZip/Unity.VisualScripting.IonicZip.dll
Native extension for OSXStandalone target not found
Refreshing native plugins compatible for Editor in 95.02 ms, found 3 plugins.
Preloading 0 native plugins for Editor in 0.00 ms.
Mono: successfully reloaded assembly
- Completed reload, in  0.930 seconds
Domain Reload Profiling:
	ReloadAssembly (931ms)
		BeginReloadAssembly (66ms)
			ExecutionOrderSort (0ms)
			DisableScriptedObjects (4ms)
			BackupInstance (0ms)
			ReleaseScriptingObjects (0ms)
			CreateAndSetChildDomain (18ms)
		EndReloadAssembly (769ms)
			LoadAssemblies (35ms)
			RebuildTransferFunctionScriptingTraits (0ms)
			SetupTypeCache (222ms)
			ReleaseScriptCaches (0ms)
			RebuildScriptCaches (58ms)
			SetupLoadedEditorAssemblies (402ms)
				LogAssemblyErrors (0ms)
				InitializePlatformSupportModulesInManaged (2ms)
				SetLoadedEditorAssemblies (0ms)
				RefreshPlugins (95ms)
				BeforeProcessingInitializeOnLoad (82ms)
				ProcessInitializeOnLoadAttributes (188ms)
				ProcessInitializeOnLoadMethodAttributes (33ms)
				AfterProcessingInitializeOnLoad (1ms)
				EditorAssembliesLoaded (0ms)
			ExecutionOrderSort2 (0ms)
			AwakeInstancesAfterBackupRestoration (3ms)
Platform modules already initialized, skipping
========================================================================
Worker process is ready to serve import requests
Launching external process: /Applications/Unity/Hub/Editor/2021.3.16f1/Unity.app/Contents/Tools/UnityShaderCompiler
Launched and connected shader compiler UnityShaderCompiler after 0.06 seconds
Refreshing native plugins compatible for Editor in 0.47 ms, found 3 plugins.
Preloading 0 native plugins for Editor in 0.00 ms.
Unloading 4048 Unused Serialized files (Serialized files now loaded: 0)
Unloading 38 unused Assets / (40.5 KB). Loaded Objects now: 4506.
Memory consumption went from 145.4 MB to 145.3 MB.
Total: 3.145959 ms (FindLiveObjects: 0.118750 ms CreateObjectMapping: 0.060875 ms MarkObjects: 2.885292 ms  DeleteObjects: 0.080250 ms)

AssetImportParameters requested are different than current active one (requested -> active):
  custom:video-decoder-ogg-theora: a1e56fd34408186e4bbccfd4996cb3dc -> 
  custom:container-muxer-webm: aa71ff27fc2769a1b78a27578f13a17b -> 
  custom:container-demuxer-webm: 4f35f7cbe854078d1ac9338744f61a02 -> 
  custom:video-encoder-webm-vp8: eb34c28f22e8b96e1ab97ce403110664 -> 
  custom:framework-osx-AVFoundation: e770b220cccbd017edd2c1fefb359320 -> 
  custom:audio-encoder-webm-vorbis: bf7c407c2cedff20999df2af8eb42d56 -> 
  custom:container-demuxer-ogg: 62fdf1f143b41e24485cea50d1cbac27 -> 
  custom:video-decoder-webm-vp8: 9c59270c3fd7afecdb556c50c9e8de78 -> 
  custom:audio-decoder-ogg-vorbis: bf7c407c2cedff20999df2af8eb42d56 -> 
========================================================================
Received Import Request.
  Time since last request: 45029.681497 seconds.
  path: Assets/Scripts/NewApproach/IMG_1064.mov
  artifactKey: Guid(7d39572286be0421f92d7d4d906c470a) Importer(815301076,1909f56bfc062723c751e8b465ee728b)
Start importing Assets/Scripts/NewApproach/IMG_1064.mov using Guid(7d39572286be0421f92d7d4d906c470a) Importer(815301076,1909f56bfc062723c751e8b465ee728b)  -> (artifact id: '7c1839a384989cbb57114f55f0b23342') in 0.064550 seconds 
========================================================================
Received Prepare
Registering precompiled user dll's ...
Registered in 0.002893 seconds.
Begin MonoManager ReloadAssembly
Thread 0x2a435f000 may have been prematurely finalized
Symbol file LoadedFromMemory doesn't match image /Users/tyhagan/Documents/GitHub/ImageReplicatorGit/ImageReplicator/Library/PackageCache/com.unity.visualscripting@1.7.8/Editor/VisualScripting.Core/Dependencies/YamlDotNet/Unity.VisualScripting.YamlDotNet.dll
Symbol file LoadedFromMemory doesn't match image /Users/tyhagan/Documents/GitHub/ImageReplicatorGit/ImageReplicator/Library/PackageCache/com.unity.visualscripting@1.7.8/Editor/VisualScripting.Core/Dependencies/DotNetZip/Unity.VisualScripting.IonicZip.dll
Native extension for OSXStandalone target not found
Refreshing native plugins compatible for Editor in 0.47 ms, found 3 plugins.
Preloading 0 native plugins for Editor in 0.00 ms.
Mono: successfully reloaded assembly
- Completed reload, in  0.779 seconds
Domain Reload Profiling:
	ReloadAssembly (779ms)
		BeginReloadAssembly (86ms)
			ExecutionOrderSort (0ms)
			DisableScriptedObjects (5ms)
			BackupInstance (0ms)
			ReleaseScriptingObjects (0ms)
			CreateAndSetChildDomain (35ms)
		EndReloadAssembly (614ms)
			LoadAssemblies (35ms)
			RebuildTransferFunctionScriptingTraits (0ms)
			SetupTypeCache (220ms)
			ReleaseScriptCaches (1ms)
			RebuildScriptCaches (46ms)
			SetupLoadedEditorAssemblies (262ms)
				LogAssemblyErrors (0ms)
				InitializePlatformSupportModulesInManaged (6ms)
				SetLoadedEditorAssemblies (0ms)
				RefreshPlugins (0ms)
				BeforeProcessingInitializeOnLoad (56ms)
				ProcessInitializeOnLoadAttributes (169ms)
				ProcessInitializeOnLoadMethodAttributes (29ms)
				AfterProcessingInitializeOnLoad (1ms)
				EditorAssembliesLoaded (0ms)
			ExecutionOrderSort2 (0ms)
			AwakeInstancesAfterBackupRestoration (5ms)
Platform modules already initialized, skipping
Refreshing native plugins compatible for Editor in 1.20 ms, found 3 plugins.
Preloading 0 native plugins for Editor in 0.00 ms.
Unloading 4037 Unused Serialized files (Serialized files now loaded: 0)
Unloading 25 unused Assets / (22.1 KB). Loaded Objects now: 4510.
Memory consumption went from 148.9 MB to 148.8 MB.
Total: 2.913000 ms (FindLiveObjects: 0.122834 ms CreateObjectMapping: 0.060292 ms MarkObjects: 2.707208 ms  DeleteObjects: 0.022125 ms)

AssetImportParameters requested are different than current active one (requested -> active):
  custom:video-decoder-ogg-theora: a1e56fd34408186e4bbccfd4996cb3dc -> 
  custom:container-muxer-webm: aa71ff27fc2769a1b78a27578f13a17b -> 
  custom:container-demuxer-webm: 4f35f7cbe854078d1ac9338744f61a02 -> 
  custom:video-encoder-webm-vp8: eb34c28f22e8b96e1ab97ce403110664 -> 
  custom:framework-osx-AVFoundation: e770b220cccbd017edd2c1fefb359320 -> 
  custom:audio-encoder-webm-vorbis: bf7c407c2cedff20999df2af8eb42d56 -> 
  custom:container-demuxer-ogg: 62fdf1f143b41e24485cea50d1cbac27 -> 
  custom:video-decoder-webm-vp8: 9c59270c3fd7afecdb556c50c9e8de78 -> 
  custom:audio-decoder-ogg-vorbis: bf7c407c2cedff20999df2af8eb42d56 -> 
========================================================================
Received Import Request.
  Time since last request: 114.734361 seconds.
  path: Packages/com.unity.2d.animation/Editor/Assets/SkinningModule/Icons/Light/Bone@2x.png
  artifactKey: Guid(d6a44ab95b0def041a7929981a2c23a1) Importer(815301076,1909f56bfc062723c751e8b465ee728b)
Start importing Packages/com.unity.2d.animation/Editor/Assets/SkinningModule/Icons/Light/Bone@2x.png using Guid(d6a44ab95b0def041a7929981a2c23a1) Importer(815301076,1909f56bfc062723c751e8b465ee728b)  -> (artifact id: '95bf54a5dea9cede79a7a7cb0da795e6') in 0.102454 seconds 
========================================================================
Received Import Request.
  Time since last request: 0.000071 seconds.
  path: Packages/com.unity.2d.animation/Editor/Assets/SkinningModule/Icons/Dark/d_Generate_Weights@3x.png
  artifactKey: Guid(d0e92ddf428f3da4abe78b8ef60e2a84) Importer(815301076,1909f56bfc062723c751e8b465ee728b)
Start importing Packages/com.unity.2d.animation/Editor/Assets/SkinningModule/Icons/Dark/d_Generate_Weights@3x.png using Guid(d0e92ddf428f3da4abe78b8ef60e2a84) Importer(815301076,1909f56bfc062723c751e8b465ee728b)  -> (artifact id: '18c8c3ce9b47bab5177ea28022c98542') in 0.005840 seconds 
========================================================================
Received Import Request.
  Time since last request: 0.000052 seconds.
  path: Packages/com.unity.collab-proxy/Editor/PlasticSCM/Assets/Images/d_iconprivateoverlay.png
  artifactKey: Guid(059fb5367594a3343814dc25ace454b3) Importer(815301076,1909f56bfc062723c751e8b465ee728b)
Start importing Packages/com.unity.collab-proxy/Editor/PlasticSCM/Assets/Images/d_iconprivateoverlay.png using Guid(059fb5367594a3343814dc25ace454b3) Importer(815301076,1909f56bfc062723c751e8b465ee728b)  -> (artifact id: '75d4fbdee5841b4f4ccbe40d6b5880f9') in 0.006012 seconds 
========================================================================
Received Import Request.
  Time since last request: 0.000073 seconds.
  path: Packages/com.unity.2d.animation/Editor/Assets/SkinningModule/Icons/Light/Create_Edge@4x.png
  artifactKey: Guid(1f21190ca9d1e8540b2a3a2e46002685) Importer(815301076,1909f56bfc062723c751e8b465ee728b)
Start importing Packages/com.unity.2d.animation/Editor/Assets/SkinningModule/Icons/Light/Create_Edge@4x.png using Guid(1f21190ca9d1e8540b2a3a2e46002685) Importer(815301076,1909f56bfc062723c751e8b465ee728b)  -> (artifact id: '0542f3bd18d13d9813d868a57e6c0b43') in 0.005885 seconds 
========================================================================
Received Import Request.
  Time since last request: 0.000057 seconds.
  path: Packages/com.unity.2d.animation/Editor/Assets/SkinningModule/Icons/Dark/d_Create_Vertex@2x.png
  artifactKey: Guid(80a2a0d76c01997428d4213411145e8c) Importer(815301076,1909f56bfc062723c751e8b465ee728b)
Start importing Packages/com.unity.2d.animation/Editor/Assets/SkinningModule/Icons/Dark/d_Create_Vertex@2x.png using Guid(80a2a0d76c01997428d4213411145e8c) Importer(815301076,1909f56bfc062723c751e8b465ee728b)  -> (artifact id: '1d5cbab0dedbfd214cc256ab0ec74416') in 0.004772 seconds 
========================================================================
Received Import Request.
  Time since last request: 0.000036 seconds.
  path: Packages/com.unity.collab-proxy/Editor/PlasticSCM/Assets/Images/d_ignoredoverlay@2x.png
  artifactKey: Guid(68fafd0a2acc3774988418f657bf7b68) Importer(815301076,1909f56bfc062723c751e8b465ee728b)
Start importing Packages/com.unity.collab-proxy/Editor/PlasticSCM/Assets/Images/d_ignoredoverlay@2x.png using Guid(68fafd0a2acc3774988418f657bf7b68) Importer(815301076,1909f56bfc062723c751e8b465ee728b)  -> (artifact id: '05a51a9b6b87ac5f881941e48e1bbfe3') in 0.004489 seconds 
========================================================================
Received Import Request.
  Time since last request: 0.000045 seconds.
  path: Packages/com.unity.2d.animation/Editor/Assets/SkinningModule/Icons/Selected/d_Bone.png
  artifactKey: Guid(006a3adba8ff95144b4e779daa84bb7e) Importer(815301076,1909f56bfc062723c751e8b465ee728b)
Start importing Packages/com.unity.2d.animation/Editor/Assets/SkinningModule/Icons/Selected/d_Bone.png using Guid(006a3adba8ff95144b4e779daa84bb7e) Importer(815301076,1909f56bfc062723c751e8b465ee728b)  -> (artifact id: 'e42412a2cd74dc8ef28aeeee5f02c846') in 0.005205 seconds 
========================================================================
Received Import Request.
  Time since last request: 0.000046 seconds.
  path: Packages/com.unity.2d.animation/Editor/Assets/SkinningModule/Icons/Dark/d_Edit_Geometry.png
  artifactKey: Guid(a855026b258150c418b14e56540f642a) Importer(815301076,1909f56bfc062723c751e8b465ee728b)
Start importing Packages/com.unity.2d.animation/Editor/Assets/SkinningModule/Icons/Dark/d_Edit_Geometry.png using Guid(a855026b258150c418b14e56540f642a) Importer(815301076,1909f56bfc062723c751e8b465ee728b)  -> (artifact id: 'be1cec3b13b4f8010e320790fc2f1b91') in 0.005132 seconds 
========================================================================
Received Import Request.
  Time since last request: 0.000054 seconds.
  path: Packages/com.unity.2d.animation/Editor/Assets/SkinningModule/Icons/Dark/d_Create Bones@4x.png
  artifactKey: Guid(7e1aff9652c0dac418d9aa42f5f24dc2) Importer(815301076,1909f56bfc062723c751e8b465ee728b)
Start importing Packages/com.unity.2d.animation/Editor/Assets/SkinningModule/Icons/Dark/d_Create Bones@4x.png using Guid(7e1aff9652c0dac418d9aa42f5f24dc2) Importer(815301076,1909f56bfc062723c751e8b465ee728b)  -> (artifact id: '70242f7ace4a63951e05a56545c0c584') in 0.006262 seconds 
========================================================================
Received Import Request.
  Time since last request: 0.000056 seconds.
  path: Packages/com.unity.2d.animation/Editor/Assets/SkinningModule/Icons/Selected/character_Mode@3x.png
  artifactKey: Guid(dcea51d6065d64246aeec467afeff684) Importer(815301076,1909f56bfc062723c751e8b465ee728b)
Start importing Packages/com.unity.2d.animation/Editor/Assets/SkinningModule/Icons/Selected/character_Mode@3x.png using Guid(dcea51d6065d64246aeec467afeff684) Importer(815301076,1909f56bfc062723c751e8b465ee728b)  -> (artifact id: 'dce1be8b5ef604cf16e4a83c60c625d0') in 0.005874 seconds 
========================================================================
Received Import Request.
  Time since last request: 0.000082 seconds.
  path: Packages/com.unity.2d.animation/Editor/Assets/SkinningModule/Icons/Selected/Edit_Geometry@2x.png
  artifactKey: Guid(c706f86f6fd02084f9a14727d08b844d) Importer(815301076,1909f56bfc062723c751e8b465ee728b)
Start importing Packages/com.unity.2d.animation/Editor/Assets/SkinningModule/Icons/Selected/Edit_Geometry@2x.png using Guid(c706f86f6fd02084f9a14727d08b844d) Importer(815301076,1909f56bfc062723c751e8b465ee728b)  -> (artifact id: '2bea16b4e225c21a81e5892a2cf71977') in 0.005597 seconds 
========================================================================
Received Import Request.
  Time since last request: 0.000052 seconds.
  path: Packages/com.unity.2d.animation/Editor/Assets/SkinningModule/Icons/Dark/d_Split Bones@4x.png
  artifactKey: Guid(0bf67b4360dc1cd4caa0338c55219e9e) Importer(815301076,1909f56bfc062723c751e8b465ee728b)
Start importing Packages/com.unity.2d.animation/Editor/Assets/SkinningModule/Icons/Dark/d_Split Bones@4x.png using Guid(0bf67b4360dc1cd4caa0338c55219e9e) Importer(815301076,1909f56bfc062723c751e8b465ee728b)  -> (artifact id: '258df9df31ad4a87a3ac8195eb9376e6') in 0.005628 seconds 
========================================================================
Received Import Request.
  Time since last request: 0.000035 seconds.
  path: Packages/com.unity.collab-proxy/Editor/PlasticSCM/Assets/Images/d_genericbuhochristmas3.png
  artifactKey: Guid(6fac4e39926fd9c4ca2ba4416160a857) Importer(815301076,1909f56bfc062723c751e8b465ee728b)
Start importing Packages/com.unity.collab-proxy/Editor/PlasticSCM/Assets/Images/d_genericbuhochristmas3.png using Guid(6fac4e39926fd9c4ca2ba4416160a857) Importer(815301076,1909f56bfc062723c751e8b465ee728b)  -> (artifact id: 'a6d37436fb3095955430165cbe86da25') in 0.010708 seconds 
========================================================================
Received Import Request.
  Time since last request: 0.000075 seconds.
  path: Packages/com.unity.2d.animation/Editor/Assets/SkinningModule/Icons/Light/Create_Vertex@2x.png
  artifactKey: Guid(a0c33b3a6e0728343b29883d739f1322) Importer(815301076,1909f56bfc062723c751e8b465ee728b)
Start importing Packages/com.unity.2d.animation/Editor/Assets/SkinningModule/Icons/Light/Create_Vertex@2x.png using Guid(a0c33b3a6e0728343b29883d739f1322) Importer(815301076,1909f56bfc062723c751e8b465ee728b)  -> (artifact id: '3a412cef62be24818c846e7a87ec6083') in 0.004499 seconds 
========================================================================
Received Import Request.
  Time since last request: 0.000046 seconds.
  path: Packages/com.unity.2d.animation/Editor/Assets/SkinningModule/Icons/Light/Create Bones@2x.png
  artifactKey: Guid(03976b6af3289c0409a55e2c4eab4087) Importer(815301076,1909f56bfc062723c751e8b465ee728b)
Start importing Packages/com.unity.2d.animation/Editor/Assets/SkinningModule/Icons/Light/Create Bones@2x.png using Guid(03976b6af3289c0409a55e2c4eab4087) Importer(815301076,1909f56bfc062723c751e8b465ee728b)  -> (artifact id: 'b94d6482c15fea719ffe99924d820019') in 0.005105 seconds 
========================================================================
Received Import Request.
  Time since last request: 0.000065 seconds.
  path: Packages/com.unity.2d.animation/Editor/Assets/SkinningModule/Icons/Light/character_Mode.png
  artifactKey: Guid(d4d64a6cd9624c34a815dd79fb2a20a4) Importer(815301076,1909f56bfc062723c751e8b465ee728b)
Start importing Packages/com.unity.2d.animation/Editor/Assets/SkinningModule/Icons/Light/character_Mode.png using Guid(d4d64a6cd9624c34a815dd79fb2a20a4) Importer(815301076,1909f56bfc062723c751e8b465ee728b)  -> (artifact id: 'ad095d1763fb42a0cb37aa6edda8610c') in 0.006622 seconds 
========================================================================
Received Import Request.
  Time since last request: 0.000068 seconds.
  path: Packages/com.unity.2d.animation/Editor/Assets/SkinningModule/Icons/Dark/d_Edit_Joints@4x.png
  artifactKey: Guid(15d3c315af8faf2498573371308b9d3e) Importer(815301076,1909f56bfc062723c751e8b465ee728b)
Start importing Packages/com.unity.2d.animation/Editor/Assets/SkinningModule/Icons/Dark/d_Edit_Joints@4x.png using Guid(15d3c315af8faf2498573371308b9d3e) Importer(815301076,1909f56bfc062723c751e8b465ee728b)  -> (artifact id: '2f451d7a96c17ae78d66e64bd4b79d9e') in 0.005677 seconds 
========================================================================
Received Import Request.
  Time since last request: 0.000041 seconds.
  path: Packages/com.unity.2d.animation/Editor/Assets/SkinningModule/Icons/Selected/d_Bone@3x.png
  artifactKey: Guid(443d05f2a4ae81a4297ac8ec762644c3) Importer(815301076,1909f56bfc062723c751e8b465ee728b)
Start importing Packages/com.unity.2d.animation/Editor/Assets/SkinningModule/Icons/Selected/d_Bone@3x.png using Guid(443d05f2a4ae81a4297ac8ec762644c3) Importer(815301076,1909f56bfc062723c751e8b465ee728b)  -> (artifact id: '5d6b2fd48c509e268f1443d954c8b19e') in 0.004932 seconds 
========================================================================
Received Import Request.
  Time since last request: 0.000043 seconds.
  path: Packages/com.unity.2d.animation/Editor/Assets/SkinningModule/Icons/Light/Edit_Geometry.png
  artifactKey: Guid(5242f1eff2245a741a7cec5ada97f9f2) Importer(815301076,1909f56bfc062723c751e8b465ee728b)
Start importing Packages/com.unity.2d.animation/Editor/Assets/SkinningModule/Icons/Light/Edit_Geometry.png using Guid(5242f1eff2245a741a7cec5ada97f9f2) Importer(815301076,1909f56bfc062723c751e8b465ee728b)  -> (artifact id: '4f151d73ef0578b2575843b64f9003ba') in 0.005170 seconds 
========================================================================
Received Import Request.
  Time since last request: 0.000040 seconds.
  path: Packages/com.unity.collab-proxy/Editor/PlasticSCM/Assets/Images/d_iconplasticviewnotify@2x.png
  artifactKey: Guid(64eb0648ca0d11944a9517d8662508fd) Importer(815301076,1909f56bfc062723c751e8b465ee728b)
Start importing Packages/com.unity.collab-proxy/Editor/PlasticSCM/Assets/Images/d_iconplasticviewnotify@2x.png using Guid(64eb0648ca0d11944a9517d8662508fd) Importer(815301076,1909f56bfc062723c751e8b465ee728b)  -> (artifact id: 'f624a22f613279552f263a37009b2a9f') in 0.004978 seconds 
========================================================================
Received Import Request.
  Time since last request: 0.000055 seconds.
  path: Packages/com.unity.2d.animation/Editor/Assets/SkinningModule/Icons/Dark/d_character_Mode@2x.png
  artifactKey: Guid(d4a1388a0d4ee9c44bcaa86e463a7b39) Importer(815301076,1909f56bfc062723c751e8b465ee728b)
Start importing Packages/com.unity.2d.animation/Editor/Assets/SkinningModule/Icons/Dark/d_character_Mode@2x.png using Guid(d4a1388a0d4ee9c44bcaa86e463a7b39) Importer(815301076,1909f56bfc062723c751e8b465ee728b)  -> (artifact id: '28e1527d62bf0f0e8843c29602af730c') in 0.006146 seconds 
========================================================================
Received Import Request.
  Time since last request: 0.000060 seconds.
  path: Packages/com.unity.2d.animation/Editor/Assets/SkinningModule/Icons/Dark/d_Create_Edge@4x.png
  artifactKey: Guid(62053ed690017d143bd2cfa8e5dc3ff5) Importer(815301076,1909f56bfc062723c751e8b465ee728b)
Start importing Packages/com.unity.2d.animation/Editor/Assets/SkinningModule/Icons/Dark/d_Create_Edge@4x.png using Guid(62053ed690017d143bd2cfa8e5dc3ff5) Importer(815301076,1909f56bfc062723c751e8b465ee728b)  -> (artifact id: 'd6c9474923817497b20b8e79fa1d01ef') in 0.006033 seconds 
========================================================================
Received Import Request.
  Time since last request: 0.000047 seconds.
  path: Packages/com.unity.2d.animation/Editor/Assets/SkinningModule/Icons/Dark/d_Split_Edge@3x.png
  artifactKey: Guid(03cb0f9b9d35a14499ccade97f1b3da1) Importer(815301076,1909f56bfc062723c751e8b465ee728b)
Start importing Packages/com.unity.2d.animation/Editor/Assets/SkinningModule/Icons/Dark/d_Split_Edge@3x.png using Guid(03cb0f9b9d35a14499ccade97f1b3da1) Importer(815301076,1909f56bfc062723c751e8b465ee728b)  -> (artifact id: '9da20c5e0992cd45cccbaea5d66195ba') in 0.005206 seconds 
========================================================================
Received Import Request.
  Time since last request: 0.000042 seconds.
  path: Packages/com.unity.2d.animation/Editor/Assets/SkinningModule/Icons/Selected/character_Mode@2x.png
  artifactKey: Guid(5d52b20f865aff242bfcb08c3b6f61a5) Importer(815301076,1909f56bfc062723c751e8b465ee728b)
Start importing Packages/com.unity.2d.animation/Editor/Assets/SkinningModule/Icons/Selected/character_Mode@2x.png using Guid(5d52b20f865aff242bfcb08c3b6f61a5) Importer(815301076,1909f56bfc062723c751e8b465ee728b)  -> (artifact id: '839918f670e23af16d356ab1b44de616') in 0.005353 seconds 
========================================================================
Received Import Request.
  Time since last request: 0.000048 seconds.
  path: Packages/com.unity.collab-proxy/Editor/PlasticSCM/Assets/Images/d_icondeletedremoteoverlay@2x.png
  artifactKey: Guid(2cfbf6619eb047545a425e8a31732c83) Importer(815301076,1909f56bfc062723c751e8b465ee728b)
Start importing Packages/com.unity.collab-proxy/Editor/PlasticSCM/Assets/Images/d_icondeletedremoteoverlay@2x.png using Guid(2cfbf6619eb047545a425e8a31732c83) Importer(815301076,1909f56bfc062723c751e8b465ee728b)  -> (artifact id: '152220eddd7be7c97e48028f6070285e') in 0.005229 seconds 
========================================================================
Received Import Request.
  Time since last request: 0.000070 seconds.
  path: Packages/com.unity.2d.animation/Editor/Assets/SkinningModule/Icons/Dark/d_Edit_Geometry@4x.png
  artifactKey: Guid(7af5f1b9cb7fc7645a9f27f070fbe2fd) Importer(815301076,1909f56bfc062723c751e8b465ee728b)
Start importing Packages/com.unity.2d.animation/Editor/Assets/SkinningModule/Icons/Dark/d_Edit_Geometry@4x.png using Guid(7af5f1b9cb7fc7645a9f27f070fbe2fd) Importer(815301076,1909f56bfc062723c751e8b465ee728b)  -> (artifact id: '826abde2df146c3951304a38dd9fb829') in 0.005141 seconds 
========================================================================
Received Import Request.
  Time since last request: 0.000060 seconds.
  path: Packages/com.unity.2d.animation/Editor/Assets/SkinningModule/Icons/Selected/Create_Edge@2x.png
  artifactKey: Guid(e5da66fa63839274dbffb877e43e888b) Importer(815301076,1909f56bfc062723c751e8b465ee728b)
Start importing Packages/com.unity.2d.animation/Editor/Assets/SkinningModule/Icons/Selected/Create_Edge@2x.png using Guid(e5da66fa63839274dbffb877e43e888b) Importer(815301076,1909f56bfc062723c751e8b465ee728b)  -> (artifact id: 'aa3c25ec8e232810a910ff27a630dc4f') in 0.005328 seconds 
========================================================================
Received Import Request.
  Time since last request: 0.000053 seconds.
  path: Packages/com.unity.2d.animation/Editor/Assets/SkinningModule/Icons/Dark/d_Parent_Bone@2x.png
  artifactKey: Guid(1038032ed9d668e438d3f97dd8014cbb) Importer(815301076,1909f56bfc062723c751e8b465ee728b)
Start importing Packages/com.unity.2d.animation/Editor/Assets/SkinningModule/Icons/Dark/d_Parent_Bone@2x.png using Guid(1038032ed9d668e438d3f97dd8014cbb) Importer(815301076,1909f56bfc062723c751e8b465ee728b)  -> (artifact id: 'eff44469a9c9b345652b0d45eff3829a') in 0.005465 seconds 
========================================================================
Received Import Request.
  Time since last request: 0.000073 seconds.
  path: Packages/com.unity.2d.animation/Editor/Assets/SkinningModule/Icons/Dark/d_Generate_Weights@4x.png
  artifactKey: Guid(8e88614a5d2aead4998a8c70955662c6) Importer(815301076,1909f56bfc062723c751e8b465ee728b)
Start importing Packages/com.unity.2d.animation/Editor/Assets/SkinningModule/Icons/Dark/d_Generate_Weights@4x.png using Guid(8e88614a5d2aead4998a8c70955662c6) Importer(815301076,1909f56bfc062723c751e8b465ee728b)  -> (artifact id: 'edbf584c67722163251e240ab4eb6973') in 0.005491 seconds 
========================================================================
Received Import Request.
  Time since last request: 0.000054 seconds.
  path: Packages/com.unity.2d.animation/Editor/Assets/SkinningModule/Icons/Dark/d_Create_Vertex@3x.png
  artifactKey: Guid(501233c9f1da3ef44b4ff7115f564d9b) Importer(815301076,1909f56bfc062723c751e8b465ee728b)
Start importing Packages/com.unity.2d.animation/Editor/Assets/SkinningModule/Icons/Dark/d_Create_Vertex@3x.png using Guid(501233c9f1da3ef44b4ff7115f564d9b) Importer(815301076,1909f56bfc062723c751e8b465ee728b)  -> (artifact id: '6117e5eb45b49df4afb31a8d098cd4e6') in 0.006583 seconds 
========================================================================
Received Import Request.
  Time since last request: 0.000047 seconds.
  path: Packages/com.unity.2d.animation/Editor/Assets/SkinningModule/Icons/Light/Bone_Influence@3x.png
  artifactKey: Guid(cee9dbe90b270c944ae1dabf41c93b10) Importer(815301076,1909f56bfc062723c751e8b465ee728b)
Start importing Packages/com.unity.2d.animation/Editor/Assets/SkinningModule/Icons/Light/Bone_Influence@3x.png using Guid(cee9dbe90b270c944ae1dabf41c93b10) Importer(815301076,1909f56bfc062723c751e8b465ee728b)  -> (artifact id: 'd46804d23286aedca8432421e4707600') in 0.006119 seconds 
========================================================================
Received Import Request.
  Time since last request: 0.000063 seconds.
  path: Packages/com.unity.2d.animation/Editor/Assets/SkinningModule/Icons/Dark/d_Generate_Geometry.png
  artifactKey: Guid(bba3ad14ed4c2d64fbd090a846ffaaea) Importer(815301076,1909f56bfc062723c751e8b465ee728b)
Start importing Packages/com.unity.2d.animation/Editor/Assets/SkinningModule/Icons/Dark/d_Generate_Geometry.png using Guid(bba3ad14ed4c2d64fbd090a846ffaaea) Importer(815301076,1909f56bfc062723c751e8b465ee728b)  -> (artifact id: '45925436703c3d8f7a05fe4db37abb07') in 0.005245 seconds 
========================================================================
Received Import Request.
  Time since last request: 0.000043 seconds.
  path: Packages/com.unity.collab-proxy/Editor/PlasticSCM/Assets/Images/d_iconcheckedoutlocaloverlay@2x.png
  artifactKey: Guid(8d98ab6168c3e91439339f1908b8fe97) Importer(815301076,1909f56bfc062723c751e8b465ee728b)
Start importing Packages/com.unity.collab-proxy/Editor/PlasticSCM/Assets/Images/d_iconcheckedoutlocaloverlay@2x.png using Guid(8d98ab6168c3e91439339f1908b8fe97) Importer(815301076,1909f56bfc062723c751e8b465ee728b)  -> (artifact id: '5012c69fd5f0221f399e0e65c3a17c1d') in 0.005033 seconds 
========================================================================
Received Import Request.
  Time since last request: 0.000041 seconds.
  path: Packages/com.unity.collab-proxy/Editor/PlasticSCM/Assets/Images/buttonssosigninemail.png
  artifactKey: Guid(d24e7e0b75e1a244bb9687d6fd4315ef) Importer(815301076,1909f56bfc062723c751e8b465ee728b)
Start importing Packages/com.unity.collab-proxy/Editor/PlasticSCM/Assets/Images/buttonssosigninemail.png using Guid(d24e7e0b75e1a244bb9687d6fd4315ef) Importer(815301076,1909f56bfc062723c751e8b465ee728b)  -> (artifact id: '60c536ff862fc78299b81404eaa7c856') in 0.004960 seconds 
========================================================================
Received Import Request.
  Time since last request: 0.000044 seconds.
  path: Packages/com.unity.2d.animation/Editor/Assets/SkinningModule/Icons/Dark/d_Generate_Geometry@3x.png
  artifactKey: Guid(d0c7c8e72b5fcf84e9478a13bd449ae6) Importer(815301076,1909f56bfc062723c751e8b465ee728b)
Start importing Packages/com.unity.2d.animation/Editor/Assets/SkinningModule/Icons/Dark/d_Generate_Geometry@3x.png using Guid(d0c7c8e72b5fcf84e9478a13bd449ae6) Importer(815301076,1909f56bfc062723c751e8b465ee728b)  -> (artifact id: '75d67819cd5307fd12467258c2bee9e4') in 0.006701 seconds 
========================================================================
Received Import Request.
  Time since last request: 0.000059 seconds.
  path: Packages/com.unity.2d.animation/Editor/Assets/SkinningModule/Icons/Light/Copy@2x.png
  artifactKey: Guid(2e0cf451cb3d56742aad87ea75993209) Importer(815301076,1909f56bfc062723c751e8b465ee728b)
Start importing Packages/com.unity.2d.animation/Editor/Assets/SkinningModule/Icons/Light/Copy@2x.png using Guid(2e0cf451cb3d56742aad87ea75993209) Importer(815301076,1909f56bfc062723c751e8b465ee728b)  -> (artifact id: '3bff73f10c088d78e62606d894ce6171') in 0.005159 seconds 
========================================================================
Received Import Request.
  Time since last request: 0.000040 seconds.
  path: Packages/com.unity.2d.animation/Editor/Assets/SkinningModule/Icons/Dark/d_Create Bones@3x.png
  artifactKey: Guid(6e2c347c12b3fe04b94007ad25ace23a) Importer(815301076,1909f56bfc062723c751e8b465ee728b)
Start importing Packages/com.unity.2d.animation/Editor/Assets/SkinningModule/Icons/Dark/d_Create Bones@3x.png using Guid(6e2c347c12b3fe04b94007ad25ace23a) Importer(815301076,1909f56bfc062723c751e8b465ee728b)  -> (artifact id: 'fea09cf2347ede5e9ae80433344900ca') in 0.004515 seconds 
========================================================================
Received Import Request.
  Time since last request: 0.000046 seconds.
  path: Packages/com.unity.collab-proxy/Editor/PlasticSCM/Assets/Images/d_iconprivateoverlay@2x.png
  artifactKey: Guid(7f854f490da24e54f9e8383e446b5d81) Importer(815301076,1909f56bfc062723c751e8b465ee728b)
Start importing Packages/com.unity.collab-proxy/Editor/PlasticSCM/Assets/Images/d_iconprivateoverlay@2x.png using Guid(7f854f490da24e54f9e8383e446b5d81) Importer(815301076,1909f56bfc062723c751e8b465ee728b)  -> (artifact id: '740271e5d1ae5dd7ef29a00312d685f6') in 0.005450 seconds 
========================================================================
Received Import Request.
  Time since last request: 0.000049 seconds.
  path: Packages/com.unity.collab-proxy/Editor/PlasticSCM/Assets/Images/d_iconplasticnotifyincoming.png
  artifactKey: Guid(f31d2c855644aad4cb2030bce12859f6) Importer(815301076,1909f56bfc062723c751e8b465ee728b)
Start importing Packages/com.unity.collab-proxy/Editor/PlasticSCM/Assets/Images/d_iconplasticnotifyincoming.png using Guid(f31d2c855644aad4cb2030bce12859f6) Importer(815301076,1909f56bfc062723c751e8b465ee728b)  -> (artifact id: 'a0b49bebe35f4d486d1d0caf652b0555') in 0.005920 seconds 
========================================================================
Received Import Request.
  Time since last request: 0.000047 seconds.
  path: Packages/com.unity.2d.animation/Editor/Assets/SkinningModule/Icons/Dark/d_Visibility_Tool@3x 1.png
  artifactKey: Guid(2fe54232a3d87784e804d41060f1cd8e) Importer(815301076,1909f56bfc062723c751e8b465ee728b)
Start importing Packages/com.unity.2d.animation/Editor/Assets/SkinningModule/Icons/Dark/d_Visibility_Tool@3x 1.png using Guid(2fe54232a3d87784e804d41060f1cd8e) Importer(815301076,1909f56bfc062723c751e8b465ee728b)  -> (artifact id: '509c3168af4aa3da48eaefd9f2a7a8e7') in 0.006350 seconds 
========================================================================
Received Import Request.
  Time since last request: 0.000041 seconds.
  path: Packages/com.unity.collab-proxy/Editor/PlasticSCM/Assets/Images/d_iconemptygravatar@2x.png
  artifactKey: Guid(0ac55f9f886d827408c102bdf33c5ff7) Importer(815301076,1909f56bfc062723c751e8b465ee728b)
Start importing Packages/com.unity.collab-proxy/Editor/PlasticSCM/Assets/Images/d_iconemptygravatar@2x.png using Guid(0ac55f9f886d827408c102bdf33c5ff7) Importer(815301076,1909f56bfc062723c751e8b465ee728b)  -> (artifact id: '53123d256890e47c60cbdf8883c257eb') in 0.006630 seconds 
========================================================================
Received Import Request.
  Time since last request: 0.000057 seconds.
  path: Packages/com.unity.2d.animation/Editor/Assets/SkinningModule/Icons/Selected/Bone_Influence@4x.png
  artifactKey: Guid(daf2ab606d4db0d4f9ecf4c02137d2a8) Importer(815301076,1909f56bfc062723c751e8b465ee728b)
Start importing Packages/com.unity.2d.animation/Editor/Assets/SkinningModule/Icons/Selected/Bone_Influence@4x.png using Guid(daf2ab606d4db0d4f9ecf4c02137d2a8) Importer(815301076,1909f56bfc062723c751e8b465ee728b)  -> (artifact id: 'b7e6f273e5105b59aa53b2717ffd4ad9') in 0.005157 seconds 
========================================================================
Received Import Request.
  Time since last request: 0.000066 seconds.
  path: Packages/com.unity.2d.animation/Editor/Assets/SkinningModule/Icons/Dark/d_Visibility_Hidded@2x.png
  artifactKey: Guid(03d0123afb5451345b88c605c86db28b) Importer(815301076,1909f56bfc062723c751e8b465ee728b)
Start importing Packages/com.unity.2d.animation/Editor/Assets/SkinningModule/Icons/Dark/d_Visibility_Hidded@2x.png using Guid(03d0123afb5451345b88c605c86db28b) Importer(815301076,1909f56bfc062723c751e8b465ee728b)  -> (artifact id: 'a6190f92050273fb307561a20d94e9fe') in 0.004747 seconds 
========================================================================
Received Import Request.
  Time since last request: 0.000051 seconds.
  path: Packages/com.unity.2d.animation/Editor/Assets/SkinningModule/Icons/Selected/Create Bones@3x.png
  artifactKey: Guid(7835bec40f86c2c4fb3f91a6eb3b7034) Importer(815301076,1909f56bfc062723c751e8b465ee728b)
Start importing Packages/com.unity.2d.animation/Editor/Assets/SkinningModule/Icons/Selected/Create Bones@3x.png using Guid(7835bec40f86c2c4fb3f91a6eb3b7034) Importer(815301076,1909f56bfc062723c751e8b465ee728b)  -> (artifact id: 'c5841a64a5afca1be9002b4cd1104e74') in 0.004687 seconds 
========================================================================
Received Import Request.
  Time since last request: 0.000055 seconds.
  path: Packages/com.unity.2d.animation/Editor/Assets/SkinningModule/Icons/Selected/d_Visibility_Hidded.png
  artifactKey: Guid(53537648d368cf6459e256af3d925e09) Importer(815301076,1909f56bfc062723c751e8b465ee728b)
Start importing Packages/com.unity.2d.animation/Editor/Assets/SkinningModule/Icons/Selected/d_Visibility_Hidded.png using Guid(53537648d368cf6459e256af3d925e09) Importer(815301076,1909f56bfc062723c751e8b465ee728b)  -> (artifact id: '42809f77e6ed12c6aad97729e4a8a2be') in 0.005186 seconds 
========================================================================
Received Import Request.
  Time since last request: 0.000040 seconds.
  path: Packages/com.unity.2d.animation/Editor/Assets/SkinningModule/Icons/Dark/d_Mesh@3x.png
  artifactKey: Guid(7a1683154a74c9d4e9f993bd6c54f947) Importer(815301076,1909f56bfc062723c751e8b465ee728b)
Start importing Packages/com.unity.2d.animation/Editor/Assets/SkinningModule/Icons/Dark/d_Mesh@3x.png using Guid(7a1683154a74c9d4e9f993bd6c54f947) Importer(815301076,1909f56bfc062723c751e8b465ee728b)  -> (artifact id: 'd2dd37d7c9cf6ead0436f8c5d50a8064') in 0.005064 seconds 
========================================================================
Received Import Request.
  Time since last request: 0.000044 seconds.
  path: Packages/com.unity.collab-proxy/Editor/PlasticSCM/Assets/Images/d_cloudbuhoshechristmas.png
  artifactKey: Guid(9c0d6ec706e01ce448aea81584af092b) Importer(815301076,1909f56bfc062723c751e8b465ee728b)
Start importing Packages/com.unity.collab-proxy/Editor/PlasticSCM/Assets/Images/d_cloudbuhoshechristmas.png using Guid(9c0d6ec706e01ce448aea81584af092b) Importer(815301076,1909f56bfc062723c751e8b465ee728b)  -> (artifact id: '31fee20fd4f43294fc3c8894b74cc6de') in 0.009938 seconds 
========================================================================
Received Import Request.
  Time since last request: 0.000035 seconds.
  path: Packages/com.unity.collab-proxy/Editor/PlasticSCM/Assets/Images/d_genericbuhoshe1.png
  artifactKey: Guid(f2901efd8bb16bc408ad37f017fbf9bc) Importer(815301076,1909f56bfc062723c751e8b465ee728b)
Start importing Packages/com.unity.collab-proxy/Editor/PlasticSCM/Assets/Images/d_genericbuhoshe1.png using Guid(f2901efd8bb16bc408ad37f017fbf9bc) Importer(815301076,1909f56bfc062723c751e8b465ee728b)  -> (artifact id: '26809dfd3d120c81b6c2dc6913c8e544') in 0.009843 seconds 
========================================================================
Received Import Request.
  Time since last request: 0.000048 seconds.
  path: Packages/com.unity.2d.animation/Editor/Assets/SkinningModule/Icons/Dark/d_Visibility_Tool 1.png
  artifactKey: Guid(8ce57331a725cc74d84af900f8f3c641) Importer(815301076,1909f56bfc062723c751e8b465ee728b)
Start importing Packages/com.unity.2d.animation/Editor/Assets/SkinningModule/Icons/Dark/d_Visibility_Tool 1.png using Guid(8ce57331a725cc74d84af900f8f3c641) Importer(815301076,1909f56bfc062723c751e8b465ee728b)  -> (artifact id: 'cd84f742cb99538237229bf38a852efa') in 0.005535 seconds 
========================================================================
Received Import Request.
  Time since last request: 0.000032 seconds.
  path: Packages/com.unity.collab-proxy/Editor/PlasticSCM/Assets/Images/d_step3.png
  artifactKey: Guid(46930b20180b59e46b73494adf53abbb) Importer(815301076,1909f56bfc062723c751e8b465ee728b)
Start importing Packages/com.unity.collab-proxy/Editor/PlasticSCM/Assets/Images/d_step3.png using Guid(46930b20180b59e46b73494adf53abbb) Importer(815301076,1909f56bfc062723c751e8b465ee728b)  -> (artifact id: 'ed5bbe6fbbbc7d7af8032368c5313d3b') in 0.005048 seconds 
========================================================================
Received Import Request.
  Time since last request: 0.000048 seconds.
  path: Packages/com.unity.collab-proxy/Editor/PlasticSCM/Assets/Images/d_iconconflictedoverlay.png
  artifactKey: Guid(a892bcc7ae1871447926b3c44d158763) Importer(815301076,1909f56bfc062723c751e8b465ee728b)
Start importing Packages/com.unity.collab-proxy/Editor/PlasticSCM/Assets/Images/d_iconconflictedoverlay.png using Guid(a892bcc7ae1871447926b3c44d158763) Importer(815301076,1909f56bfc062723c751e8b465ee728b)  -> (artifact id: '7ac9201a047e47488bf19ce80c073f2a') in 0.004902 seconds 
========================================================================
Received Import Request.
  Time since last request: 0.000052 seconds.
  path: Packages/com.unity.collab-proxy/Editor/PlasticSCM/Assets/Images/buttonssosigninemail@2x.png
  artifactKey: Guid(ddf2e76e8a1f88f46ae1e42277850b48) Importer(815301076,1909f56bfc062723c751e8b465ee728b)
Start importing Packages/com.unity.collab-proxy/Editor/PlasticSCM/Assets/Images/buttonssosigninemail@2x.png using Guid(ddf2e76e8a1f88f46ae1e42277850b48) Importer(815301076,1909f56bfc062723c751e8b465ee728b)  -> (artifact id: 'f8326589458468c77893fa7f008ccdd2') in 0.006054 seconds 
========================================================================
Received Import Request.
  Time since last request: 0.000043 seconds.
  path: Packages/com.unity.collab-proxy/Editor/PlasticSCM/Assets/Images/d_expertbuho.png
  artifactKey: Guid(13e7e6fe43a8aa049bcd610bbc1f5ff8) Importer(815301076,1909f56bfc062723c751e8b465ee728b)
Start importing Packages/com.unity.collab-proxy/Editor/PlasticSCM/Assets/Images/d_expertbuho.png using Guid(13e7e6fe43a8aa049bcd610bbc1f5ff8) Importer(815301076,1909f56bfc062723c751e8b465ee728b)  -> (artifact id: '38a4a0c6a3898afc84c084e64f862413') in 0.009640 seconds 
========================================================================
Received Import Request.
  Time since last request: 0.000049 seconds.
  path: Packages/com.unity.2d.animation/Editor/Assets/SkinningModule/Icons/Dark/d_Generate_Weights.png
  artifactKey: Guid(05c5f13370d29414b9489151a4f5c666) Importer(815301076,1909f56bfc062723c751e8b465ee728b)
Start importing Packages/com.unity.2d.animation/Editor/Assets/SkinningModule/Icons/Dark/d_Generate_Weights.png using Guid(05c5f13370d29414b9489151a4f5c666) Importer(815301076,1909f56bfc062723c751e8b465ee728b)  -> (artifact id: '20ee0138a61037c0a3ec6faa6f5de088') in 0.005446 seconds 
========================================================================
Received Import Request.
  Time since last request: 0.000065 seconds.
  path: Packages/com.unity.2d.animation/Editor/Assets/SkinningModule/Icons/Dark/d_Bone@2x.png
  artifactKey: Guid(17d971605cfbaea47b0d10b0b5dbc406) Importer(815301076,1909f56bfc062723c751e8b465ee728b)
Start importing Packages/com.unity.2d.animation/Editor/Assets/SkinningModule/Icons/Dark/d_Bone@2x.png using Guid(17d971605cfbaea47b0d10b0b5dbc406) Importer(815301076,1909f56bfc062723c751e8b465ee728b)  -> (artifact id: '60a02b7bbb775971de050fe885d2157d') in 0.005416 seconds 
========================================================================
Received Import Request.
  Time since last request: 0.000056 seconds.
  path: Packages/com.unity.collab-proxy/Editor/PlasticSCM/Assets/Images/d_loading@2x.png
  artifactKey: Guid(7ee48c5fba4919649a8a6094cbead669) Importer(815301076,1909f56bfc062723c751e8b465ee728b)
Start importing Packages/com.unity.collab-proxy/Editor/PlasticSCM/Assets/Images/d_loading@2x.png using Guid(7ee48c5fba4919649a8a6094cbead669) Importer(815301076,1909f56bfc062723c751e8b465ee728b)  -> (artifact id: '27b32d82b3b4b2b54e15329409a64112') in 0.005541 seconds 
========================================================================
Received Import Request.
  Time since last request: 0.000052 seconds.
  path: Packages/com.unity.2d.animation/Editor/Assets/SkinningModule/Icons/Dark/d_Split Bones@3x.png
  artifactKey: Guid(64d1c4e3e3931d64880fdffaf2f4b938) Importer(815301076,1909f56bfc062723c751e8b465ee728b)
Start importing Packages/com.unity.2d.animation/Editor/Assets/SkinningModule/Icons/Dark/d_Split Bones@3x.png using Guid(64d1c4e3e3931d64880fdffaf2f4b938) Importer(815301076,1909f56bfc062723c751e8b465ee728b)  -> (artifact id: '88076525c2388b003e12de4a07d73978') in 0.005258 seconds 
========================================================================
Received Import Request.
  Time since last request: 0.000055 seconds.
  path: Packages/com.unity.2d.animation/Editor/Assets/SkinningModule/Icons/Dark/d_Split_Edge@4x.png
  artifactKey: Guid(ed130aac49764ad4f9d35454c297b75a) Importer(815301076,1909f56bfc062723c751e8b465ee728b)
Start importing Packages/com.unity.2d.animation/Editor/Assets/SkinningModule/Icons/Dark/d_Split_Edge@4x.png using Guid(ed130aac49764ad4f9d35454c297b75a) Importer(815301076,1909f56bfc062723c751e8b465ee728b)  -> (artifact id: '15f0d1f08ae359ebeebce7c080bff391') in 0.006506 seconds 
========================================================================
Received Import Request.
  Time since last request: 0.000044 seconds.
  path: Packages/com.unity.2d.animation/Editor/Assets/SkinningModule/Icons/Selected/Create_Vertex@2x.png
  artifactKey: Guid(8afb57fea8c4eea4a8085e91c810380b) Importer(815301076,1909f56bfc062723c751e8b465ee728b)
Start importing Packages/com.unity.2d.animation/Editor/Assets/SkinningModule/Icons/Selected/Create_Vertex@2x.png using Guid(8afb57fea8c4eea4a8085e91c810380b) Importer(815301076,1909f56bfc062723c751e8b465ee728b)  -> (artifact id: 'f0c19717cdb31dec3966d2f875b3dfb0') in 0.005404 seconds 
========================================================================
Received Import Request.
  Time since last request: 0.000051 seconds.
  path: Packages/com.unity.2d.animation/Editor/Assets/SkinningModule/Icons/Dark/d_Edit_Joints@3x.png
  artifactKey: Guid(e76bc39dceb8b72439432f8679056c92) Importer(815301076,1909f56bfc062723c751e8b465ee728b)
Start importing Packages/com.unity.2d.animation/Editor/Assets/SkinningModule/Icons/Dark/d_Edit_Joints@3x.png using Guid(e76bc39dceb8b72439432f8679056c92) Importer(815301076,1909f56bfc062723c751e8b465ee728b)  -> (artifact id: '05365c7af2032b1a6a6ed670a675e8ee') in 0.006922 seconds 
========================================================================
Received Import Request.
  Time since last request: 0.000057 seconds.
  path: Packages/com.unity.collab-proxy/Editor/PlasticSCM/Assets/Images/d_genericbuhochristmas2.png
  artifactKey: Guid(5955491dc8dcecb4a993d9a008cf65a7) Importer(815301076,1909f56bfc062723c751e8b465ee728b)
Start importing Packages/com.unity.collab-proxy/Editor/PlasticSCM/Assets/Images/d_genericbuhochristmas2.png using Guid(5955491dc8dcecb4a993d9a008cf65a7) Importer(815301076,1909f56bfc062723c751e8b465ee728b)  -> (artifact id: '39a51cac53fbc6f1fd74f5d9b845f5ee') in 0.009885 seconds 
========================================================================
Received Import Request.
  Time since last request: 0.000068 seconds.
  path: Packages/com.unity.collab-proxy/Editor/PlasticSCM/Assets/Images/d_iconplasticnotifyconflict@2x.png
  artifactKey: Guid(23743f0c0ed1e6546808a5d645c2a6a5) Importer(815301076,1909f56bfc062723c751e8b465ee728b)
Start importing Packages/com.unity.collab-proxy/Editor/PlasticSCM/Assets/Images/d_iconplasticnotifyconflict@2x.png using Guid(23743f0c0ed1e6546808a5d645c2a6a5) Importer(815301076,1909f56bfc062723c751e8b465ee728b)  -> (artifact id: 'fc3cdf67eb56739edfc55269ab518a87') in 0.005987 seconds 
========================================================================
Received Import Request.
  Time since last request: 0.000062 seconds.
  path: Packages/com.unity.2d.animation/Editor/Assets/SkinningModule/Icons/Selected/d_Mesh@4x.png
  artifactKey: Guid(2b4752bce841cc74bb73820ce5212d34) Importer(815301076,1909f56bfc062723c751e8b465ee728b)
Start importing Packages/com.unity.2d.animation/Editor/Assets/SkinningModule/Icons/Selected/d_Mesh@4x.png using Guid(2b4752bce841cc74bb73820ce5212d34) Importer(815301076,1909f56bfc062723c751e8b465ee728b)  -> (artifact id: '99d62898d95183d26657cf2b106c2c52') in 0.005020 seconds 
========================================================================
Received Import Request.
  Time since last request: 0.000055 seconds.
  path: Packages/com.unity.2d.animation/Editor/Assets/SkinningModule/Icons/Dark/d_Edit_Geometry@2x.png
  artifactKey: Guid(2d2e8c77fdf4f364c83224444f65fb4d) Importer(815301076,1909f56bfc062723c751e8b465ee728b)
Start importing Packages/com.unity.2d.animation/Editor/Assets/SkinningModule/Icons/Dark/d_Edit_Geometry@2x.png using Guid(2d2e8c77fdf4f364c83224444f65fb4d) Importer(815301076,1909f56bfc062723c751e8b465ee728b)  -> (artifact id: '77fdc5cc0a5cd235acb7f5161e63b544') in 0.006189 seconds 
========================================================================
Received Import Request.
  Time since last request: 0.000063 seconds.
  path: Packages/com.unity.2d.animation/Editor/Assets/SkinningModule/Icons/Dark/d_Parent_Bone@3x.png
  artifactKey: Guid(ebda3a880d7c2f14999e6ef07ebbd37d) Importer(815301076,1909f56bfc062723c751e8b465ee728b)
Start importing Packages/com.unity.2d.animation/Editor/Assets/SkinningModule/Icons/Dark/d_Parent_Bone@3x.png using Guid(ebda3a880d7c2f14999e6ef07ebbd37d) Importer(815301076,1909f56bfc062723c751e8b465ee728b)  -> (artifact id: '041375b51fa7be4f7debfdbbf6de092b') in 0.005782 seconds 
========================================================================
Received Import Request.
  Time since last request: 0.000046 seconds.
  path: Packages/com.unity.collab-proxy/Editor/PlasticSCM/Assets/Images/d_iconconflictedoverlay@2x.png
  artifactKey: Guid(a3ced8f7044b9de4787602a9e9b20ea7) Importer(815301076,1909f56bfc062723c751e8b465ee728b)
Start importing Packages/com.unity.collab-proxy/Editor/PlasticSCM/Assets/Images/d_iconconflictedoverlay@2x.png using Guid(a3ced8f7044b9de4787602a9e9b20ea7) Importer(815301076,1909f56bfc062723c751e8b465ee728b)  -> (artifact id: 'a0cdc82c25374e2d6ebd289f53ea8f03') in 0.004970 seconds 
========================================================================
Received Import Request.
  Time since last request: 0.000059 seconds.
  path: Packages/com.unity.collab-proxy/Editor/PlasticSCM/Assets/Images/d_cloudbuhoshe.png
  artifactKey: Guid(dae33700bd23f76409a80bf78fdb8a42) Importer(815301076,1909f56bfc062723c751e8b465ee728b)
Start importing Packages/com.unity.collab-proxy/Editor/PlasticSCM/Assets/Images/d_cloudbuhoshe.png using Guid(dae33700bd23f76409a80bf78fdb8a42) Importer(815301076,1909f56bfc062723c751e8b465ee728b)  -> (artifact id: '31fa61d29373fd74b4048d5e72be0554') in 0.009209 seconds 
========================================================================
Received Import Request.
  Time since last request: 0.000060 seconds.
  path: Packages/com.unity.2d.animation/Editor/Assets/SkinningModule/Icons/Light/Create_Edge@3x.png
  artifactKey: Guid(0da63bf69e254aa4a83c345c3de497c8) Importer(815301076,1909f56bfc062723c751e8b465ee728b)
Start importing Packages/com.unity.2d.animation/Editor/Assets/SkinningModule/Icons/Light/Create_Edge@3x.png using Guid(0da63bf69e254aa4a83c345c3de497c8) Importer(815301076,1909f56bfc062723c751e8b465ee728b)  -> (artifact id: '5452ec379b1bee98db6a860aa6c91339') in 0.005181 seconds 
========================================================================
Received Import Request.
  Time since last request: 0.000063 seconds.
  path: Packages/com.unity.collab-proxy/Editor/PlasticSCM/Assets/Images/d_iconundo.png
  artifactKey: Guid(691dc543ff5b9ca44bf846657ba04161) Importer(815301076,1909f56bfc062723c751e8b465ee728b)
Start importing Packages/com.unity.collab-proxy/Editor/PlasticSCM/Assets/Images/d_iconundo.png using Guid(691dc543ff5b9ca44bf846657ba04161) Importer(815301076,1909f56bfc062723c751e8b465ee728b)  -> (artifact id: 'e902a90b97dca5f3c290c8993a032709') in 0.005070 seconds 
========================================================================
Received Import Request.
  Time since last request: 0.000047 seconds.
  path: Packages/com.unity.collab-proxy/Editor/PlasticSCM/Assets/Images/d_icondeletedremoteoverlay.png
  artifactKey: Guid(3de8a0634e55df8499c88204001cb0dd) Importer(815301076,1909f56bfc062723c751e8b465ee728b)
Start importing Packages/com.unity.collab-proxy/Editor/PlasticSCM/Assets/Images/d_icondeletedremoteoverlay.png using Guid(3de8a0634e55df8499c88204001cb0dd) Importer(815301076,1909f56bfc062723c751e8b465ee728b)  -> (artifact id: 'aac5f9dc9a0a2dd4583cb29beb9cc1b0') in 0.005100 seconds 
========================================================================
Received Import Request.
  Time since last request: 0.000067 seconds.
  path: Packages/com.unity.2d.animation/Editor/Assets/SkinningModule/Icons/Dark/d_Visibility_Tool@3x.png
  artifactKey: Guid(8c3b52e1fbc36584d802ee0099c48682) Importer(815301076,1909f56bfc062723c751e8b465ee728b)
Start importing Packages/com.unity.2d.animation/Editor/Assets/SkinningModule/Icons/Dark/d_Visibility_Tool@3x.png using Guid(8c3b52e1fbc36584d802ee0099c48682) Importer(815301076,1909f56bfc062723c751e8b465ee728b)  -> (artifact id: '2b4d9e8a22b185dd041b4e070d423210') in 0.005601 seconds 
========================================================================
Received Import Request.
  Time since last request: 0.000057 seconds.
  path: Packages/com.unity.2d.animation/Editor/Assets/SkinningModule/Icons/Dark/d_Weight_Brush@2x.png
  artifactKey: Guid(fda4344db9f9d794698ed7487ca53957) Importer(815301076,1909f56bfc062723c751e8b465ee728b)
Start importing Packages/com.unity.2d.animation/Editor/Assets/SkinningModule/Icons/Dark/d_Weight_Brush@2x.png using Guid(fda4344db9f9d794698ed7487ca53957) Importer(815301076,1909f56bfc062723c751e8b465ee728b)  -> (artifact id: '9957d880cca4a2065ed5cf791acfcdef') in 0.005609 seconds 
========================================================================
Received Import Request.
  Time since last request: 0.000057 seconds.
  path: Packages/com.unity.2d.animation/Editor/Assets/SkinningModule/Icons/Dark/d_Create Bones@2x.png
  artifactKey: Guid(fea84712d555ee04a8147088aad76931) Importer(815301076,1909f56bfc062723c751e8b465ee728b)
Start importing Packages/com.unity.2d.animation/Editor/Assets/SkinningModule/Icons/Dark/d_Create Bones@2x.png using Guid(fea84712d555ee04a8147088aad76931) Importer(815301076,1909f56bfc062723c751e8b465ee728b)  -> (artifact id: 'd7fa01fe56a6bfac4e2e1455589e7f0b') in 0.005907 seconds 
========================================================================
Received Import Request.
  Time since last request: 0.000070 seconds.
  path: Packages/com.unity.2d.animation/Editor/Assets/SkinningModule/Icons/Selected/Copy.png
  artifactKey: Guid(678095381d851334fb550c5032ba1a81) Importer(815301076,1909f56bfc062723c751e8b465ee728b)
Start importing Packages/com.unity.2d.animation/Editor/Assets/SkinningModule/Icons/Selected/Copy.png using Guid(678095381d851334fb550c5032ba1a81) Importer(815301076,1909f56bfc062723c751e8b465ee728b)  -> (artifact id: '9f65ec613abe44984aa518e60ff4f9c7') in 0.005210 seconds 
========================================================================
Received Import Request.
  Time since last request: 0.000053 seconds.
  path: Packages/com.unity.2d.animation/Editor/Assets/SkinningModule/Icons/Selected/Bone_Influence.png
  artifactKey: Guid(ff00345da0563d641903c5bd5bb748a4) Importer(815301076,1909f56bfc062723c751e8b465ee728b)
Start importing Packages/com.unity.2d.animation/Editor/Assets/SkinningModule/Icons/Selected/Bone_Influence.png using Guid(ff00345da0563d641903c5bd5bb748a4) Importer(815301076,1909f56bfc062723c751e8b465ee728b)  -> (artifact id: 'e92c87189d92541e97c4e5095a24db94') in 0.004656 seconds 
========================================================================
Received Import Request.
  Time since last request: 0.000067 seconds.
  path: Packages/com.unity.collab-proxy/Editor/PlasticSCM/Assets/Images/d_iconlockedlocaloverlay@2x.png
  artifactKey: Guid(ae53a7884da90e94eb5dfeab594b746c) Importer(815301076,1909f56bfc062723c751e8b465ee728b)
Start importing Packages/com.unity.collab-proxy/Editor/PlasticSCM/Assets/Images/d_iconlockedlocaloverlay@2x.png using Guid(ae53a7884da90e94eb5dfeab594b746c) Importer(815301076,1909f56bfc062723c751e8b465ee728b)  -> (artifact id: 'a3309158a4ee6a1c4a8abcee3c818553') in 0.005287 seconds 
========================================================================
Received Import Request.
  Time since last request: 0.000046 seconds.
  path: Packages/com.unity.2d.animation/Editor/Assets/SkinningModule/Icons/Dark/d_Edit_Pose@4x.png
  artifactKey: Guid(4f3a106299767d146975053c7be09b97) Importer(815301076,1909f56bfc062723c751e8b465ee728b)
Start importing Packages/com.unity.2d.animation/Editor/Assets/SkinningModule/Icons/Dark/d_Edit_Pose@4x.png using Guid(4f3a106299767d146975053c7be09b97) Importer(815301076,1909f56bfc062723c751e8b465ee728b)  -> (artifact id: 'd07eeec0e19536823fbe32476bf5c2f6') in 0.005703 seconds 
========================================================================
Received Import Request.
  Time since last request: 0.000050 seconds.
  path: Packages/com.unity.collab-proxy/Editor/PlasticSCM/Assets/Images/d_iconoutofsyncoverlay@2x.png
  artifactKey: Guid(4d7e6e570e9d65a4c9a994783a0652e2) Importer(815301076,1909f56bfc062723c751e8b465ee728b)
Start importing Packages/com.unity.collab-proxy/Editor/PlasticSCM/Assets/Images/d_iconoutofsyncoverlay@2x.png using Guid(4d7e6e570e9d65a4c9a994783a0652e2) Importer(815301076,1909f56bfc062723c751e8b465ee728b)  -> (artifact id: '4893e872777eb085585d7beebd7fc606') in 0.006415 seconds 
========================================================================
Received Import Request.
  Time since last request: 0.000049 seconds.
  path: Packages/com.unity.2d.animation/Editor/Assets/SkinningModule/Icons/Light/Create_Vertex.png
  artifactKey: Guid(31f371f2dfe50c34081023094aed72c3) Importer(815301076,1909f56bfc062723c751e8b465ee728b)
Start importing Packages/com.unity.2d.animation/Editor/Assets/SkinningModule/Icons/Light/Create_Vertex.png using Guid(31f371f2dfe50c34081023094aed72c3) Importer(815301076,1909f56bfc062723c751e8b465ee728b)  -> (artifact id: '7f27a3853b7ad4e870a454dc51aaef90') in 0.005584 seconds 
========================================================================
Received Import Request.
  Time since last request: 0.000038 seconds.
  path: Packages/com.unity.2d.animation/Editor/Assets/SkinningModule/Icons/Selected/Create_Vertex@3x.png
  artifactKey: Guid(47fe565904dc6b1419e9acc62b99812e) Importer(815301076,1909f56bfc062723c751e8b465ee728b)
Start importing Packages/com.unity.2d.animation/Editor/Assets/SkinningModule/Icons/Selected/Create_Vertex@3x.png using Guid(47fe565904dc6b1419e9acc62b99812e) Importer(815301076,1909f56bfc062723c751e8b465ee728b)  -> (artifact id: 'a3b1b3ea631958f061be941a21e52667') in 0.005659 seconds 
========================================================================
Received Import Request.
  Time since last request: 0.000055 seconds.
  path: Packages/com.unity.2d.animation/Editor/Assets/SkinningModule/Icons/Dark/d_Visibility_Hidded@3x.png
  artifactKey: Guid(6d082a477f1715f498c6a28543125ec8) Importer(815301076,1909f56bfc062723c751e8b465ee728b)
Start importing Packages/com.unity.2d.animation/Editor/Assets/SkinningModule/Icons/Dark/d_Visibility_Hidded@3x.png using Guid(6d082a477f1715f498c6a28543125ec8) Importer(815301076,1909f56bfc062723c751e8b465ee728b)  -> (artifact id: '2dcd801c9276732619d51e7e42eb5a51') in 0.005716 seconds 
========================================================================
Received Import Request.
  Time since last request: 0.000052 seconds.
  path: Packages/com.unity.2d.animation/Editor/Assets/SkinningModule/Icons/Dark/d_Sprite_Influence@3x.png
  artifactKey: Guid(dd74e4fa4aa2947d6a14ab33d32d7c63) Importer(815301076,1909f56bfc062723c751e8b465ee728b)
Start importing Packages/com.unity.2d.animation/Editor/Assets/SkinningModule/Icons/Dark/d_Sprite_Influence@3x.png using Guid(dd74e4fa4aa2947d6a14ab33d32d7c63) Importer(815301076,1909f56bfc062723c751e8b465ee728b)  -> (artifact id: '68a8237ce2a3d3b226fb23a312e5b8ed') in 0.005822 seconds 
========================================================================
Received Import Request.
  Time since last request: 0.000047 seconds.
  path: Packages/com.unity.2d.animation/Editor/Assets/SkinningModule/Icons/Selected/Edit_Joints@4x.png
  artifactKey: Guid(d7b47eae8bab6b94798f1c25eabe65c2) Importer(815301076,1909f56bfc062723c751e8b465ee728b)
Start importing Packages/com.unity.2d.animation/Editor/Assets/SkinningModule/Icons/Selected/Edit_Joints@4x.png using Guid(d7b47eae8bab6b94798f1c25eabe65c2) Importer(815301076,1909f56bfc062723c751e8b465ee728b)  -> (artifact id: '9e62f1657c5838dcd87d978203caf886') in 0.005575 seconds 
========================================================================
Received Import Request.
  Time since last request: 0.000062 seconds.
  path: Packages/com.unity.2d.animation/Editor/Assets/SkinningModule/Icons/Dark/d_Create_Edge.png
  artifactKey: Guid(7a5bb676bcccfea429f2138b6fbd005e) Importer(815301076,1909f56bfc062723c751e8b465ee728b)
Start importing Packages/com.unity.2d.animation/Editor/Assets/SkinningModule/Icons/Dark/d_Create_Edge.png using Guid(7a5bb676bcccfea429f2138b6fbd005e) Importer(815301076,1909f56bfc062723c751e8b465ee728b)  -> (artifact id: '5ba9d64484c6856018e4a8df62b7e3c8') in 0.004598 seconds 
========================================================================
Received Import Request.
  Time since last request: 0.000045 seconds.
  path: Packages/com.unity.2d.animation/Editor/Assets/SkinningModule/Icons/Dark/d_Split Bones@2x.png
  artifactKey: Guid(afe7d261eb308984e95ffa8d883fc998) Importer(815301076,1909f56bfc062723c751e8b465ee728b)
Start importing Packages/com.unity.2d.animation/Editor/Assets/SkinningModule/Icons/Dark/d_Split Bones@2x.png using Guid(afe7d261eb308984e95ffa8d883fc998) Importer(815301076,1909f56bfc062723c751e8b465ee728b)  -> (artifact id: '97962bb0150578948793e90aca8f93db') in 0.005086 seconds 
========================================================================
Received Import Request.
  Time since last request: 0.000052 seconds.
  path: Packages/com.unity.2d.animation/Editor/Assets/SkinningModule/Icons/Selected/d_Visibility_Hidded@2x.png
  artifactKey: Guid(1a2673cb12e2ed1459bc6ab5dad05aae) Importer(815301076,1909f56bfc062723c751e8b465ee728b)
Start importing Packages/com.unity.2d.animation/Editor/Assets/SkinningModule/Icons/Selected/d_Visibility_Hidded@2x.png using Guid(1a2673cb12e2ed1459bc6ab5dad05aae) Importer(815301076,1909f56bfc062723c751e8b465ee728b)  -> (artifact id: '698840cbb05420e6a27ad82ff3e22a17') in 0.005050 seconds 
========================================================================
Received Import Request.
  Time since last request: 0.000058 seconds.
  path: Packages/com.unity.collab-proxy/Editor/PlasticSCM/Assets/Images/d_iconaddedlocal@2x.png
  artifactKey: Guid(02800fb9cff14da47a04572790384d8b) Importer(815301076,1909f56bfc062723c751e8b465ee728b)
Start importing Packages/com.unity.collab-proxy/Editor/PlasticSCM/Assets/Images/d_iconaddedlocal@2x.png using Guid(02800fb9cff14da47a04572790384d8b) Importer(815301076,1909f56bfc062723c751e8b465ee728b)  -> (artifact id: 'c680975a748592de1a0a2f485cca34ed') in 0.004648 seconds 
========================================================================
Received Import Request.
  Time since last request: 0.000061 seconds.
  path: Packages/com.unity.2d.animation/Editor/Assets/SkinningModule/Icons/Dark/d_Create_Vertex.png
  artifactKey: Guid(efe4b927ec825b242bf70d64c4258c1e) Importer(815301076,1909f56bfc062723c751e8b465ee728b)
Start importing Packages/com.unity.2d.animation/Editor/Assets/SkinningModule/Icons/Dark/d_Create_Vertex.png using Guid(efe4b927ec825b242bf70d64c4258c1e) Importer(815301076,1909f56bfc062723c751e8b465ee728b)  -> (artifact id: '876c4b921758b13afd5762ee06d7801b') in 0.005163 seconds 
========================================================================
Received Import Request.
  Time since last request: 0.000055 seconds.
  path: Packages/com.unity.2d.animation/Editor/Assets/SkinningModule/Icons/Selected/Create_Edge.png
  artifactKey: Guid(ad7b296d426713b4593ee1a19fcbf9d1) Importer(815301076,1909f56bfc062723c751e8b465ee728b)
Start importing Packages/com.unity.2d.animation/Editor/Assets/SkinningModule/Icons/Selected/Create_Edge.png using Guid(ad7b296d426713b4593ee1a19fcbf9d1) Importer(815301076,1909f56bfc062723c751e8b465ee728b)  -> (artifact id: 'ccdde307f56d211dddbe5fd2b738287f') in 0.004646 seconds 
========================================================================
Received Import Request.
  Time since last request: 0.000039 seconds.
  path: Packages/com.unity.collab-proxy/Editor/PlasticSCM/Assets/Images/d_iconconflicted@2x.png
  artifactKey: Guid(65f0e363b74cf5845ab8c3fbc14f39ac) Importer(815301076,1909f56bfc062723c751e8b465ee728b)
Start importing Packages/com.unity.collab-proxy/Editor/PlasticSCM/Assets/Images/d_iconconflicted@2x.png using Guid(65f0e363b74cf5845ab8c3fbc14f39ac) Importer(815301076,1909f56bfc062723c751e8b465ee728b)  -> (artifact id: 'e5291479486d4518c80d4a6f830217a5') in 0.005729 seconds 
========================================================================
Received Import Request.
  Time since last request: 0.000052 seconds.
  path: Packages/com.unity.collab-proxy/Editor/PlasticSCM/Assets/Images/d_icondeletedlocaloverlay.png
  artifactKey: Guid(4da274d970a82a943ae3979e7833f3dd) Importer(815301076,1909f56bfc062723c751e8b465ee728b)
Start importing Packages/com.unity.collab-proxy/Editor/PlasticSCM/Assets/Images/d_icondeletedlocaloverlay.png using Guid(4da274d970a82a943ae3979e7833f3dd) Importer(815301076,1909f56bfc062723c751e8b465ee728b)  -> (artifact id: 'f2999ad589ffa0c9e7c187c58ed369e7') in 0.004595 seconds 
========================================================================
Received Import Request.
  Time since last request: 0.000060 seconds.
  path: Packages/com.unity.collab-proxy/Editor/PlasticSCM/Assets/Images/d_iconplasticviewnotify.png
  artifactKey: Guid(df7dbac99fae5444f92b497c52f0ecfb) Importer(815301076,1909f56bfc062723c751e8b465ee728b)
Start importing Packages/com.unity.collab-proxy/Editor/PlasticSCM/Assets/Images/d_iconplasticviewnotify.png using Guid(df7dbac99fae5444f92b497c52f0ecfb) Importer(815301076,1909f56bfc062723c751e8b465ee728b)  -> (artifact id: '2f53df4d29219f9687dcf56b18d80b3b') in 0.004629 seconds 
========================================================================
Received Import Request.
  Time since last request: 0.000041 seconds.
  path: Packages/com.unity.2d.animation/Editor/Assets/SkinningModule/Icons/Light/Create_Vertex@4x.png
  artifactKey: Guid(e6a6624ab013b8e44beddfa2668afb65) Importer(815301076,1909f56bfc062723c751e8b465ee728b)
Start importing Packages/com.unity.2d.animation/Editor/Assets/SkinningModule/Icons/Light/Create_Vertex@4x.png using Guid(e6a6624ab013b8e44beddfa2668afb65) Importer(815301076,1909f56bfc062723c751e8b465ee728b)  -> (artifact id: 'e235ae07e9cfa3728ae265cca8e344a4') in 0.005557 seconds 
========================================================================
Received Import Request.
  Time since last request: 0.000056 seconds.
  path: Packages/com.unity.2d.animation/Editor/Assets/SkinningModule/Icons/Dark/d_Visibility_Tool@4x 1.png
  artifactKey: Guid(1748e795fc2216743b74f9f19e87888e) Importer(815301076,1909f56bfc062723c751e8b465ee728b)
Start importing Packages/com.unity.2d.animation/Editor/Assets/SkinningModule/Icons/Dark/d_Visibility_Tool@4x 1.png using Guid(1748e795fc2216743b74f9f19e87888e) Importer(815301076,1909f56bfc062723c751e8b465ee728b)  -> (artifact id: 'c3d2e3cca1ff405f249e0713354cfb6a') in 0.005031 seconds 
========================================================================
Received Import Request.
  Time since last request: 0.000053 seconds.
  path: Packages/com.unity.collab-proxy/Editor/PlasticSCM/Assets/Images/d_secondarytabclosehover@2x.png
  artifactKey: Guid(9aa4348290784b2468144a97eb15d8d7) Importer(815301076,1909f56bfc062723c751e8b465ee728b)
Start importing Packages/com.unity.collab-proxy/Editor/PlasticSCM/Assets/Images/d_secondarytabclosehover@2x.png using Guid(9aa4348290784b2468144a97eb15d8d7) Importer(815301076,1909f56bfc062723c751e8b465ee728b)  -> (artifact id: '5bf2e11bdfff42f4048d273e4a426dcc') in 0.006234 seconds 
========================================================================
Received Import Request.
  Time since last request: 0.000053 seconds.
  path: Packages/com.unity.collab-proxy/Editor/PlasticSCM/Assets/Images/d_iconplasticview@2x.png
  artifactKey: Guid(3168140d6f409d0448447f18568d9482) Importer(815301076,1909f56bfc062723c751e8b465ee728b)
Start importing Packages/com.unity.collab-proxy/Editor/PlasticSCM/Assets/Images/d_iconplasticview@2x.png using Guid(3168140d6f409d0448447f18568d9482) Importer(815301076,1909f56bfc062723c751e8b465ee728b)  -> (artifact id: 'c059b28fae4ff256cf6520cf7ae2d26b') in 0.005170 seconds 
========================================================================
Received Import Request.
  Time since last request: 0.000052 seconds.
  path: Packages/com.unity.2d.animation/Editor/Assets/SkinningModule/Icons/Dark/d_Parent_Bone.png
  artifactKey: Guid(8b8fa969cc0cac04b97330905b3dd95b) Importer(815301076,1909f56bfc062723c751e8b465ee728b)
Start importing Packages/com.unity.2d.animation/Editor/Assets/SkinningModule/Icons/Dark/d_Parent_Bone.png using Guid(8b8fa969cc0cac04b97330905b3dd95b) Importer(815301076,1909f56bfc062723c751e8b465ee728b)  -> (artifact id: '893a89cbe96a7ecd8cccf00245c0236e') in 0.005093 seconds 
========================================================================
Received Import Request.
  Time since last request: 0.000057 seconds.
  path: Packages/com.unity.2d.animation/Editor/Assets/SkinningModule/Icons/Dark/d_Paste@4x.png
  artifactKey: Guid(35a3340b835c797478eb139353421953) Importer(815301076,1909f56bfc062723c751e8b465ee728b)
Start importing Packages/com.unity.2d.animation/Editor/Assets/SkinningModule/Icons/Dark/d_Paste@4x.png using Guid(35a3340b835c797478eb139353421953) Importer(815301076,1909f56bfc062723c751e8b465ee728b)  -> (artifact id: '8c278bef08e0dcb4d795a33e8120eca6') in 0.005215 seconds 
========================================================================
Received Import Request.
  Time since last request: 0.000045 seconds.
  path: Packages/com.unity.2d.animation/Editor/Assets/SkinningModule/Icons/Light/character_Mode@3x.png
  artifactKey: Guid(17fa84703485d314b8d6b5216987d4b1) Importer(815301076,1909f56bfc062723c751e8b465ee728b)
Start importing Packages/com.unity.2d.animation/Editor/Assets/SkinningModule/Icons/Light/character_Mode@3x.png using Guid(17fa84703485d314b8d6b5216987d4b1) Importer(815301076,1909f56bfc062723c751e8b465ee728b)  -> (artifact id: '2f04e4bd0648a442778eef3a6065f3eb') in 0.006030 seconds 
========================================================================
Received Import Request.
  Time since last request: 0.000072 seconds.
  path: Packages/com.unity.2d.animation/Editor/Assets/SkinningModule/Icons/Dark/d_Bone_Influence@2x.png
  artifactKey: Guid(045a46ed7fd32804eb02dc411be96859) Importer(815301076,1909f56bfc062723c751e8b465ee728b)
Start importing Packages/com.unity.2d.animation/Editor/Assets/SkinningModule/Icons/Dark/d_Bone_Influence@2x.png using Guid(045a46ed7fd32804eb02dc411be96859) Importer(815301076,1909f56bfc062723c751e8b465ee728b)  -> (artifact id: 'b2fa1882e383d8347711204726ca2af2') in 0.005026 seconds 
========================================================================
Received Import Request.
  Time since last request: 0.000066 seconds.
  path: Packages/com.unity.collab-proxy/Editor/PlasticSCM/Assets/Images/d_iconplasticnotifyincoming@2x.png
  artifactKey: Guid(c5fc116b3271b5947808130b2212cd60) Importer(815301076,1909f56bfc062723c751e8b465ee728b)
Start importing Packages/com.unity.collab-proxy/Editor/PlasticSCM/Assets/Images/d_iconplasticnotifyincoming@2x.png using Guid(c5fc116b3271b5947808130b2212cd60) Importer(815301076,1909f56bfc062723c751e8b465ee728b)  -> (artifact id: 'ae71ee3697f2f88f81276c425817d7bd') in 0.004758 seconds 
========================================================================
Received Import Request.
  Time since last request: 0.000054 seconds.
  path: Packages/com.unity.2d.animation/Editor/Assets/SkinningModule/Icons/Dark/d_Bone@4x.png
  artifactKey: Guid(246d7c7c8e9e6cf43893ae13c5a81bdf) Importer(815301076,1909f56bfc062723c751e8b465ee728b)
Start importing Packages/com.unity.2d.animation/Editor/Assets/SkinningModule/Icons/Dark/d_Bone@4x.png using Guid(246d7c7c8e9e6cf43893ae13c5a81bdf) Importer(815301076,1909f56bfc062723c751e8b465ee728b)  -> (artifact id: '323eea899301922e6e09442c87a205b7') in 0.005960 seconds 
========================================================================
Received Import Request.
  Time since last request: 0.000055 seconds.
  path: Packages/com.unity.2d.animation/Editor/Assets/SkinningModule/Icons/Light/Create Bones.png
  artifactKey: Guid(0e5ae7fe3a07e88429a3e90897c6ab82) Importer(815301076,1909f56bfc062723c751e8b465ee728b)
Start importing Packages/com.unity.2d.animation/Editor/Assets/SkinningModule/Icons/Light/Create Bones.png using Guid(0e5ae7fe3a07e88429a3e90897c6ab82) Importer(815301076,1909f56bfc062723c751e8b465ee728b)  -> (artifact id: 'd1c9fea5804263eb3d3f46d5984df1bc') in 0.005201 seconds 
========================================================================
Received Import Request.
  Time since last request: 0.000066 seconds.
  path: Packages/com.unity.2d.animation/Editor/Assets/SkinningModule/Icons/Light/Copy@3x.png
  artifactKey: Guid(55ad4b6109677be42b239f450ce98c29) Importer(815301076,1909f56bfc062723c751e8b465ee728b)
Start importing Packages/com.unity.2d.animation/Editor/Assets/SkinningModule/Icons/Light/Copy@3x.png using Guid(55ad4b6109677be42b239f450ce98c29) Importer(815301076,1909f56bfc062723c751e8b465ee728b)  -> (artifact id: '4b6940e6187fa247d500afc93e3eaf0a') in 0.005635 seconds 
========================================================================
Received Import Request.
  Time since last request: 0.000052 seconds.
  path: Packages/com.unity.2d.animation/Editor/Assets/SkinningModule/Icons/Dark/d_Visibility_Tool@2x.png
  artifactKey: Guid(debf043892056974eaec3b42dfdda5b3) Importer(815301076,1909f56bfc062723c751e8b465ee728b)
Start importing Packages/com.unity.2d.animation/Editor/Assets/SkinningModule/Icons/Dark/d_Visibility_Tool@2x.png using Guid(debf043892056974eaec3b42dfdda5b3) Importer(815301076,1909f56bfc062723c751e8b465ee728b)  -> (artifact id: '96e024b9dad3fe4ec85bb389a480b738') in 0.004946 seconds 
========================================================================
Received Import Request.
  Time since last request: 0.000041 seconds.
  path: Packages/com.unity.2d.animation/Editor/Assets/SkinningModule/Icons/Selected/character_Mode@4x.png
  artifactKey: Guid(0ccc508108fa6ed4fa11b4a467d7f609) Importer(815301076,1909f56bfc062723c751e8b465ee728b)
Start importing Packages/com.unity.2d.animation/Editor/Assets/SkinningModule/Icons/Selected/character_Mode@4x.png using Guid(0ccc508108fa6ed4fa11b4a467d7f609) Importer(815301076,1909f56bfc062723c751e8b465ee728b)  -> (artifact id: '9c1a8befcb25160860f1b4f7f5c1e0c0') in 0.005447 seconds 
========================================================================
Received Import Request.
  Time since last request: 0.000035 seconds.
  path: Packages/com.unity.collab-proxy/Editor/PlasticSCM/Assets/Images/d_iconplasticnotifyconflict.png
  artifactKey: Guid(51582ae5ea51fa14996791a550f89473) Importer(815301076,1909f56bfc062723c751e8b465ee728b)
Start importing Packages/com.unity.collab-proxy/Editor/PlasticSCM/Assets/Images/d_iconplasticnotifyconflict.png using Guid(51582ae5ea51fa14996791a550f89473) Importer(815301076,1909f56bfc062723c751e8b465ee728b)  -> (artifact id: '8810ab5d1709b884b715464d02ef697d') in 0.005336 seconds 
========================================================================
Received Import Request.
  Time since last request: 0.000047 seconds.
  path: Packages/com.unity.collab-proxy/Editor/PlasticSCM/Assets/Images/d_colorbuhoshe.png
  artifactKey: Guid(a04ecc9d5e12d5d449077414eb86635e) Importer(815301076,1909f56bfc062723c751e8b465ee728b)
Start importing Packages/com.unity.collab-proxy/Editor/PlasticSCM/Assets/Images/d_colorbuhoshe.png using Guid(a04ecc9d5e12d5d449077414eb86635e) Importer(815301076,1909f56bfc062723c751e8b465ee728b)  -> (artifact id: '7abe5dee3f70a3be1f77de206d890f5f') in 0.010505 seconds 
========================================================================
Received Import Request.
  Time since last request: 0.000077 seconds.
  path: Packages/com.unity.2d.animation/Editor/Assets/SkinningModule/Icons/Dark/d_Generate_Weights@2x.png
  artifactKey: Guid(f7e651b449fe96f42badf0e18b738c78) Importer(815301076,1909f56bfc062723c751e8b465ee728b)
Start importing Packages/com.unity.2d.animation/Editor/Assets/SkinningModule/Icons/Dark/d_Generate_Weights@2x.png using Guid(f7e651b449fe96f42badf0e18b738c78) Importer(815301076,1909f56bfc062723c751e8b465ee728b)  -> (artifact id: '6183f489352d090477be8335cfd97c58') in 0.005251 seconds 
========================================================================
Received Import Request.
  Time since last request: 0.000048 seconds.
  path: Packages/com.unity.collab-proxy/Editor/PlasticSCM/Assets/Images/d_iconplasticview.png
  artifactKey: Guid(519d97e745e55f041b609f3666cbc037) Importer(815301076,1909f56bfc062723c751e8b465ee728b)
Start importing Packages/com.unity.collab-proxy/Editor/PlasticSCM/Assets/Images/d_iconplasticview.png using Guid(519d97e745e55f041b609f3666cbc037) Importer(815301076,1909f56bfc062723c751e8b465ee728b)  -> (artifact id: 'a25cefde044ed8e3cd8c9e489d837c06') in 0.004887 seconds 
========================================================================
Received Import Request.
  Time since last request: 0.000046 seconds.
  path: Packages/com.unity.collab-proxy/Editor/PlasticSCM/Assets/Images/d_genericbuho3.png
  artifactKey: Guid(9e9474494461bd048803b48e391ef0f6) Importer(815301076,1909f56bfc062723c751e8b465ee728b)
Start importing Packages/com.unity.collab-proxy/Editor/PlasticSCM/Assets/Images/d_genericbuho3.png using Guid(9e9474494461bd048803b48e391ef0f6) Importer(815301076,1909f56bfc062723c751e8b465ee728b)  -> (artifact id: 'b9b0b52735796d61d6dcc1d2cb3ccca1') in 0.009562 seconds 
========================================================================
Received Import Request.
  Time since last request: 0.000051 seconds.
  path: Packages/com.unity.collab-proxy/Editor/PlasticSCM/Assets/Images/d_genericbuhoshechristmas2.png
  artifactKey: Guid(7fd3cda14282bb7429b8eeb6c121e5bb) Importer(815301076,1909f56bfc062723c751e8b465ee728b)
Start importing Packages/com.unity.collab-proxy/Editor/PlasticSCM/Assets/Images/d_genericbuhoshechristmas2.png using Guid(7fd3cda14282bb7429b8eeb6c121e5bb) Importer(815301076,1909f56bfc062723c751e8b465ee728b)  -> (artifact id: '294bf5e4ef025ccd07492c52c96f5f5e') in 0.010201 seconds 
========================================================================
Received Import Request.
  Time since last request: 0.000058 seconds.
  path: Packages/com.unity.collab-proxy/Editor/PlasticSCM/Assets/Images/d_colorbuhochristmas.png
  artifactKey: Guid(fd098fb4cf57bad419701c802e442b7e) Importer(815301076,1909f56bfc062723c751e8b465ee728b)
Start importing Packages/com.unity.collab-proxy/Editor/PlasticSCM/Assets/Images/d_colorbuhochristmas.png using Guid(fd098fb4cf57bad419701c802e442b7e) Importer(815301076,1909f56bfc062723c751e8b465ee728b)  -> (artifact id: '1e3447d151270a141866d5dca68e8c1b') in 0.010070 seconds 
========================================================================
Received Import Request.
  Time since last request: 0.000050 seconds.
  path: Packages/com.unity.collab-proxy/Editor/PlasticSCM/Assets/Images/d_iconconflictresolvedoverlay@2x.png
  artifactKey: Guid(4a231ba0e81e63849a8f985c228e8acd) Importer(815301076,1909f56bfc062723c751e8b465ee728b)
Start importing Packages/com.unity.collab-proxy/Editor/PlasticSCM/Assets/Images/d_iconconflictresolvedoverlay@2x.png using Guid(4a231ba0e81e63849a8f985c228e8acd) Importer(815301076,1909f56bfc062723c751e8b465ee728b)  -> (artifact id: '0f10d55377dc7033db4c01faaaa56a7c') in 0.005334 seconds 
========================================================================
Received Import Request.
  Time since last request: 0.000035 seconds.
  path: Packages/com.unity.2d.animation/Editor/Assets/SkinningModule/Icons/Selected/Bone_Influence@3x.png
  artifactKey: Guid(68e5a78013e33f247822a837e55b0ab4) Importer(815301076,1909f56bfc062723c751e8b465ee728b)
Start importing Packages/com.unity.2d.animation/Editor/Assets/SkinningModule/Icons/Selected/Bone_Influence@3x.png using Guid(68e5a78013e33f247822a837e55b0ab4) Importer(815301076,1909f56bfc062723c751e8b465ee728b)  -> (artifact id: '667d61b746e30e004f407e0df7955228') in 0.007108 seconds 
========================================================================
Received Import Request.
  Time since last request: 0.000054 seconds.
  path: Packages/com.unity.collab-proxy/Editor/PlasticSCM/Assets/Images/d_genericbuho2.png
  artifactKey: Guid(0f061b4bd0275bc4eb60f2af31e7375a) Importer(815301076,1909f56bfc062723c751e8b465ee728b)
Start importing Packages/com.unity.collab-proxy/Editor/PlasticSCM/Assets/Images/d_genericbuho2.png using Guid(0f061b4bd0275bc4eb60f2af31e7375a) Importer(815301076,1909f56bfc062723c751e8b465ee728b)  -> (artifact id: '14bed848a690ac5e571b9f1913e5c551') in 0.009855 seconds 
========================================================================
Received Import Request.
  Time since last request: 0.000056 seconds.
  path: Packages/com.unity.collab-proxy/Editor/PlasticSCM/Assets/Images/d_step1.png
  artifactKey: Guid(38236a82ff44aaa4b972248479d5f970) Importer(815301076,1909f56bfc062723c751e8b465ee728b)
Start importing Packages/com.unity.collab-proxy/Editor/PlasticSCM/Assets/Images/d_step1.png using Guid(38236a82ff44aaa4b972248479d5f970) Importer(815301076,1909f56bfc062723c751e8b465ee728b)  -> (artifact id: 'c5d79a4de8132b548cc83608f40294cc') in 0.006652 seconds 
========================================================================
Received Import Request.
  Time since last request: 0.000052 seconds.
  path: Packages/com.unity.collab-proxy/Editor/PlasticSCM/Assets/Images/d_genericbuho1.png
  artifactKey: Guid(43ad51e043491b94d8f6c62d55ac5ede) Importer(815301076,1909f56bfc062723c751e8b465ee728b)
Start importing Packages/com.unity.collab-proxy/Editor/PlasticSCM/Assets/Images/d_genericbuho1.png using Guid(43ad51e043491b94d8f6c62d55ac5ede) Importer(815301076,1909f56bfc062723c751e8b465ee728b)  -> (artifact id: '1eccf1caf6c93e7e21fbf2e593c0b440') in 0.009669 seconds 
========================================================================
Received Import Request.
  Time since last request: 0.000069 seconds.
  path: Packages/com.unity.collab-proxy/Editor/PlasticSCM/Assets/Images/d_icondeletedremote@2x.png
  artifactKey: Guid(626b9cddb29049e4cac50cd87b419945) Importer(815301076,1909f56bfc062723c751e8b465ee728b)
Start importing Packages/com.unity.collab-proxy/Editor/PlasticSCM/Assets/Images/d_icondeletedremote@2x.png using Guid(626b9cddb29049e4cac50cd87b419945) Importer(815301076,1909f56bfc062723c751e8b465ee728b)  -> (artifact id: '4afc4170d03dca9a0dcd8647ad37a768') in 0.005113 seconds 
========================================================================
Received Import Request.
  Time since last request: 0.000040 seconds.
  path: Packages/com.unity.collab-proxy/Editor/PlasticSCM/Assets/Images/d_iconaddedoverlay.png
  artifactKey: Guid(73d124bf77e463c45942d14136745d9f) Importer(815301076,1909f56bfc062723c751e8b465ee728b)
Start importing Packages/com.unity.collab-proxy/Editor/PlasticSCM/Assets/Images/d_iconaddedoverlay.png using Guid(73d124bf77e463c45942d14136745d9f) Importer(815301076,1909f56bfc062723c751e8b465ee728b)  -> (artifact id: '91685496753db8c0b1a8d7d667141d3d') in 0.005444 seconds 
========================================================================
Received Import Request.
  Time since last request: 0.000051 seconds.
  path: Packages/com.unity.collab-proxy/Editor/PlasticSCM/Assets/Images/d_iconoutofsyncoverlay.png
  artifactKey: Guid(dc633de6e6e7415448c7568418239a9d) Importer(815301076,1909f56bfc062723c751e8b465ee728b)
Start importing Packages/com.unity.collab-proxy/Editor/PlasticSCM/Assets/Images/d_iconoutofsyncoverlay.png using Guid(dc633de6e6e7415448c7568418239a9d) Importer(815301076,1909f56bfc062723c751e8b465ee728b)  -> (artifact id: '85f0f11882349514d8c5ea0828d4f40d') in 0.004846 seconds 
========================================================================
Received Import Request.
  Time since last request: 0.000052 seconds.
  path: Packages/com.unity.collab-proxy/Editor/PlasticSCM/Assets/Images/d_secondarytabclosehover.png
  artifactKey: Guid(6a9d211bea1bc4a429d86cbb2d0b0a3e) Importer(815301076,1909f56bfc062723c751e8b465ee728b)
Start importing Packages/com.unity.collab-proxy/Editor/PlasticSCM/Assets/Images/d_secondarytabclosehover.png using Guid(6a9d211bea1bc4a429d86cbb2d0b0a3e) Importer(815301076,1909f56bfc062723c751e8b465ee728b)  -> (artifact id: '1ac987bac3fdf23716fb20b8a0ddea97') in 0.005803 seconds 
========================================================================
Received Import Request.
  Time since last request: 0.000055 seconds.
  path: Packages/com.unity.2d.animation/Editor/Assets/SkinningModule/Icons/Light/Copy@4x.png
  artifactKey: Guid(5430b5412bcac5b4986be0a875a5e978) Importer(815301076,1909f56bfc062723c751e8b465ee728b)
Start importing Packages/com.unity.2d.animation/Editor/Assets/SkinningModule/Icons/Light/Copy@4x.png using Guid(5430b5412bcac5b4986be0a875a5e978) Importer(815301076,1909f56bfc062723c751e8b465ee728b)  -> (artifact id: '8e7d318004e0d369d9787540c07b8b80') in 0.005616 seconds 
========================================================================
Received Import Request.
  Time since last request: 0.000046 seconds.
  path: Packages/com.unity.2d.animation/Editor/Assets/SkinningModule/Icons/Light/Edit_Joints.png
  artifactKey: Guid(e7b30dca77466b8478690c280b0010ea) Importer(815301076,1909f56bfc062723c751e8b465ee728b)
Start importing Packages/com.unity.2d.animation/Editor/Assets/SkinningModule/Icons/Light/Edit_Joints.png using Guid(e7b30dca77466b8478690c280b0010ea) Importer(815301076,1909f56bfc062723c751e8b465ee728b)  -> (artifact id: '96a468a4acec9f9e749c84b97ca2adc1') in 0.004807 seconds 
========================================================================
Received Import Request.
  Time since last request: 0.000053 seconds.
  path: Packages/com.unity.collab-proxy/Editor/PlasticSCM/Assets/Images/d_buttonssosigninemail@2x.png
  artifactKey: Guid(144aa74618b85974a9a50f612c2fa8fd) Importer(815301076,1909f56bfc062723c751e8b465ee728b)
Start importing Packages/com.unity.collab-proxy/Editor/PlasticSCM/Assets/Images/d_buttonssosigninemail@2x.png using Guid(144aa74618b85974a9a50f612c2fa8fd) Importer(815301076,1909f56bfc062723c751e8b465ee728b)  -> (artifact id: '3535ec179b321af40caf87e79ed1b20e') in 0.005276 seconds 
========================================================================
Received Import Request.
  Time since last request: 0.000053 seconds.
  path: Packages/com.unity.2d.animation/Editor/Assets/SkinningModule/Icons/Selected/Bone_Influence@2x.png
  artifactKey: Guid(0779ad3feec52124e97114bcbb12ef13) Importer(815301076,1909f56bfc062723c751e8b465ee728b)
Start importing Packages/com.unity.2d.animation/Editor/Assets/SkinningModule/Icons/Selected/Bone_Influence@2x.png using Guid(0779ad3feec52124e97114bcbb12ef13) Importer(815301076,1909f56bfc062723c751e8b465ee728b)  -> (artifact id: 'dead6e70d202a6dbe28581b15bf8a866') in 0.005391 seconds 
========================================================================
Received Import Request.
  Time since last request: 0.000049 seconds.
  path: Packages/com.unity.collab-proxy/Editor/PlasticSCM/Assets/Images/d_iconconflicted.png
  artifactKey: Guid(881798b77426a8f47b533dcc4767e9e5) Importer(815301076,1909f56bfc062723c751e8b465ee728b)
Start importing Packages/com.unity.collab-proxy/Editor/PlasticSCM/Assets/Images/d_iconconflicted.png using Guid(881798b77426a8f47b533dcc4767e9e5) Importer(815301076,1909f56bfc062723c751e8b465ee728b)  -> (artifact id: 'eaa4ad32eafddd758ff3fb17c997d60c') in 0.004269 seconds 
========================================================================
Received Import Request.
  Time since last request: 0.000054 seconds.
  path: Packages/com.unity.2d.animation/Editor/Assets/SkinningModule/Icons/Selected/d_Visibility_Hidded@4x.png
  artifactKey: Guid(8008767850e870a4e8baaf5a6fc8b35c) Importer(815301076,1909f56bfc062723c751e8b465ee728b)
Start importing Packages/com.unity.2d.animation/Editor/Assets/SkinningModule/Icons/Selected/d_Visibility_Hidded@4x.png using Guid(8008767850e870a4e8baaf5a6fc8b35c) Importer(815301076,1909f56bfc062723c751e8b465ee728b)  -> (artifact id: 'e3f381efb0668e62eecff102fb343fd4') in 0.006360 seconds 
========================================================================
Received Import Request.
  Time since last request: 0.000051 seconds.
  path: Packages/com.unity.collab-proxy/Editor/PlasticSCM/Assets/Images/d_genericbuhochristmas1.png
  artifactKey: Guid(e36d1a38d7aa309409e80bf66a089330) Importer(815301076,1909f56bfc062723c751e8b465ee728b)
Start importing Packages/com.unity.collab-proxy/Editor/PlasticSCM/Assets/Images/d_genericbuhochristmas1.png using Guid(e36d1a38d7aa309409e80bf66a089330) Importer(815301076,1909f56bfc062723c751e8b465ee728b)  -> (artifact id: 'f10a9fa789dc2e709367f3ba79bf930c') in 0.009899 seconds 
========================================================================
Received Import Request.
  Time since last request: 0.000049 seconds.
  path: Packages/com.unity.2d.animation/Editor/Assets/SkinningModule/Icons/Dark/d_Split Bones.png
  artifactKey: Guid(3e98b5bf8fbc84d4bafe25706ebcde8a) Importer(815301076,1909f56bfc062723c751e8b465ee728b)
Start importing Packages/com.unity.2d.animation/Editor/Assets/SkinningModule/Icons/Dark/d_Split Bones.png using Guid(3e98b5bf8fbc84d4bafe25706ebcde8a) Importer(815301076,1909f56bfc062723c751e8b465ee728b)  -> (artifact id: '935c1eeffe7196958ff94d108fe1805f') in 0.004923 seconds 
========================================================================
Received Import Request.
  Time since last request: 0.000056 seconds.
  path: Packages/com.unity.2d.animation/Editor/Assets/SkinningModule/Icons/Selected/d_Visibility_Tool@2x.png
  artifactKey: Guid(a9e89ee3f041fa5459a4e78b37d1e58e) Importer(815301076,1909f56bfc062723c751e8b465ee728b)
Start importing Packages/com.unity.2d.animation/Editor/Assets/SkinningModule/Icons/Selected/d_Visibility_Tool@2x.png using Guid(a9e89ee3f041fa5459a4e78b37d1e58e) Importer(815301076,1909f56bfc062723c751e8b465ee728b)  -> (artifact id: 'd5980cbcc41eef2189e632937c0c87e5') in 0.005160 seconds 
========================================================================
Received Import Request.
  Time since last request: 0.000048 seconds.
  path: Packages/com.unity.2d.animation/Editor/Assets/SkinningModule/Icons/Dark/d_Mesh@4x.png
  artifactKey: Guid(39b89ea328c2cad4abef27aedb17a4a3) Importer(815301076,1909f56bfc062723c751e8b465ee728b)
Start importing Packages/com.unity.2d.animation/Editor/Assets/SkinningModule/Icons/Dark/d_Mesh@4x.png using Guid(39b89ea328c2cad4abef27aedb17a4a3) Importer(815301076,1909f56bfc062723c751e8b465ee728b)  -> (artifact id: '611906e8ac89bf1c59caa35ebbee487a') in 0.005396 seconds 
========================================================================
Received Import Request.
  Time since last request: 0.000049 seconds.
  path: Packages/com.unity.collab-proxy/Editor/PlasticSCM/Assets/Images/d_iconlockedremoteoverlay@2x.png
  artifactKey: Guid(2bb4e96f5d0b02c468932d665a015c54) Importer(815301076,1909f56bfc062723c751e8b465ee728b)
Start importing Packages/com.unity.collab-proxy/Editor/PlasticSCM/Assets/Images/d_iconlockedremoteoverlay@2x.png using Guid(2bb4e96f5d0b02c468932d665a015c54) Importer(815301076,1909f56bfc062723c751e8b465ee728b)  -> (artifact id: '12e81960c0e01b56104f516bafc2b4ae') in 0.005020 seconds 
========================================================================
Received Import Request.
  Time since last request: 0.000058 seconds.
  path: Packages/com.unity.2d.animation/Editor/Assets/SkinningModule/Icons/Dark/d_Create_Edge@3x.png
  artifactKey: Guid(9d68cf945428ac2448d4c657f30b31cc) Importer(815301076,1909f56bfc062723c751e8b465ee728b)
Start importing Packages/com.unity.2d.animation/Editor/Assets/SkinningModule/Icons/Dark/d_Create_Edge@3x.png using Guid(9d68cf945428ac2448d4c657f30b31cc) Importer(815301076,1909f56bfc062723c751e8b465ee728b)  -> (artifact id: 'c06e617a4cc276d51bd3fe0414033e3b') in 0.004898 seconds 
========================================================================
Received Import Request.
  Time since last request: 0.000049 seconds.
  path: Packages/com.unity.2d.animation/Editor/Assets/SkinningModule/Icons/Light/character_Mode@4x.png
  artifactKey: Guid(748ae8b33df036b46a86e0387f1602cf) Importer(815301076,1909f56bfc062723c751e8b465ee728b)
Start importing Packages/com.unity.2d.animation/Editor/Assets/SkinningModule/Icons/Light/character_Mode@4x.png using Guid(748ae8b33df036b46a86e0387f1602cf) Importer(815301076,1909f56bfc062723c751e8b465ee728b)  -> (artifact id: 'ad8282942ddc529105a2e30bc4923ac7') in 0.005306 seconds 
========================================================================
Received Import Request.
  Time since last request: 6.065470 seconds.
  path: Packages/com.unity.2d.animation/Editor/Assets/SkinningModule/Icons/Selected/Edit_Pose.png
  artifactKey: Guid(9844a6aa871b23547892e819f4dd55c3) Importer(815301076,1909f56bfc062723c751e8b465ee728b)
Start importing Packages/com.unity.2d.animation/Editor/Assets/SkinningModule/Icons/Selected/Edit_Pose.png using Guid(9844a6aa871b23547892e819f4dd55c3) Importer(815301076,1909f56bfc062723c751e8b465ee728b)  -> (artifact id: '654c5cd27ef507eda5b754e78a0e738f') in 0.006214 seconds 
========================================================================
Received Import Request.
  Time since last request: 0.000045 seconds.
  path: Packages/com.unity.2d.animation/Editor/Assets/SkinningModule/Icons/Selected/Edit_Pose@2x.png
  artifactKey: Guid(1da4b8d35afa8314198e7b69dc383431) Importer(815301076,1909f56bfc062723c751e8b465ee728b)
Start importing Packages/com.unity.2d.animation/Editor/Assets/SkinningModule/Icons/Selected/Edit_Pose@2x.png using Guid(1da4b8d35afa8314198e7b69dc383431) Importer(815301076,1909f56bfc062723c751e8b465ee728b)  -> (artifact id: '428e6f18576f93fa91ee831639bbd260') in 0.006993 seconds 
========================================================================
Received Import Request.
  Time since last request: 0.000051 seconds.
  path: Packages/com.unity.2d.animation/Editor/Assets/SkinningModule/Icons/Selected/Generate_Weights@4x.png
  artifactKey: Guid(ea292d445b1c4cb48897511cd9453f1c) Importer(815301076,1909f56bfc062723c751e8b465ee728b)
Start importing Packages/com.unity.2d.animation/Editor/Assets/SkinningModule/Icons/Selected/Generate_Weights@4x.png using Guid(ea292d445b1c4cb48897511cd9453f1c) Importer(815301076,1909f56bfc062723c751e8b465ee728b)  -> (artifact id: '348d4b36dd105f8ab4e04a5a13944db3') in 0.005813 seconds 
========================================================================
Received Import Request.
  Time since last request: 0.000048 seconds.
  path: Packages/com.unity.2d.animation/Editor/Assets/SkinningModule/Icons/Light/Edit_Pose@2x.png
  artifactKey: Guid(f169a69b888768d44906789625031d45) Importer(815301076,1909f56bfc062723c751e8b465ee728b)
Start importing Packages/com.unity.2d.animation/Editor/Assets/SkinningModule/Icons/Light/Edit_Pose@2x.png using Guid(f169a69b888768d44906789625031d45) Importer(815301076,1909f56bfc062723c751e8b465ee728b)  -> (artifact id: 'bd6cda0e7258ec796c6db11eb58eb38f') in 0.006231 seconds 
========================================================================
Received Import Request.
  Time since last request: 0.000050 seconds.
  path: Packages/com.unity.2d.animation/Editor/Assets/SkinningModule/Icons/Selected/Generate_Geometry.png
  artifactKey: Guid(41842964c48860f46b45e7b3d5986e07) Importer(815301076,1909f56bfc062723c751e8b465ee728b)
Start importing Packages/com.unity.2d.animation/Editor/Assets/SkinningModule/Icons/Selected/Generate_Geometry.png using Guid(41842964c48860f46b45e7b3d5986e07) Importer(815301076,1909f56bfc062723c751e8b465ee728b)  -> (artifact id: 'b2c4bd2e8f9e9359f2223329fb86080f') in 0.006087 seconds 
========================================================================
Received Import Request.
  Time since last request: 0.000040 seconds.
  path: Packages/com.unity.collab-proxy/Editor/PlasticSCM/Assets/Images/iconaddedlocal.png
  artifactKey: Guid(9a1ab8af8c446204e989a90f18305caf) Importer(815301076,1909f56bfc062723c751e8b465ee728b)
Start importing Packages/com.unity.collab-proxy/Editor/PlasticSCM/Assets/Images/iconaddedlocal.png using Guid(9a1ab8af8c446204e989a90f18305caf) Importer(815301076,1909f56bfc062723c751e8b465ee728b)  -> (artifact id: '487be87ba98df2439a19563f29f21be3') in 0.005457 seconds 
========================================================================
Received Import Request.
  Time since last request: 0.000039 seconds.
  path: Packages/com.unity.2d.animation/Editor/Assets/SkinningModule/Icons/Selected/Generate_Geometry@3x.png
  artifactKey: Guid(a581ff3810b2e0a4690cddcf7634ed22) Importer(815301076,1909f56bfc062723c751e8b465ee728b)
Start importing Packages/com.unity.2d.animation/Editor/Assets/SkinningModule/Icons/Selected/Generate_Geometry@3x.png using Guid(a581ff3810b2e0a4690cddcf7634ed22) Importer(815301076,1909f56bfc062723c751e8b465ee728b)  -> (artifact id: '6c618c784a840f308e43b34999db4fbd') in 0.005741 seconds 
========================================================================
Received Import Request.
  Time since last request: 0.000042 seconds.
  path: Packages/com.unity.2d.animation/Editor/Assets/SkinningModule/Icons/Light/Generate_Weights@3x.png
  artifactKey: Guid(ed5ce024c84dbdb42ac5037d03e7c039) Importer(815301076,1909f56bfc062723c751e8b465ee728b)
Start importing Packages/com.unity.2d.animation/Editor/Assets/SkinningModule/Icons/Light/Generate_Weights@3x.png using Guid(ed5ce024c84dbdb42ac5037d03e7c039) Importer(815301076,1909f56bfc062723c751e8b465ee728b)  -> (artifact id: '55bb37f25dd84760435c60c9f4d162d0') in 0.005957 seconds 
========================================================================
Received Import Request.
  Time since last request: 0.000061 seconds.
  path: Packages/com.unity.2d.animation/Editor/Assets/SkinningModule/Icons/Selected/Generate_Weights@3x.png
  artifactKey: Guid(8174b068fa7b788459b03cec80d0641a) Importer(815301076,1909f56bfc062723c751e8b465ee728b)
Start importing Packages/com.unity.2d.animation/Editor/Assets/SkinningModule/Icons/Selected/Generate_Weights@3x.png using Guid(8174b068fa7b788459b03cec80d0641a) Importer(815301076,1909f56bfc062723c751e8b465ee728b)  -> (artifact id: '42bf3110b71650ceeec513d45613fc37') in 0.005272 seconds 
========================================================================
Received Import Request.
  Time since last request: 0.000069 seconds.
  path: Packages/com.unity.2d.animation/Editor/Assets/SkinningModule/Icons/Selected/Edit_Pose@3x.png
  artifactKey: Guid(558997ec9158c584a9ba9ee3eddbe8b0) Importer(815301076,1909f56bfc062723c751e8b465ee728b)
Start importing Packages/com.unity.2d.animation/Editor/Assets/SkinningModule/Icons/Selected/Edit_Pose@3x.png using Guid(558997ec9158c584a9ba9ee3eddbe8b0) Importer(815301076,1909f56bfc062723c751e8b465ee728b)  -> (artifact id: '5a28655112ce2fc180fa0a26c2cfc941') in 0.005182 seconds 
========================================================================
Received Import Request.
  Time since last request: 0.000040 seconds.
  path: Packages/com.unity.collab-proxy/Editor/PlasticSCM/Assets/Images/iconaddedoverlay@2x.png
  artifactKey: Guid(74ef721fef79c44489d4e3edb0ab0c01) Importer(815301076,1909f56bfc062723c751e8b465ee728b)
Start importing Packages/com.unity.collab-proxy/Editor/PlasticSCM/Assets/Images/iconaddedoverlay@2x.png using Guid(74ef721fef79c44489d4e3edb0ab0c01) Importer(815301076,1909f56bfc062723c751e8b465ee728b)  -> (artifact id: '6625ecd495b3c0be19fd837d76c70618') in 0.004536 seconds 
========================================================================
Received Import Request.
  Time since last request: 0.000056 seconds.
  path: Packages/com.unity.collab-proxy/Editor/PlasticSCM/Assets/Images/iconplastic.png
  artifactKey: Guid(3042b019b052942a1baf7aa49d7ca6bb) Importer(815301076,1909f56bfc062723c751e8b465ee728b)
Start importing Packages/com.unity.collab-proxy/Editor/PlasticSCM/Assets/Images/iconplastic.png using Guid(3042b019b052942a1baf7aa49d7ca6bb) Importer(815301076,1909f56bfc062723c751e8b465ee728b)  -> (artifact id: '270368db0832ef54a8d57e4a3e6c4ad2') in 0.008592 seconds 
========================================================================
Received Import Request.
  Time since last request: 0.000055 seconds.
  path: Packages/com.unity.collab-proxy/Editor/PlasticSCM/Assets/Images/iconconflicted@2x.png
  artifactKey: Guid(f95f697d66d238446b1ab717def09945) Importer(815301076,1909f56bfc062723c751e8b465ee728b)
Start importing Packages/com.unity.collab-proxy/Editor/PlasticSCM/Assets/Images/iconconflicted@2x.png using Guid(f95f697d66d238446b1ab717def09945) Importer(815301076,1909f56bfc062723c751e8b465ee728b)  -> (artifact id: 'f73560b2dc9769e8bf593f263aa19bd1') in 0.005537 seconds 
========================================================================
Received Import Request.
  Time since last request: 0.000051 seconds.
  path: Packages/com.unity.collab-proxy/Editor/PlasticSCM/Assets/Images/icondeletedremote.png
  artifactKey: Guid(b85a4b2ec6433d04895612d791edc260) Importer(815301076,1909f56bfc062723c751e8b465ee728b)
Start importing Packages/com.unity.collab-proxy/Editor/PlasticSCM/Assets/Images/icondeletedremote.png using Guid(b85a4b2ec6433d04895612d791edc260) Importer(815301076,1909f56bfc062723c751e8b465ee728b)  -> (artifact id: 'baf6d64af75b28f0ce66b45b70224c45') in 0.004874 seconds 
========================================================================
Received Import Request.
  Time since last request: 0.000040 seconds.
  path: Packages/com.unity.collab-proxy/Editor/PlasticSCM/Assets/Images/iconmoved.png
  artifactKey: Guid(8a6cca56e2b63344eb4769cd92d93ffb) Importer(815301076,1909f56bfc062723c751e8b465ee728b)
Start importing Packages/com.unity.collab-proxy/Editor/PlasticSCM/Assets/Images/iconmoved.png using Guid(8a6cca56e2b63344eb4769cd92d93ffb) Importer(815301076,1909f56bfc062723c751e8b465ee728b)  -> (artifact id: 'fadf37a3d9d206ca9d999dbf16efae85') in 0.004614 seconds 
========================================================================
Received Import Request.
  Time since last request: 0.000061 seconds.
  path: Packages/com.unity.collab-proxy/Editor/PlasticSCM/Assets/Images/iconemptygravatar.png
  artifactKey: Guid(91976e8b9ce0f0341838727acd55621c) Importer(815301076,1909f56bfc062723c751e8b465ee728b)
Start importing Packages/com.unity.collab-proxy/Editor/PlasticSCM/Assets/Images/iconemptygravatar.png using Guid(91976e8b9ce0f0341838727acd55621c) Importer(815301076,1909f56bfc062723c751e8b465ee728b)  -> (artifact id: '7b3b3ca8732e96165556ddd231c47330') in 0.006172 seconds 
========================================================================
Received Import Request.
  Time since last request: 0.000048 seconds.
  path: Packages/com.unity.collab-proxy/Editor/PlasticSCM/Assets/Images/iconoutofsync@2x.png
  artifactKey: Guid(d7094718bdac022428dd29244922d06b) Importer(815301076,1909f56bfc062723c751e8b465ee728b)
Start importing Packages/com.unity.collab-proxy/Editor/PlasticSCM/Assets/Images/iconoutofsync@2x.png using Guid(d7094718bdac022428dd29244922d06b) Importer(815301076,1909f56bfc062723c751e8b465ee728b)  -> (artifact id: 'ee5c60b9b0f456814b67333ea3497f4a') in 0.005636 seconds 
========================================================================
Received Import Request.
  Time since last request: 0.000063 seconds.
  path: Packages/com.unity.collab-proxy/Editor/PlasticSCM/Assets/Images/iconlockedlocaloverlay@2x.png
  artifactKey: Guid(b528c1b33a65cf94ea74f830b54c9acb) Importer(815301076,1909f56bfc062723c751e8b465ee728b)
Start importing Packages/com.unity.collab-proxy/Editor/PlasticSCM/Assets/Images/iconlockedlocaloverlay@2x.png using Guid(b528c1b33a65cf94ea74f830b54c9acb) Importer(815301076,1909f56bfc062723c751e8b465ee728b)  -> (artifact id: '609caa91f2d5a45c9fb4f91c6d400f3c') in 0.005427 seconds 
========================================================================
Received Import Request.
  Time since last request: 0.000053 seconds.
  path: Packages/com.unity.collab-proxy/Editor/PlasticSCM/Assets/Images/iconbranch@2x.png
  artifactKey: Guid(e45389a8a97044d4caf408f252370632) Importer(815301076,1909f56bfc062723c751e8b465ee728b)
Start importing Packages/com.unity.collab-proxy/Editor/PlasticSCM/Assets/Images/iconbranch@2x.png using Guid(e45389a8a97044d4caf408f252370632) Importer(815301076,1909f56bfc062723c751e8b465ee728b)  -> (artifact id: '62b9e5364539c2fbd9528b7a57b9544c') in 0.006271 seconds 
========================================================================
Received Import Request.
  Time since last request: 0.000042 seconds.
  path: Packages/com.unity.collab-proxy/Editor/PlasticSCM/Assets/Images/iconconflictedoverlay@2x.png
  artifactKey: Guid(5679a74364f6b4440ab7e7aed55cd95e) Importer(815301076,1909f56bfc062723c751e8b465ee728b)
Start importing Packages/com.unity.collab-proxy/Editor/PlasticSCM/Assets/Images/iconconflictedoverlay@2x.png using Guid(5679a74364f6b4440ab7e7aed55cd95e) Importer(815301076,1909f56bfc062723c751e8b465ee728b)  -> (artifact id: '0c1599ae7b46fd97dc4dca9eb0484eb7') in 0.006156 seconds 
========================================================================
Received Import Request.
  Time since last request: 0.000054 seconds.
  path: Packages/com.unity.collab-proxy/Editor/PlasticSCM/Assets/Images/icondeletedlocaloverlay@2x.png
  artifactKey: Guid(a3e491f99ea3ad74f8731ca93e84c497) Importer(815301076,1909f56bfc062723c751e8b465ee728b)
Start importing Packages/com.unity.collab-proxy/Editor/PlasticSCM/Assets/Images/icondeletedlocaloverlay@2x.png using Guid(a3e491f99ea3ad74f8731ca93e84c497) Importer(815301076,1909f56bfc062723c751e8b465ee728b)  -> (artifact id: '873b8373b62b69276fa3038cd63bbdf4') in 0.005196 seconds 
========================================================================
Received Import Request.
  Time since last request: 0.000063 seconds.
  path: Packages/com.unity.2d.animation/Editor/Assets/SkinningModule/Icons/Light/Generate_Weights@4x.png
  artifactKey: Guid(a56b84f780e8aef439e9a83d60ca7420) Importer(815301076,1909f56bfc062723c751e8b465ee728b)
Start importing Packages/com.unity.2d.animation/Editor/Assets/SkinningModule/Icons/Light/Generate_Weights@4x.png using Guid(a56b84f780e8aef439e9a83d60ca7420) Importer(815301076,1909f56bfc062723c751e8b465ee728b)  -> (artifact id: '86636643da2340b27002ac1db1297554') in 0.005400 seconds 
========================================================================
Received Import Request.
  Time since last request: 0.000057 seconds.
  path: Packages/com.unity.collab-proxy/Editor/PlasticSCM/Assets/Images/iconaddedlocal@2x.png
  artifactKey: Guid(a67b58d6cddcd4345b1e001340de5a76) Importer(815301076,1909f56bfc062723c751e8b465ee728b)
Start importing Packages/com.unity.collab-proxy/Editor/PlasticSCM/Assets/Images/iconaddedlocal@2x.png using Guid(a67b58d6cddcd4345b1e001340de5a76) Importer(815301076,1909f56bfc062723c751e8b465ee728b)  -> (artifact id: 'c5e35f38f236aaf1f98e221709492fc6') in 0.006246 seconds 
========================================================================
Received Import Request.
  Time since last request: 0.000055 seconds.
  path: Packages/com.unity.collab-proxy/Editor/PlasticSCM/Assets/Images/iconconflictresolvedoverlay@2x.png
  artifactKey: Guid(309b1d5a294fd6c43ae9cf77656c1852) Importer(815301076,1909f56bfc062723c751e8b465ee728b)
Start importing Packages/com.unity.collab-proxy/Editor/PlasticSCM/Assets/Images/iconconflictresolvedoverlay@2x.png using Guid(309b1d5a294fd6c43ae9cf77656c1852) Importer(815301076,1909f56bfc062723c751e8b465ee728b)  -> (artifact id: 'e4ac4aa9ed1b7dc179498d9c100cccc2') in 0.004769 seconds 
========================================================================
Received Import Request.
  Time since last request: 0.000056 seconds.
  path: Packages/com.unity.collab-proxy/Editor/PlasticSCM/Assets/Images/icondeleted.png
  artifactKey: Guid(77a39e873655d3c4b93d0b7696397b83) Importer(815301076,1909f56bfc062723c751e8b465ee728b)
Start importing Packages/com.unity.collab-proxy/Editor/PlasticSCM/Assets/Images/icondeleted.png using Guid(77a39e873655d3c4b93d0b7696397b83) Importer(815301076,1909f56bfc062723c751e8b465ee728b)  -> (artifact id: '30d477f919108fbd1202c1211b077cba') in 0.004871 seconds 
========================================================================
Received Import Request.
  Time since last request: 4.023772 seconds.
  path: Packages/com.unity.collab-proxy/Editor/PlasticSCM/Assets/Images/iconplasticnotifyconflict@2x.png
  artifactKey: Guid(6e0a54826ffc3ee46b0aa3e1c1575a69) Importer(815301076,1909f56bfc062723c751e8b465ee728b)
Start importing Packages/com.unity.collab-proxy/Editor/PlasticSCM/Assets/Images/iconplasticnotifyconflict@2x.png using Guid(6e0a54826ffc3ee46b0aa3e1c1575a69) Importer(815301076,1909f56bfc062723c751e8b465ee728b)  -> (artifact id: 'e3fac0e1516a5ad0e014e8bd73e20c6c') in 0.006347 seconds 
========================================================================
Received Import Request.
  Time since last request: 0.000067 seconds.
  path: Assets/Sample Images/IMG_8E77B48D1F6D-1.jpeg
  artifactKey: Guid(202a1eb5b32c34bef9e1068d74392c0c) Importer(815301076,1909f56bfc062723c751e8b465ee728b)
Start importing Assets/Sample Images/IMG_8E77B48D1F6D-1.jpeg using Guid(202a1eb5b32c34bef9e1068d74392c0c) Importer(815301076,1909f56bfc062723c751e8b465ee728b)  -> (artifact id: '04dde081f6f66cbf685026fc210907f7') in 0.055845 seconds 
========================================================================
Received Import Request.
  Time since last request: 0.000061 seconds.
  path: Packages/com.unity.collab-proxy/Editor/PlasticSCM/Assets/Images/iconplasticnotifyincoming@2x.png
  artifactKey: Guid(ae869fe6797f4454cbbf417d87ff637c) Importer(815301076,1909f56bfc062723c751e8b465ee728b)
Start importing Packages/com.unity.collab-proxy/Editor/PlasticSCM/Assets/Images/iconplasticnotifyincoming@2x.png using Guid(ae869fe6797f4454cbbf417d87ff637c) Importer(815301076,1909f56bfc062723c751e8b465ee728b)  -> (artifact id: 'c290a9f163314126f3cfef11107a2aa6') in 0.005911 seconds 
========================================================================
Received Import Request.
  Time since last request: 0.000038 seconds.
  path: Packages/com.unity.2d.psdimporter/Editor/Assets/Icons/Selected/Layers Collapsed@2x.png
  artifactKey: Guid(68f9e990182e8491b9c0f3dc88cd0158) Importer(815301076,1909f56bfc062723c751e8b465ee728b)
Start importing Packages/com.unity.2d.psdimporter/Editor/Assets/Icons/Selected/Layers Collapsed@2x.png using Guid(68f9e990182e8491b9c0f3dc88cd0158) Importer(815301076,1909f56bfc062723c751e8b465ee728b)  -> (artifact id: '4ca83958a04ace3d7f4a9fc7009ee359') in 0.005802 seconds 
========================================================================
Received Import Request.
  Time since last request: 0.000051 seconds.
  path: Packages/com.unity.2d.psdimporter/Editor/Assets/Icons/Light/Layers Collapsed@1x.png
  artifactKey: Guid(ca434c866082043f589e32d65b0d1369) Importer(815301076,1909f56bfc062723c751e8b465ee728b)
Start importing Packages/com.unity.2d.psdimporter/Editor/Assets/Icons/Light/Layers Collapsed@1x.png using Guid(ca434c866082043f589e32d65b0d1369) Importer(815301076,1909f56bfc062723c751e8b465ee728b)  -> (artifact id: 'ec03d5c6c50ca330550281ab162c97ab') in 0.005827 seconds 
========================================================================
Received Import Request.
  Time since last request: 0.000047 seconds.
  path: Packages/com.unity.2d.psdimporter/Editor/Assets/Icons/Selected/Layers Collapsed@1x.png
  artifactKey: Guid(2870bda067c0e4d58911767e41709dd2) Importer(815301076,1909f56bfc062723c751e8b465ee728b)
Start importing Packages/com.unity.2d.psdimporter/Editor/Assets/Icons/Selected/Layers Collapsed@1x.png using Guid(2870bda067c0e4d58911767e41709dd2) Importer(815301076,1909f56bfc062723c751e8b465ee728b)  -> (artifact id: 'e7bcf1e05dd782de64b3b326e76ff512') in 0.005523 seconds 
========================================================================
Received Import Request.
  Time since last request: 0.000041 seconds.
  path: Packages/com.unity.collab-proxy/Editor/PlasticSCM/Assets/Images/iconprivateoverlay@2x.png
  artifactKey: Guid(40685941c1361aa4a957b61174bce3f6) Importer(815301076,1909f56bfc062723c751e8b465ee728b)
Start importing Packages/com.unity.collab-proxy/Editor/PlasticSCM/Assets/Images/iconprivateoverlay@2x.png using Guid(40685941c1361aa4a957b61174bce3f6) Importer(815301076,1909f56bfc062723c751e8b465ee728b)  -> (artifact id: 'b67f2727f45ee63c5aa98318986ba044') in 0.005574 seconds 
========================================================================
Received Import Request.
  Time since last request: 0.000047 seconds.
  path: Packages/com.unity.collab-proxy/Editor/PlasticSCM/Assets/Images/iconplasticview@2x.png
  artifactKey: Guid(97a4e2b6ae08b1140a5ba9e22953e029) Importer(815301076,1909f56bfc062723c751e8b465ee728b)
Start importing Packages/com.unity.collab-proxy/Editor/PlasticSCM/Assets/Images/iconplasticview@2x.png using Guid(97a4e2b6ae08b1140a5ba9e22953e029) Importer(815301076,1909f56bfc062723c751e8b465ee728b)  -> (artifact id: '3405f9d090ba19bca05d0516f59f8a2a') in 0.006153 seconds 
========================================================================
Received Import Request.
  Time since last request: 0.000036 seconds.
  path: Packages/com.unity.2d.psdimporter/Editor/Assets/Icons/Light/Layers Collapsed@2x.png
  artifactKey: Guid(dc4d4d6503a044f85bf2b8b356dfb738) Importer(815301076,1909f56bfc062723c751e8b465ee728b)
Start importing Packages/com.unity.2d.psdimporter/Editor/Assets/Icons/Light/Layers Collapsed@2x.png using Guid(dc4d4d6503a044f85bf2b8b356dfb738) Importer(815301076,1909f56bfc062723c751e8b465ee728b)  -> (artifact id: '829182de639af81b29d91b9e8f5927ef') in 0.005249 seconds 
========================================================================
Received Import Request.
  Time since last request: 0.000066 seconds.
  path: Packages/com.unity.2d.psdimporter/Editor/Assets/Icons/Selected/Layers Separated@1x.png
  artifactKey: Guid(346d40e23f03e4f48bdda501fffa178a) Importer(815301076,1909f56bfc062723c751e8b465ee728b)
Start importing Packages/com.unity.2d.psdimporter/Editor/Assets/Icons/Selected/Layers Separated@1x.png using Guid(346d40e23f03e4f48bdda501fffa178a) Importer(815301076,1909f56bfc062723c751e8b465ee728b)  -> (artifact id: 'c61856f911268f85005ce2548a3ce3b2') in 0.005836 seconds 
========================================================================
Received Import Request.
  Time since last request: 0.000044 seconds.
  path: Packages/com.unity.2d.psdimporter/Editor/Assets/Icons/Light/Layers Collapsed@8x.png
  artifactKey: Guid(5c35aefb0965746fc8ade2cd405f2ac7) Importer(815301076,1909f56bfc062723c751e8b465ee728b)
Start importing Packages/com.unity.2d.psdimporter/Editor/Assets/Icons/Light/Layers Collapsed@8x.png using Guid(5c35aefb0965746fc8ade2cd405f2ac7) Importer(815301076,1909f56bfc062723c751e8b465ee728b)  -> (artifact id: '3e67593345aa7b537c0fbf704f09c0fd') in 0.007647 seconds 
========================================================================
Received Import Request.
  Time since last request: 0.000053 seconds.
  path: Packages/com.unity.2d.psdimporter/Editor/Assets/Icons/Light/Layers Mixed@8x.png
  artifactKey: Guid(0e6407347fc834e6a8b46f9528bcf7b3) Importer(815301076,1909f56bfc062723c751e8b465ee728b)
Start importing Packages/com.unity.2d.psdimporter/Editor/Assets/Icons/Light/Layers Mixed@8x.png using Guid(0e6407347fc834e6a8b46f9528bcf7b3) Importer(815301076,1909f56bfc062723c751e8b465ee728b)  -> (artifact id: 'ecbf8da4f7a64e810d16df13a3e1b887') in 0.007972 seconds 
========================================================================
Received Import Request.
  Time since last request: 0.000049 seconds.
  path: Packages/com.unity.2d.psdimporter/Editor/Assets/Icons/Dark/Layers Mixed@4x.png
  artifactKey: Guid(68f1f3aed86c64050b0c1e343c604868) Importer(815301076,1909f56bfc062723c751e8b465ee728b)
Start importing Packages/com.unity.2d.psdimporter/Editor/Assets/Icons/Dark/Layers Mixed@4x.png using Guid(68f1f3aed86c64050b0c1e343c604868) Importer(815301076,1909f56bfc062723c751e8b465ee728b)  -> (artifact id: '35af9fd6f46cd1f0cf962a77882d9839') in 0.006502 seconds 
========================================================================
Received Import Request.
  Time since last request: 0.000045 seconds.
  path: Packages/com.unity.2d.psdimporter/Editor/Assets/Icons/Dark/Layers Mixed@1x.png
  artifactKey: Guid(8dbb9f40df36243efaad92ce7cddfc71) Importer(815301076,1909f56bfc062723c751e8b465ee728b)
Start importing Packages/com.unity.2d.psdimporter/Editor/Assets/Icons/Dark/Layers Mixed@1x.png using Guid(8dbb9f40df36243efaad92ce7cddfc71) Importer(815301076,1909f56bfc062723c751e8b465ee728b)  -> (artifact id: '4a879989190fdfc82ae66d153eacd284') in 0.005675 seconds 
========================================================================
Received Import Request.
  Time since last request: 0.000048 seconds.
  path: Packages/com.unity.2d.psdimporter/Editor/Assets/Icons/Selected/Layers Collapsed@4x.png
  artifactKey: Guid(88a01be2082444885aa54d39afb85dd8) Importer(815301076,1909f56bfc062723c751e8b465ee728b)
Start importing Packages/com.unity.2d.psdimporter/Editor/Assets/Icons/Selected/Layers Collapsed@4x.png using Guid(88a01be2082444885aa54d39afb85dd8) Importer(815301076,1909f56bfc062723c751e8b465ee728b)  -> (artifact id: '49f8c4843a51feb2a1ff86c428675434') in 0.007138 seconds 
========================================================================
Received Import Request.
  Time since last request: 0.000044 seconds.
  path: Packages/com.unity.2d.psdimporter/Editor/Assets/Icons/Selected/Layers Collapsed@8x.png
  artifactKey: Guid(f47213af7e996497b96c4b5df3e6b613) Importer(815301076,1909f56bfc062723c751e8b465ee728b)
Start importing Packages/com.unity.2d.psdimporter/Editor/Assets/Icons/Selected/Layers Collapsed@8x.png using Guid(f47213af7e996497b96c4b5df3e6b613) Importer(815301076,1909f56bfc062723c751e8b465ee728b)  -> (artifact id: '48d5047b7527421b26a1f69cf3b45173') in 0.007533 seconds 
========================================================================
Received Import Request.
  Time since last request: 0.000042 seconds.
  path: Packages/com.unity.2d.psdimporter/Editor/Assets/Icons/Light/Layers Mixed@4x.png
  artifactKey: Guid(4b3e1d5f95a1a455c917ca9403d9283d) Importer(815301076,1909f56bfc062723c751e8b465ee728b)
Start importing Packages/com.unity.2d.psdimporter/Editor/Assets/Icons/Light/Layers Mixed@4x.png using Guid(4b3e1d5f95a1a455c917ca9403d9283d) Importer(815301076,1909f56bfc062723c751e8b465ee728b)  -> (artifact id: 'fb64dc0b89364717d51fa756529e7999') in 0.006628 seconds 
========================================================================
Received Import Request.
  Time since last request: 0.000040 seconds.
  path: Packages/com.unity.collab-proxy/Editor/PlasticSCM/Assets/Images/loading.png
  artifactKey: Guid(c6b1bcaa3f4767141acd747384dbb276) Importer(815301076,1909f56bfc062723c751e8b465ee728b)
Start importing Packages/com.unity.collab-proxy/Editor/PlasticSCM/Assets/Images/loading.png using Guid(c6b1bcaa3f4767141acd747384dbb276) Importer(815301076,1909f56bfc062723c751e8b465ee728b)  -> (artifact id: '7e45e4c519dc5b97bc37a9877449f7a1') in 0.005519 seconds 
========================================================================
Received Import Request.
  Time since last request: 0.000050 seconds.
  path: Packages/com.unity.2d.psdimporter/Editor/Assets/Icons/Light/Layers Separated@2x.png
  artifactKey: Guid(9804e134a7b174b679f94a53e992ea60) Importer(815301076,1909f56bfc062723c751e8b465ee728b)
Start importing Packages/com.unity.2d.psdimporter/Editor/Assets/Icons/Light/Layers Separated@2x.png using Guid(9804e134a7b174b679f94a53e992ea60) Importer(815301076,1909f56bfc062723c751e8b465ee728b)  -> (artifact id: 'ccd6082dcef7c9e5ca11eaacf3dbd4ab') in 0.007267 seconds 
========================================================================
Received Import Request.
  Time since last request: 0.000060 seconds.
  path: Packages/com.unity.2d.animation/Editor/Assets/SkinningModule/Icons/Light/Mesh@3x.png
  artifactKey: Guid(2d95cf258837ba44896030e25b9f2dd7) Importer(815301076,1909f56bfc062723c751e8b465ee728b)
Start importing Packages/com.unity.2d.animation/Editor/Assets/SkinningModule/Icons/Light/Mesh@3x.png using Guid(2d95cf258837ba44896030e25b9f2dd7) Importer(815301076,1909f56bfc062723c751e8b465ee728b)  -> (artifact id: '08e9123c0fd05b09450d937afd31778c') in 0.005833 seconds 
========================================================================
Received Import Request.
  Time since last request: 0.000036 seconds.
  path: Packages/com.unity.collab-proxy/Editor/PlasticSCM/Assets/Images/loading@2x.png
  artifactKey: Guid(5dbc069eb79bd4d43840847264d6d956) Importer(815301076,1909f56bfc062723c751e8b465ee728b)
Start importing Packages/com.unity.collab-proxy/Editor/PlasticSCM/Assets/Images/loading@2x.png using Guid(5dbc069eb79bd4d43840847264d6d956) Importer(815301076,1909f56bfc062723c751e8b465ee728b)  -> (artifact id: '4efe6ff2077f382d0594e69cef0d24cf') in 0.005761 seconds 
========================================================================
Received Import Request.
  Time since last request: 0.000053 seconds.
  path: Packages/com.unity.2d.psdimporter/Editor/Assets/Icons/Dark/Layers Separated@16x.png
  artifactKey: Guid(1f3420e9f7420411a8aac27743b35e29) Importer(815301076,1909f56bfc062723c751e8b465ee728b)
Start importing Packages/com.unity.2d.psdimporter/Editor/Assets/Icons/Dark/Layers Separated@16x.png using Guid(1f3420e9f7420411a8aac27743b35e29) Importer(815301076,1909f56bfc062723c751e8b465ee728b)  -> (artifact id: '9ec5bf5e2bf730c5569aea6d9ea9539d') in 0.008891 seconds 
========================================================================
Received Import Request.
  Time since last request: 0.000060 seconds.
  path: Packages/com.unity.2d.animation/Editor/Assets/SkinningModule/Icons/Selected/Parent_Bone.png
  artifactKey: Guid(1b8ac2bef8a060f4ca19b22a3720cb0e) Importer(815301076,1909f56bfc062723c751e8b465ee728b)
Start importing Packages/com.unity.2d.animation/Editor/Assets/SkinningModule/Icons/Selected/Parent_Bone.png using Guid(1b8ac2bef8a060f4ca19b22a3720cb0e) Importer(815301076,1909f56bfc062723c751e8b465ee728b)  -> (artifact id: '75d2852929c51caed6039c9b6c3710fc') in 0.005361 seconds 
========================================================================
Received Import Request.
  Time since last request: 0.000050 seconds.
  path: Packages/com.unity.2d.psdimporter/Editor/Assets/Icons/Selected/Layers Mixed@1x.png
  artifactKey: Guid(332959a914fc9470abaa066b876b0dcc) Importer(815301076,1909f56bfc062723c751e8b465ee728b)
Start importing Packages/com.unity.2d.psdimporter/Editor/Assets/Icons/Selected/Layers Mixed@1x.png using Guid(332959a914fc9470abaa066b876b0dcc) Importer(815301076,1909f56bfc062723c751e8b465ee728b)  -> (artifact id: '0180e41531855a32376816c983cd5959') in 0.006002 seconds 
========================================================================
Received Import Request.
  Time since last request: 0.000043 seconds.
  path: Packages/com.unity.2d.psdimporter/Editor/Assets/Icons/Selected/Layers Mixed@8x.png
  artifactKey: Guid(3492e9eb6292141eb942d0c9beface29) Importer(815301076,1909f56bfc062723c751e8b465ee728b)
Start importing Packages/com.unity.2d.psdimporter/Editor/Assets/Icons/Selected/Layers Mixed@8x.png using Guid(3492e9eb6292141eb942d0c9beface29) Importer(815301076,1909f56bfc062723c751e8b465ee728b)  -> (artifact id: '6af5af22ec6ba9a46ee1d1d16fd4743e') in 0.007685 seconds 
========================================================================
Received Import Request.
  Time since last request: 0.000042 seconds.
  path: Packages/com.unity.collab-proxy/Editor/PlasticSCM/Assets/Images/notondisk.png
  artifactKey: Guid(b205f4b28f59dda49af458b35d8a3ff3) Importer(815301076,1909f56bfc062723c751e8b465ee728b)
Start importing Packages/com.unity.collab-proxy/Editor/PlasticSCM/Assets/Images/notondisk.png using Guid(b205f4b28f59dda49af458b35d8a3ff3) Importer(815301076,1909f56bfc062723c751e8b465ee728b)  -> (artifact id: '6ae57b252b3b6a53d56b6f1e67e89f06') in 0.005381 seconds 
========================================================================
Received Import Request.
  Time since last request: 0.000037 seconds.
  path: Packages/com.unity.2d.psdimporter/Editor/Assets/Icons/Light/Layers Mixed@1x.png
  artifactKey: Guid(92ca921ade6e944868364b1813c7568f) Importer(815301076,1909f56bfc062723c751e8b465ee728b)
Start importing Packages/com.unity.2d.psdimporter/Editor/Assets/Icons/Light/Layers Mixed@1x.png using Guid(92ca921ade6e944868364b1813c7568f) Importer(815301076,1909f56bfc062723c751e8b465ee728b)  -> (artifact id: '1a72d57219a7b65e8b03efe6afbab3be') in 0.005489 seconds 
========================================================================
Received Import Request.
  Time since last request: 0.000054 seconds.
  path: Packages/com.unity.2d.psdimporter/Editor/Assets/Icons/Light/Layers Mixed@2x.png
  artifactKey: Guid(bd2c5ec8522954323aba72f213024f60) Importer(815301076,1909f56bfc062723c751e8b465ee728b)
Start importing Packages/com.unity.2d.psdimporter/Editor/Assets/Icons/Light/Layers Mixed@2x.png using Guid(bd2c5ec8522954323aba72f213024f60) Importer(815301076,1909f56bfc062723c751e8b465ee728b)  -> (artifact id: '46746e21d4e7962ca125b01cc05dcd1f') in 0.005615 seconds 
========================================================================
Received Import Request.
  Time since last request: 0.000045 seconds.
  path: Packages/com.unity.2d.psdimporter/Editor/Assets/Icons/Dark/Layers Separated@2x.png
  artifactKey: Guid(e269a78d88d514e4c9bde97d573d7e45) Importer(815301076,1909f56bfc062723c751e8b465ee728b)
Start importing Packages/com.unity.2d.psdimporter/Editor/Assets/Icons/Dark/Layers Separated@2x.png using Guid(e269a78d88d514e4c9bde97d573d7e45) Importer(815301076,1909f56bfc062723c751e8b465ee728b)  -> (artifact id: '99e0752b4c450dd727e23f77715baf94') in 0.005712 seconds 
========================================================================
Received Import Request.
  Time since last request: 0.000051 seconds.
  path: Packages/com.unity.2d.psdimporter/Editor/Assets/Icons/Light/Layers Separated@16x.png
  artifactKey: Guid(0c6027d31d0b44acbb45af1bcf05e0db) Importer(815301076,1909f56bfc062723c751e8b465ee728b)
Start importing Packages/com.unity.2d.psdimporter/Editor/Assets/Icons/Light/Layers Separated@16x.png using Guid(0c6027d31d0b44acbb45af1bcf05e0db) Importer(815301076,1909f56bfc062723c751e8b465ee728b)  -> (artifact id: '1c1455071e15636ea9a69152c1c38656') in 0.008945 seconds 
========================================================================
Received Import Request.
  Time since last request: 0.000042 seconds.
  path: Packages/com.unity.2d.animation/Editor/Assets/SkinningModule/Icons/Light/Parent_Bone@2x.png
  artifactKey: Guid(fc9e5a25e0610a347b46fd10daa3f0cd) Importer(815301076,1909f56bfc062723c751e8b465ee728b)
Start importing Packages/com.unity.2d.animation/Editor/Assets/SkinningModule/Icons/Light/Parent_Bone@2x.png using Guid(fc9e5a25e0610a347b46fd10daa3f0cd) Importer(815301076,1909f56bfc062723c751e8b465ee728b)  -> (artifact id: '9f20f1cff98e0ce9ad8bc5bba09af290') in 0.005664 seconds 
========================================================================
Received Import Request.
  Time since last request: 0.000052 seconds.
  path: Packages/com.unity.2d.psdimporter/Editor/Assets/Icons/Dark/Layers Mixed@16x.png
  artifactKey: Guid(cce85e132a43842a09301fd497983f25) Importer(815301076,1909f56bfc062723c751e8b465ee728b)
Start importing Packages/com.unity.2d.psdimporter/Editor/Assets/Icons/Dark/Layers Mixed@16x.png using Guid(cce85e132a43842a09301fd497983f25) Importer(815301076,1909f56bfc062723c751e8b465ee728b)  -> (artifact id: 'b9273df00ac664bcdbd165c5ca80e287') in 0.010073 seconds 
========================================================================
Received Import Request.
  Time since last request: 0.000060 seconds.
  path: Packages/com.unity.2d.psdimporter/Editor/Assets/Icons/Dark/Layers Separated@4x.png
  artifactKey: Guid(03a0f27e9b08047889b3f5e7f0c23ff7) Importer(815301076,1909f56bfc062723c751e8b465ee728b)
Start importing Packages/com.unity.2d.psdimporter/Editor/Assets/Icons/Dark/Layers Separated@4x.png using Guid(03a0f27e9b08047889b3f5e7f0c23ff7) Importer(815301076,1909f56bfc062723c751e8b465ee728b)  -> (artifact id: 'cb9f180231cc9e1faec4fe7f84367a8b') in 0.007032 seconds 
========================================================================
Received Import Request.
  Time since last request: 0.000050 seconds.
  path: Packages/com.unity.2d.animation/Editor/Assets/SkinningModule/Icons/Selected/Paste@4x.png
  artifactKey: Guid(5d4fa2fdecdadcb468baaedc792cc439) Importer(815301076,1909f56bfc062723c751e8b465ee728b)
Start importing Packages/com.unity.2d.animation/Editor/Assets/SkinningModule/Icons/Selected/Paste@4x.png using Guid(5d4fa2fdecdadcb468baaedc792cc439) Importer(815301076,1909f56bfc062723c751e8b465ee728b)  -> (artifact id: '014fb1a61a86451d67b159f15b908939') in 0.005897 seconds 
========================================================================
Received Import Request.
  Time since last request: 0.000050 seconds.
  path: Packages/com.unity.2d.animation/Editor/Assets/SkinningModule/Icons/Selected/Paste@2x.png
  artifactKey: Guid(cd0250057a3f07346b60675b355c3e06) Importer(815301076,1909f56bfc062723c751e8b465ee728b)
Start importing Packages/com.unity.2d.animation/Editor/Assets/SkinningModule/Icons/Selected/Paste@2x.png using Guid(cd0250057a3f07346b60675b355c3e06) Importer(815301076,1909f56bfc062723c751e8b465ee728b)  -> (artifact id: '02b07f360f6dc4cfdbab142aebe7dece') in 0.006452 seconds 
========================================================================
Received Import Request.
  Time since last request: 0.000074 seconds.
  path: Assets/Sample Images/Red-BlueCloudy-Upscaled.png
  artifactKey: Guid(78cca2a07691a4af2ae9aeccd66c1c52) Importer(815301076,1909f56bfc062723c751e8b465ee728b)
Start importing Assets/Sample Images/Red-BlueCloudy-Upscaled.png using Guid(78cca2a07691a4af2ae9aeccd66c1c52) Importer(815301076,1909f56bfc062723c751e8b465ee728b)  -> (artifact id: '5006f337bcefb118fc3a398d5e9b666f') in 0.270185 seconds 
========================================================================
Received Import Request.
  Time since last request: 1.177553 seconds.
  path: Packages/com.unity.2d.tilemap/Editor/Icons/d_Grid.RotateCW.png
  artifactKey: Guid(66bb00887f3170c4a95b989d392049ec) Importer(815301076,1909f56bfc062723c751e8b465ee728b)
Start importing Packages/com.unity.2d.tilemap/Editor/Icons/d_Grid.RotateCW.png using Guid(66bb00887f3170c4a95b989d392049ec) Importer(815301076,1909f56bfc062723c751e8b465ee728b)  -> (artifact id: '948eb9c824cf6afa30151963076e8432') in 0.008865 seconds 
========================================================================
Received Import Request.
  Time since last request: 0.000064 seconds.
  path: Packages/com.unity.2d.tilemap/Editor/Icons/d_Grid.RotateCW@2x.png
  artifactKey: Guid(e41a6ab3ac7354642a9006c03183e95e) Importer(815301076,1909f56bfc062723c751e8b465ee728b)
Start importing Packages/com.unity.2d.tilemap/Editor/Icons/d_Grid.RotateCW@2x.png using Guid(e41a6ab3ac7354642a9006c03183e95e) Importer(815301076,1909f56bfc062723c751e8b465ee728b)  -> (artifact id: '379f1a3d1e60546dd30e00705732ab51') in 0.006266 seconds 
========================================================================
Received Import Request.
  Time since last request: 0.000047 seconds.
  path: Packages/com.unity.2d.tilemap/Editor/Icons/Grid.FlipY@2x.png
  artifactKey: Guid(baab1bab0820d0942bb79c6da94b1688) Importer(815301076,1909f56bfc062723c751e8b465ee728b)
Start importing Packages/com.unity.2d.tilemap/Editor/Icons/Grid.FlipY@2x.png using Guid(baab1bab0820d0942bb79c6da94b1688) Importer(815301076,1909f56bfc062723c751e8b465ee728b)  -> (artifact id: 'edfa1c3ecf7c5f391b69b517d642afc6') in 0.005660 seconds 
========================================================================
Received Import Request.
  Time since last request: 0.000043 seconds.
  path: Packages/com.unity.2d.tilemap/Editor/Icons/Grid.FlipX@2x.png
  artifactKey: Guid(367a9e3649215be42869f99bdeecbab6) Importer(815301076,1909f56bfc062723c751e8b465ee728b)
Start importing Packages/com.unity.2d.tilemap/Editor/Icons/Grid.FlipX@2x.png using Guid(367a9e3649215be42869f99bdeecbab6) Importer(815301076,1909f56bfc062723c751e8b465ee728b)  -> (artifact id: '385d9f7a34f425270bdd98ab6e1c9108') in 0.006330 seconds 
========================================================================
Received Import Request.
  Time since last request: 0.000047 seconds.
  path: Packages/com.unity.2d.tilemap/Editor/Icons/Grid.FlipX.png
  artifactKey: Guid(e883969672bd261498f38ec9e9fc393f) Importer(815301076,1909f56bfc062723c751e8b465ee728b)
Start importing Packages/com.unity.2d.tilemap/Editor/Icons/Grid.FlipX.png using Guid(e883969672bd261498f38ec9e9fc393f) Importer(815301076,1909f56bfc062723c751e8b465ee728b)  -> (artifact id: '0efb5e3784d273a924695c37a270ca52') in 0.007161 seconds 
========================================================================
Received Import Request.
  Time since last request: 0.000056 seconds.
  path: Packages/com.unity.2d.sprite/Editor/ObjectMenuCreation/DefaultAssets/Textures/v2/IsometricDiamond.png
  artifactKey: Guid(19fb86013d8c24d6cb8410c0aadf30fa) Importer(815301076,1909f56bfc062723c751e8b465ee728b)
Start importing Packages/com.unity.2d.sprite/Editor/ObjectMenuCreation/DefaultAssets/Textures/v2/IsometricDiamond.png using Guid(19fb86013d8c24d6cb8410c0aadf30fa) Importer(815301076,1909f56bfc062723c751e8b465ee728b)  -> (artifact id: 'bef97f040ecee1da637c2a694cd1cda7') in 0.007579 seconds 
========================================================================
Received Import Request.
  Time since last request: 0.000048 seconds.
  path: Packages/com.unity.2d.sprite/Editor/ObjectMenuCreation/DefaultAssets/Textures/v2/HexagonPointedTop.png
  artifactKey: Guid(5aa8b770bc43046bc8d993d0d5b7f4a5) Importer(815301076,1909f56bfc062723c751e8b465ee728b)
Start importing Packages/com.unity.2d.sprite/Editor/ObjectMenuCreation/DefaultAssets/Textures/v2/HexagonPointedTop.png using Guid(5aa8b770bc43046bc8d993d0d5b7f4a5) Importer(815301076,1909f56bfc062723c751e8b465ee728b)  -> (artifact id: '673a341aeb3ef9789e6c4b565e33ba4a') in 0.008841 seconds 
========================================================================
Received Import Request.
  Time since last request: 0.000048 seconds.
  path: Packages/com.unity.2d.sprite/Editor/ObjectMenuCreation/DefaultAssets/Textures/HexagonPointed-Top.png
  artifactKey: Guid(eed45a33cd08446c8b88325cf82fc52f) Importer(815301076,1909f56bfc062723c751e8b465ee728b)
Start importing Packages/com.unity.2d.sprite/Editor/ObjectMenuCreation/DefaultAssets/Textures/HexagonPointed-Top.png using Guid(eed45a33cd08446c8b88325cf82fc52f) Importer(815301076,1909f56bfc062723c751e8b465ee728b)  -> (artifact id: '1810db07ac14bc341bdde157ee92afbb') in 0.007786 seconds 
========================================================================
Received Import Request.
  Time since last request: 0.000117 seconds.
  path: Packages/com.unity.2d.sprite/Editor/ObjectMenuCreation/DefaultAssets/Textures/HexagonPointed-TopWithBorder.png
  artifactKey: Guid(4b2a04fdbe0ef4d8da8f90eaca817cd1) Importer(815301076,1909f56bfc062723c751e8b465ee728b)
Start importing Packages/com.unity.2d.sprite/Editor/ObjectMenuCreation/DefaultAssets/Textures/HexagonPointed-TopWithBorder.png using Guid(4b2a04fdbe0ef4d8da8f90eaca817cd1) Importer(815301076,1909f56bfc062723c751e8b465ee728b)  -> (artifact id: 'f113c27013c9442827e75d638fe13f51') in 0.008485 seconds 
========================================================================
Received Import Request.
  Time since last request: 0.000061 seconds.
  path: Packages/com.unity.2d.sprite/Editor/ObjectMenuCreation/DefaultAssets/Textures/HexagonFlat-TopWithBorder.png
  artifactKey: Guid(a9716c16a44a94eed9b5c90fbf4d9bdd) Importer(815301076,1909f56bfc062723c751e8b465ee728b)
Start importing Packages/com.unity.2d.sprite/Editor/ObjectMenuCreation/DefaultAssets/Textures/HexagonFlat-TopWithBorder.png using Guid(a9716c16a44a94eed9b5c90fbf4d9bdd) Importer(815301076,1909f56bfc062723c751e8b465ee728b)  -> (artifact id: '3a7eceb663375612841d81a6dfb32776') in 0.009117 seconds 
========================================================================
Received Prepare
Registering precompiled user dll's ...
Registered in 0.002703 seconds.
Begin MonoManager ReloadAssembly
Thread 0x29a007000 may have been prematurely finalized
Symbol file LoadedFromMemory doesn't match image /Users/tyhagan/Documents/GitHub/ImageReplicatorGit/ImageReplicator/Library/PackageCache/com.unity.visualscripting@1.7.8/Editor/VisualScripting.Core/Dependencies/YamlDotNet/Unity.VisualScripting.YamlDotNet.dll
Symbol file LoadedFromMemory doesn't match image /Users/tyhagan/Documents/GitHub/ImageReplicatorGit/ImageReplicator/Library/PackageCache/com.unity.visualscripting@1.7.8/Editor/VisualScripting.Core/Dependencies/DotNetZip/Unity.VisualScripting.IonicZip.dll
Native extension for OSXStandalone target not found
Refreshing native plugins compatible for Editor in 0.48 ms, found 3 plugins.
Preloading 0 native plugins for Editor in 0.00 ms.
Mono: successfully reloaded assembly
- Completed reload, in  0.774 seconds
Domain Reload Profiling:
	ReloadAssembly (774ms)
		BeginReloadAssembly (88ms)
			ExecutionOrderSort (0ms)
			DisableScriptedObjects (5ms)
			BackupInstance (0ms)
			ReleaseScriptingObjects (0ms)
			CreateAndSetChildDomain (37ms)
		EndReloadAssembly (605ms)
			LoadAssemblies (35ms)
			RebuildTransferFunctionScriptingTraits (0ms)
			SetupTypeCache (217ms)
			ReleaseScriptCaches (1ms)
			RebuildScriptCaches (47ms)
			SetupLoadedEditorAssemblies (255ms)
				LogAssemblyErrors (0ms)
				InitializePlatformSupportModulesInManaged (6ms)
				SetLoadedEditorAssemblies (0ms)
				RefreshPlugins (1ms)
				BeforeProcessingInitializeOnLoad (55ms)
				ProcessInitializeOnLoadAttributes (163ms)
				ProcessInitializeOnLoadMethodAttributes (28ms)
				AfterProcessingInitializeOnLoad (1ms)
				EditorAssembliesLoaded (0ms)
			ExecutionOrderSort2 (0ms)
			AwakeInstancesAfterBackupRestoration (5ms)
Platform modules already initialized, skipping
Refreshing native plugins compatible for Editor in 1.02 ms, found 3 plugins.
Preloading 0 native plugins for Editor in 0.00 ms.
Unloading 4037 Unused Serialized files (Serialized files now loaded: 0)
Unloading 25 unused Assets / (22.1 KB). Loaded Objects now: 4561.
Memory consumption went from 159.5 MB to 159.4 MB.
Total: 2.831917 ms (FindLiveObjects: 0.121458 ms CreateObjectMapping: 0.059750 ms MarkObjects: 2.631083 ms  DeleteObjects: 0.018833 ms)

AssetImportParameters requested are different than current active one (requested -> active):
  custom:video-decoder-ogg-theora: a1e56fd34408186e4bbccfd4996cb3dc -> 
  custom:container-muxer-webm: aa71ff27fc2769a1b78a27578f13a17b -> 
  custom:container-demuxer-webm: 4f35f7cbe854078d1ac9338744f61a02 -> 
  custom:video-encoder-webm-vp8: eb34c28f22e8b96e1ab97ce403110664 -> 
  custom:framework-osx-AVFoundation: e770b220cccbd017edd2c1fefb359320 -> 
  custom:audio-encoder-webm-vorbis: bf7c407c2cedff20999df2af8eb42d56 -> 
  custom:container-demuxer-ogg: 62fdf1f143b41e24485cea50d1cbac27 -> 
  custom:video-decoder-webm-vp8: 9c59270c3fd7afecdb556c50c9e8de78 -> 
  custom:audio-decoder-ogg-vorbis: bf7c407c2cedff20999df2af8eb42d56 -> 
========================================================================
Received Prepare
Refreshing native plugins compatible for Editor in 2.40 ms, found 3 plugins.
Preloading 0 native plugins for Editor in 0.00 ms.
Unloading 25 Unused Serialized files (Serialized files now loaded: 0)
Unloading 25 unused Assets / (22.0 KB). Loaded Objects now: 4561.
Memory consumption went from 79.2 MB to 79.2 MB.
Total: 3.636625 ms (FindLiveObjects: 0.165166 ms CreateObjectMapping: 0.064000 ms MarkObjects: 3.388666 ms  DeleteObjects: 0.018458 ms)

AssetImportParameters requested are different than current active one (requested -> active):
  custom:video-decoder-ogg-theora: a1e56fd34408186e4bbccfd4996cb3dc -> 
  custom:container-muxer-webm: aa71ff27fc2769a1b78a27578f13a17b -> 
  custom:container-demuxer-webm: 4f35f7cbe854078d1ac9338744f61a02 -> 
  custom:video-encoder-webm-vp8: eb34c28f22e8b96e1ab97ce403110664 -> 
  custom:framework-osx-AVFoundation: e770b220cccbd017edd2c1fefb359320 -> 
  custom:audio-encoder-webm-vorbis: bf7c407c2cedff20999df2af8eb42d56 -> 
  custom:container-demuxer-ogg: 62fdf1f143b41e24485cea50d1cbac27 -> 
  custom:video-decoder-webm-vp8: 9c59270c3fd7afecdb556c50c9e8de78 -> 
  custom:audio-decoder-ogg-vorbis: bf7c407c2cedff20999df2af8eb42d56 -> 
========================================================================
Received Prepare
Refreshing native plugins compatible for Editor in 2.63 ms, found 3 plugins.
Preloading 0 native plugins for Editor in 0.00 ms.
Unloading 25 Unused Serialized files (Serialized files now loaded: 0)
Unloading 25 unused Assets / (22.0 KB). Loaded Objects now: 4561.
Memory consumption went from 79.2 MB to 79.2 MB.
Total: 3.584834 ms (FindLiveObjects: 0.146916 ms CreateObjectMapping: 0.061667 ms MarkObjects: 3.358375 ms  DeleteObjects: 0.017625 ms)

AssetImportParameters requested are different than current active one (requested -> active):
  custom:video-decoder-ogg-theora: a1e56fd34408186e4bbccfd4996cb3dc -> 
  custom:container-muxer-webm: aa71ff27fc2769a1b78a27578f13a17b -> 
  custom:container-demuxer-webm: 4f35f7cbe854078d1ac9338744f61a02 -> 
  custom:video-encoder-webm-vp8: eb34c28f22e8b96e1ab97ce403110664 -> 
  custom:framework-osx-AVFoundation: e770b220cccbd017edd2c1fefb359320 -> 
  custom:audio-encoder-webm-vorbis: bf7c407c2cedff20999df2af8eb42d56 -> 
  custom:container-demuxer-ogg: 62fdf1f143b41e24485cea50d1cbac27 -> 
  custom:video-decoder-webm-vp8: 9c59270c3fd7afecdb556c50c9e8de78 -> 
  custom:audio-decoder-ogg-vorbis: bf7c407c2cedff20999df2af8eb42d56 -> 
========================================================================
Received Prepare
Registering precompiled user dll's ...
Registered in 0.003623 seconds.
Begin MonoManager ReloadAssembly
Thread 0x299c07000 may have been prematurely finalized
Symbol file LoadedFromMemory doesn't match image /Users/tyhagan/Documents/GitHub/ImageReplicatorGit/ImageReplicator/Library/PackageCache/com.unity.visualscripting@1.7.8/Editor/VisualScripting.Core/Dependencies/YamlDotNet/Unity.VisualScripting.YamlDotNet.dll
Symbol file LoadedFromMemory doesn't match image /Users/tyhagan/Documents/GitHub/ImageReplicatorGit/ImageReplicator/Library/PackageCache/com.unity.visualscripting@1.7.8/Editor/VisualScripting.Core/Dependencies/DotNetZip/Unity.VisualScripting.IonicZip.dll
Native extension for OSXStandalone target not found
Refreshing native plugins compatible for Editor in 0.49 ms, found 3 plugins.
Preloading 0 native plugins for Editor in 0.00 ms.
Mono: successfully reloaded assembly
- Completed reload, in  0.797 seconds
Domain Reload Profiling:
	ReloadAssembly (797ms)
		BeginReloadAssembly (92ms)
			ExecutionOrderSort (0ms)
			DisableScriptedObjects (5ms)
			BackupInstance (0ms)
			ReleaseScriptingObjects (0ms)
			CreateAndSetChildDomain (39ms)
		EndReloadAssembly (623ms)
			LoadAssemblies (37ms)
			RebuildTransferFunctionScriptingTraits (0ms)
			SetupTypeCache (227ms)
			ReleaseScriptCaches (1ms)
			RebuildScriptCaches (47ms)
			SetupLoadedEditorAssemblies (263ms)
				LogAssemblyErrors (0ms)
				InitializePlatformSupportModulesInManaged (6ms)
				SetLoadedEditorAssemblies (0ms)
				RefreshPlugins (1ms)
				BeforeProcessingInitializeOnLoad (59ms)
				ProcessInitializeOnLoadAttributes (168ms)
				ProcessInitializeOnLoadMethodAttributes (28ms)
				AfterProcessingInitializeOnLoad (1ms)
				EditorAssembliesLoaded (0ms)
			ExecutionOrderSort2 (0ms)
			AwakeInstancesAfterBackupRestoration (5ms)
Platform modules already initialized, skipping
Refreshing native plugins compatible for Editor in 1.10 ms, found 3 plugins.
Preloading 0 native plugins for Editor in 0.00 ms.
Unloading 4037 Unused Serialized files (Serialized files now loaded: 0)
Unloading 25 unused Assets / (22.0 KB). Loaded Objects now: 4564.
Memory consumption went from 159.5 MB to 159.4 MB.
Total: 3.039709 ms (FindLiveObjects: 0.147791 ms CreateObjectMapping: 0.064750 ms MarkObjects: 2.808375 ms  DeleteObjects: 0.018125 ms)

AssetImportParameters requested are different than current active one (requested -> active):
  custom:video-decoder-ogg-theora: a1e56fd34408186e4bbccfd4996cb3dc -> 
  custom:container-muxer-webm: aa71ff27fc2769a1b78a27578f13a17b -> 
  custom:container-demuxer-webm: 4f35f7cbe854078d1ac9338744f61a02 -> 
  custom:video-encoder-webm-vp8: eb34c28f22e8b96e1ab97ce403110664 -> 
  custom:framework-osx-AVFoundation: e770b220cccbd017edd2c1fefb359320 -> 
  custom:audio-encoder-webm-vorbis: bf7c407c2cedff20999df2af8eb42d56 -> 
  custom:container-demuxer-ogg: 62fdf1f143b41e24485cea50d1cbac27 -> 
  custom:video-decoder-webm-vp8: 9c59270c3fd7afecdb556c50c9e8de78 -> 
  custom:audio-decoder-ogg-vorbis: bf7c407c2cedff20999df2af8eb42d56 -> 
========================================================================
Received Prepare
Registering precompiled user dll's ...
Registered in 0.002977 seconds.
Begin MonoManager ReloadAssembly
Thread 0x28ed8b000 may have been prematurely finalized
Symbol file LoadedFromMemory doesn't match image /Users/tyhagan/Documents/GitHub/ImageReplicatorGit/ImageReplicator/Library/PackageCache/com.unity.visualscripting@1.7.8/Editor/VisualScripting.Core/Dependencies/YamlDotNet/Unity.VisualScripting.YamlDotNet.dll
Symbol file LoadedFromMemory doesn't match image /Users/tyhagan/Documents/GitHub/ImageReplicatorGit/ImageReplicator/Library/PackageCache/com.unity.visualscripting@1.7.8/Editor/VisualScripting.Core/Dependencies/DotNetZip/Unity.VisualScripting.IonicZip.dll
Native extension for OSXStandalone target not found
Refreshing native plugins compatible for Editor in 0.50 ms, found 3 plugins.
Preloading 0 native plugins for Editor in 0.00 ms.
Mono: successfully reloaded assembly
- Completed reload, in  0.784 seconds
Domain Reload Profiling:
	ReloadAssembly (784ms)
		BeginReloadAssembly (86ms)
			ExecutionOrderSort (0ms)
			DisableScriptedObjects (5ms)
			BackupInstance (0ms)
			ReleaseScriptingObjects (0ms)
			CreateAndSetChildDomain (34ms)
		EndReloadAssembly (617ms)
			LoadAssemblies (36ms)
			RebuildTransferFunctionScriptingTraits (0ms)
			SetupTypeCache (220ms)
			ReleaseScriptCaches (1ms)
			RebuildScriptCaches (48ms)
			SetupLoadedEditorAssemblies (262ms)
				LogAssemblyErrors (0ms)
				InitializePlatformSupportModulesInManaged (6ms)
				SetLoadedEditorAssemblies (0ms)
				RefreshPlugins (1ms)
				BeforeProcessingInitializeOnLoad (55ms)
				ProcessInitializeOnLoadAttributes (169ms)
				ProcessInitializeOnLoadMethodAttributes (30ms)
				AfterProcessingInitializeOnLoad (1ms)
				EditorAssembliesLoaded (0ms)
			ExecutionOrderSort2 (0ms)
			AwakeInstancesAfterBackupRestoration (5ms)
Platform modules already initialized, skipping
Refreshing native plugins compatible for Editor in 1.20 ms, found 3 plugins.
Preloading 0 native plugins for Editor in 0.00 ms.
Unloading 4037 Unused Serialized files (Serialized files now loaded: 0)
Unloading 25 unused Assets / (22.0 KB). Loaded Objects now: 4567.
Memory consumption went from 159.5 MB to 159.4 MB.
Total: 2.828125 ms (FindLiveObjects: 0.127250 ms CreateObjectMapping: 0.065125 ms MarkObjects: 2.619041 ms  DeleteObjects: 0.015875 ms)

AssetImportParameters requested are different than current active one (requested -> active):
  custom:video-decoder-ogg-theora: a1e56fd34408186e4bbccfd4996cb3dc -> 
  custom:container-muxer-webm: aa71ff27fc2769a1b78a27578f13a17b -> 
  custom:container-demuxer-webm: 4f35f7cbe854078d1ac9338744f61a02 -> 
  custom:video-encoder-webm-vp8: eb34c28f22e8b96e1ab97ce403110664 -> 
  custom:framework-osx-AVFoundation: e770b220cccbd017edd2c1fefb359320 -> 
  custom:audio-encoder-webm-vorbis: bf7c407c2cedff20999df2af8eb42d56 -> 
  custom:container-demuxer-ogg: 62fdf1f143b41e24485cea50d1cbac27 -> 
  custom:video-decoder-webm-vp8: 9c59270c3fd7afecdb556c50c9e8de78 -> 
  custom:audio-decoder-ogg-vorbis: bf7c407c2cedff20999df2af8eb42d56 -> 
========================================================================
Received Prepare
Registering precompiled user dll's ...
Registered in 0.003137 seconds.
Begin MonoManager ReloadAssembly
Thread 0x28ed8b000 may have been prematurely finalized
Symbol file LoadedFromMemory doesn't match image /Users/tyhagan/Documents/GitHub/ImageReplicatorGit/ImageReplicator/Library/PackageCache/com.unity.visualscripting@1.7.8/Editor/VisualScripting.Core/Dependencies/YamlDotNet/Unity.VisualScripting.YamlDotNet.dll
Symbol file LoadedFromMemory doesn't match image /Users/tyhagan/Documents/GitHub/ImageReplicatorGit/ImageReplicator/Library/PackageCache/com.unity.visualscripting@1.7.8/Editor/VisualScripting.Core/Dependencies/DotNetZip/Unity.VisualScripting.IonicZip.dll
Native extension for OSXStandalone target not found
Refreshing native plugins compatible for Editor in 0.47 ms, found 3 plugins.
Preloading 0 native plugins for Editor in 0.00 ms.
Mono: successfully reloaded assembly
- Completed reload, in  0.780 seconds
Domain Reload Profiling:
	ReloadAssembly (780ms)
		BeginReloadAssembly (88ms)
			ExecutionOrderSort (0ms)
			DisableScriptedObjects (5ms)
			BackupInstance (0ms)
			ReleaseScriptingObjects (0ms)
			CreateAndSetChildDomain (36ms)
		EndReloadAssembly (611ms)
			LoadAssemblies (36ms)
			RebuildTransferFunctionScriptingTraits (0ms)
			SetupTypeCache (223ms)
			ReleaseScriptCaches (1ms)
			RebuildScriptCaches (47ms)
			SetupLoadedEditorAssemblies (255ms)
				LogAssemblyErrors (0ms)
				InitializePlatformSupportModulesInManaged (6ms)
				SetLoadedEditorAssemblies (0ms)
				RefreshPlugins (0ms)
				BeforeProcessingInitializeOnLoad (54ms)
				ProcessInitializeOnLoadAttributes (165ms)
				ProcessInitializeOnLoadMethodAttributes (28ms)
				AfterProcessingInitializeOnLoad (1ms)
				EditorAssembliesLoaded (0ms)
			ExecutionOrderSort2 (0ms)
			AwakeInstancesAfterBackupRestoration (5ms)
Platform modules already initialized, skipping
Refreshing native plugins compatible for Editor in 1.03 ms, found 3 plugins.
Preloading 0 native plugins for Editor in 0.00 ms.
Unloading 4037 Unused Serialized files (Serialized files now loaded: 0)
Unloading 25 unused Assets / (22.1 KB). Loaded Objects now: 4570.
Memory consumption went from 159.5 MB to 159.4 MB.
Total: 2.786666 ms (FindLiveObjects: 0.123959 ms CreateObjectMapping: 0.059792 ms MarkObjects: 2.587250 ms  DeleteObjects: 0.014834 ms)

AssetImportParameters requested are different than current active one (requested -> active):
  custom:video-decoder-ogg-theora: a1e56fd34408186e4bbccfd4996cb3dc -> 
  custom:container-muxer-webm: aa71ff27fc2769a1b78a27578f13a17b -> 
  custom:container-demuxer-webm: 4f35f7cbe854078d1ac9338744f61a02 -> 
  custom:video-encoder-webm-vp8: eb34c28f22e8b96e1ab97ce403110664 -> 
  custom:framework-osx-AVFoundation: e770b220cccbd017edd2c1fefb359320 -> 
  custom:audio-encoder-webm-vorbis: bf7c407c2cedff20999df2af8eb42d56 -> 
  custom:container-demuxer-ogg: 62fdf1f143b41e24485cea50d1cbac27 -> 
  custom:video-decoder-webm-vp8: 9c59270c3fd7afecdb556c50c9e8de78 -> 
  custom:audio-decoder-ogg-vorbis: bf7c407c2cedff20999df2af8eb42d56 -> 
========================================================================
Received Prepare
Registering precompiled user dll's ...
Registered in 0.003351 seconds.
Begin MonoManager ReloadAssembly
Thread 0x2983fb000 may have been prematurely finalized
Symbol file LoadedFromMemory doesn't match image /Users/tyhagan/Documents/GitHub/ImageReplicatorGit/ImageReplicator/Library/PackageCache/com.unity.visualscripting@1.7.8/Editor/VisualScripting.Core/Dependencies/YamlDotNet/Unity.VisualScripting.YamlDotNet.dll
Symbol file LoadedFromMemory doesn't match image /Users/tyhagan/Documents/GitHub/ImageReplicatorGit/ImageReplicator/Library/PackageCache/com.unity.visualscripting@1.7.8/Editor/VisualScripting.Core/Dependencies/DotNetZip/Unity.VisualScripting.IonicZip.dll
Native extension for OSXStandalone target not found
Refreshing native plugins compatible for Editor in 0.49 ms, found 3 plugins.
Preloading 0 native plugins for Editor in 0.00 ms.
Mono: successfully reloaded assembly
- Completed reload, in  0.779 seconds
Domain Reload Profiling:
	ReloadAssembly (780ms)
		BeginReloadAssembly (86ms)
			ExecutionOrderSort (0ms)
			DisableScriptedObjects (5ms)
			BackupInstance (0ms)
			ReleaseScriptingObjects (0ms)
			CreateAndSetChildDomain (35ms)
		EndReloadAssembly (613ms)
			LoadAssemblies (34ms)
			RebuildTransferFunctionScriptingTraits (0ms)
			SetupTypeCache (221ms)
			ReleaseScriptCaches (1ms)
			RebuildScriptCaches (47ms)
			SetupLoadedEditorAssemblies (259ms)
				LogAssemblyErrors (0ms)
				InitializePlatformSupportModulesInManaged (6ms)
				SetLoadedEditorAssemblies (0ms)
				RefreshPlugins (1ms)
				BeforeProcessingInitializeOnLoad (56ms)
				ProcessInitializeOnLoadAttributes (167ms)
				ProcessInitializeOnLoadMethodAttributes (28ms)
				AfterProcessingInitializeOnLoad (1ms)
				EditorAssembliesLoaded (0ms)
			ExecutionOrderSort2 (0ms)
			AwakeInstancesAfterBackupRestoration (5ms)
Platform modules already initialized, skipping
Refreshing native plugins compatible for Editor in 1.01 ms, found 3 plugins.
Preloading 0 native plugins for Editor in 0.00 ms.
Unloading 4037 Unused Serialized files (Serialized files now loaded: 0)
Unloading 25 unused Assets / (22.1 KB). Loaded Objects now: 4573.
Memory consumption went from 159.5 MB to 159.4 MB.
Total: 3.047959 ms (FindLiveObjects: 0.124125 ms CreateObjectMapping: 0.061375 ms MarkObjects: 2.846375 ms  DeleteObjects: 0.015250 ms)

AssetImportParameters requested are different than current active one (requested -> active):
  custom:video-decoder-ogg-theora: a1e56fd34408186e4bbccfd4996cb3dc -> 
  custom:container-muxer-webm: aa71ff27fc2769a1b78a27578f13a17b -> 
  custom:container-demuxer-webm: 4f35f7cbe854078d1ac9338744f61a02 -> 
  custom:video-encoder-webm-vp8: eb34c28f22e8b96e1ab97ce403110664 -> 
  custom:framework-osx-AVFoundation: e770b220cccbd017edd2c1fefb359320 -> 
  custom:audio-encoder-webm-vorbis: bf7c407c2cedff20999df2af8eb42d56 -> 
  custom:container-demuxer-ogg: 62fdf1f143b41e24485cea50d1cbac27 -> 
  custom:video-decoder-webm-vp8: 9c59270c3fd7afecdb556c50c9e8de78 -> 
  custom:audio-decoder-ogg-vorbis: bf7c407c2cedff20999df2af8eb42d56 -> 
========================================================================
Received Prepare
Registering precompiled user dll's ...
Registered in 0.002625 seconds.
Begin MonoManager ReloadAssembly
Thread 0x2983fb000 may have been prematurely finalized
Symbol file LoadedFromMemory doesn't match image /Users/tyhagan/Documents/GitHub/ImageReplicatorGit/ImageReplicator/Library/PackageCache/com.unity.visualscripting@1.7.8/Editor/VisualScripting.Core/Dependencies/YamlDotNet/Unity.VisualScripting.YamlDotNet.dll
Symbol file LoadedFromMemory doesn't match image /Users/tyhagan/Documents/GitHub/ImageReplicatorGit/ImageReplicator/Library/PackageCache/com.unity.visualscripting@1.7.8/Editor/VisualScripting.Core/Dependencies/DotNetZip/Unity.VisualScripting.IonicZip.dll
Native extension for OSXStandalone target not found
Refreshing native plugins compatible for Editor in 0.48 ms, found 3 plugins.
Preloading 0 native plugins for Editor in 0.00 ms.
Mono: successfully reloaded assembly
- Completed reload, in  0.779 seconds
Domain Reload Profiling:
	ReloadAssembly (780ms)
		BeginReloadAssembly (85ms)
			ExecutionOrderSort (0ms)
			DisableScriptedObjects (5ms)
			BackupInstance (0ms)
			ReleaseScriptingObjects (0ms)
			CreateAndSetChildDomain (34ms)
		EndReloadAssembly (613ms)
			LoadAssemblies (33ms)
			RebuildTransferFunctionScriptingTraits (0ms)
			SetupTypeCache (225ms)
			ReleaseScriptCaches (1ms)
			RebuildScriptCaches (48ms)
			SetupLoadedEditorAssemblies (255ms)
				LogAssemblyErrors (0ms)
				InitializePlatformSupportModulesInManaged (6ms)
				SetLoadedEditorAssemblies (0ms)
				RefreshPlugins (0ms)
				BeforeProcessingInitializeOnLoad (54ms)
				ProcessInitializeOnLoadAttributes (165ms)
				ProcessInitializeOnLoadMethodAttributes (28ms)
				AfterProcessingInitializeOnLoad (1ms)
				EditorAssembliesLoaded (0ms)
			ExecutionOrderSort2 (0ms)
			AwakeInstancesAfterBackupRestoration (5ms)
Platform modules already initialized, skipping
Refreshing native plugins compatible for Editor in 1.02 ms, found 3 plugins.
Preloading 0 native plugins for Editor in 0.00 ms.
Unloading 4037 Unused Serialized files (Serialized files now loaded: 0)
Unloading 25 unused Assets / (22.1 KB). Loaded Objects now: 4576.
Memory consumption went from 159.5 MB to 159.5 MB.
Total: 2.851959 ms (FindLiveObjects: 0.125500 ms CreateObjectMapping: 0.061666 ms MarkObjects: 2.642709 ms  DeleteObjects: 0.021459 ms)

AssetImportParameters requested are different than current active one (requested -> active):
  custom:video-decoder-ogg-theora: a1e56fd34408186e4bbccfd4996cb3dc -> 
  custom:container-muxer-webm: aa71ff27fc2769a1b78a27578f13a17b -> 
  custom:container-demuxer-webm: 4f35f7cbe854078d1ac9338744f61a02 -> 
  custom:video-encoder-webm-vp8: eb34c28f22e8b96e1ab97ce403110664 -> 
  custom:framework-osx-AVFoundation: e770b220cccbd017edd2c1fefb359320 -> 
  custom:audio-encoder-webm-vorbis: bf7c407c2cedff20999df2af8eb42d56 -> 
  custom:container-demuxer-ogg: 62fdf1f143b41e24485cea50d1cbac27 -> 
  custom:video-decoder-webm-vp8: 9c59270c3fd7afecdb556c50c9e8de78 -> 
  custom:audio-decoder-ogg-vorbis: bf7c407c2cedff20999df2af8eb42d56 -> 
========================================================================
Received Prepare
Registering precompiled user dll's ...
Registered in 0.003578 seconds.
Begin MonoManager ReloadAssembly
Thread 0x2983fb000 may have been prematurely finalized
Symbol file LoadedFromMemory doesn't match image /Users/tyhagan/Documents/GitHub/ImageReplicatorGit/ImageReplicator/Library/PackageCache/com.unity.visualscripting@1.7.8/Editor/VisualScripting.Core/Dependencies/YamlDotNet/Unity.VisualScripting.YamlDotNet.dll
Symbol file LoadedFromMemory doesn't match image /Users/tyhagan/Documents/GitHub/ImageReplicatorGit/ImageReplicator/Library/PackageCache/com.unity.visualscripting@1.7.8/Editor/VisualScripting.Core/Dependencies/DotNetZip/Unity.VisualScripting.IonicZip.dll
Native extension for OSXStandalone target not found
Refreshing native plugins compatible for Editor in 0.49 ms, found 3 plugins.
Preloading 0 native plugins for Editor in 0.00 ms.
Mono: successfully reloaded assembly
- Completed reload, in  0.766 seconds
Domain Reload Profiling:
	ReloadAssembly (766ms)
		BeginReloadAssembly (83ms)
			ExecutionOrderSort (0ms)
			DisableScriptedObjects (5ms)
			BackupInstance (0ms)
			ReleaseScriptingObjects (0ms)
			CreateAndSetChildDomain (33ms)
		EndReloadAssembly (603ms)
			LoadAssemblies (33ms)
			RebuildTransferFunctionScriptingTraits (0ms)
			SetupTypeCache (218ms)
			ReleaseScriptCaches (1ms)
			RebuildScriptCaches (46ms)
			SetupLoadedEditorAssemblies (254ms)
				LogAssemblyErrors (0ms)
				InitializePlatformSupportModulesInManaged (6ms)
				SetLoadedEditorAssemblies (0ms)
				RefreshPlugins (1ms)
				BeforeProcessingInitializeOnLoad (55ms)
				ProcessInitializeOnLoadAttributes (163ms)
				ProcessInitializeOnLoadMethodAttributes (28ms)
				AfterProcessingInitializeOnLoad (1ms)
				EditorAssembliesLoaded (0ms)
			ExecutionOrderSort2 (0ms)
			AwakeInstancesAfterBackupRestoration (5ms)
Platform modules already initialized, skipping
Refreshing native plugins compatible for Editor in 0.99 ms, found 3 plugins.
Preloading 0 native plugins for Editor in 0.00 ms.
Unloading 4037 Unused Serialized files (Serialized files now loaded: 0)
Unloading 25 unused Assets / (22.0 KB). Loaded Objects now: 4579.
Memory consumption went from 159.5 MB to 159.5 MB.
Total: 2.824750 ms (FindLiveObjects: 0.122500 ms CreateObjectMapping: 0.060292 ms MarkObjects: 2.618250 ms  DeleteObjects: 0.023083 ms)

AssetImportParameters requested are different than current active one (requested -> active):
  custom:video-decoder-ogg-theora: a1e56fd34408186e4bbccfd4996cb3dc -> 
  custom:container-muxer-webm: aa71ff27fc2769a1b78a27578f13a17b -> 
  custom:container-demuxer-webm: 4f35f7cbe854078d1ac9338744f61a02 -> 
  custom:video-encoder-webm-vp8: eb34c28f22e8b96e1ab97ce403110664 -> 
  custom:framework-osx-AVFoundation: e770b220cccbd017edd2c1fefb359320 -> 
  custom:audio-encoder-webm-vorbis: bf7c407c2cedff20999df2af8eb42d56 -> 
  custom:container-demuxer-ogg: 62fdf1f143b41e24485cea50d1cbac27 -> 
  custom:video-decoder-webm-vp8: 9c59270c3fd7afecdb556c50c9e8de78 -> 
  custom:audio-decoder-ogg-vorbis: bf7c407c2cedff20999df2af8eb42d56 -> 
========================================================================
Received Import Request.
  Time since last request: 799.792757 seconds.
  path: Packages/com.unity.2d.animation/Editor/Assets/SkinningModule/Icons/Selected/Split_Edge.png
  artifactKey: Guid(8800032f7e7cdd544b74849c80ce05d4) Importer(815301076,1909f56bfc062723c751e8b465ee728b)
Start importing Packages/com.unity.2d.animation/Editor/Assets/SkinningModule/Icons/Selected/Split_Edge.png using Guid(8800032f7e7cdd544b74849c80ce05d4) Importer(815301076,1909f56bfc062723c751e8b465ee728b)  -> (artifact id: '503abde04fb870289753b99b6cd55aae') in 0.042388 seconds 
========================================================================
Received Import Request.
  Time since last request: 0.000052 seconds.
  path: Packages/com.unity.2d.animation/Editor/Assets/SkinningModule/Icons/Light/Sprite_Influence@3x.png
  artifactKey: Guid(563e4d2d28c2241fbbb33e85f9b27efb) Importer(815301076,1909f56bfc062723c751e8b465ee728b)
Start importing Packages/com.unity.2d.animation/Editor/Assets/SkinningModule/Icons/Light/Sprite_Influence@3x.png using Guid(563e4d2d28c2241fbbb33e85f9b27efb) Importer(815301076,1909f56bfc062723c751e8b465ee728b)  -> (artifact id: 'b2047d53878a14b6e4cc7f51a1f45dd9') in 0.006763 seconds 
========================================================================
Received Import Request.
  Time since last request: 0.000059 seconds.
  path: Packages/com.unity.2d.animation/Editor/Assets/SkinningModule/Icons/Light/Sprite_Influence.png
  artifactKey: Guid(768531f76566d4b18bfe4ed7b21e5ce1) Importer(815301076,1909f56bfc062723c751e8b465ee728b)
Start importing Packages/com.unity.2d.animation/Editor/Assets/SkinningModule/Icons/Light/Sprite_Influence.png using Guid(768531f76566d4b18bfe4ed7b21e5ce1) Importer(815301076,1909f56bfc062723c751e8b465ee728b)  -> (artifact id: '2c8d2faebd0e47b3d1b79cbf3f869303') in 0.006119 seconds 
========================================================================
Received Import Request.
  Time since last request: 0.000040 seconds.
  path: Packages/com.unity.2d.animation/Editor/Assets/SkinningModule/Icons/Light/Split_Edge@3x.png
  artifactKey: Guid(4d2d8fb4fc2041441980b4ec253532b0) Importer(815301076,1909f56bfc062723c751e8b465ee728b)
Start importing Packages/com.unity.2d.animation/Editor/Assets/SkinningModule/Icons/Light/Split_Edge@3x.png using Guid(4d2d8fb4fc2041441980b4ec253532b0) Importer(815301076,1909f56bfc062723c751e8b465ee728b)  -> (artifact id: 'd18b19f455af6fac8fd367c6a83e34af') in 0.005660 seconds 
========================================================================
Received Import Request.
  Time since last request: 0.000054 seconds.
  path: Packages/com.unity.2d.animation/Editor/Assets/SkinningModule/Icons/Selected/Sprite_Influence@4x.png
  artifactKey: Guid(e959cb82696cd4dbf9e6b448af425c88) Importer(815301076,1909f56bfc062723c751e8b465ee728b)
Start importing Packages/com.unity.2d.animation/Editor/Assets/SkinningModule/Icons/Selected/Sprite_Influence@4x.png using Guid(e959cb82696cd4dbf9e6b448af425c88) Importer(815301076,1909f56bfc062723c751e8b465ee728b)  -> (artifact id: '8142128f8530683007ab781fba9948fe') in 0.006015 seconds 
========================================================================
Received Import Request.
  Time since last request: 0.000046 seconds.
  path: Packages/com.unity.collab-proxy/Editor/PlasticSCM/Assets/Images/step3@2x.png
  artifactKey: Guid(36e6970b84831434a9eac79abd03700b) Importer(815301076,1909f56bfc062723c751e8b465ee728b)
Start importing Packages/com.unity.collab-proxy/Editor/PlasticSCM/Assets/Images/step3@2x.png using Guid(36e6970b84831434a9eac79abd03700b) Importer(815301076,1909f56bfc062723c751e8b465ee728b)  -> (artifact id: '3778f826b4fe4296656529be2797edeb') in 0.005836 seconds 
========================================================================
Received Import Request.
  Time since last request: 0.000061 seconds.
  path: Packages/com.unity.collab-proxy/Editor/PlasticSCM/Assets/Images/step2.png
  artifactKey: Guid(cd0b17b71a5c498428ee91dee8a78a88) Importer(815301076,1909f56bfc062723c751e8b465ee728b)
Start importing Packages/com.unity.collab-proxy/Editor/PlasticSCM/Assets/Images/step2.png using Guid(cd0b17b71a5c498428ee91dee8a78a88) Importer(815301076,1909f56bfc062723c751e8b465ee728b)  -> (artifact id: '88b7a144a47995e667eb619c9b08bef3') in 0.006306 seconds 
========================================================================
Received Import Request.
  Time since last request: 0.000043 seconds.
  path: Packages/com.unity.2d.animation/Editor/Assets/SkinningModule/Icons/Selected/Split_Edge@2x.png
  artifactKey: Guid(2f12c9758dad4e34ea8bc886f1fdb0dd) Importer(815301076,1909f56bfc062723c751e8b465ee728b)
Start importing Packages/com.unity.2d.animation/Editor/Assets/SkinningModule/Icons/Selected/Split_Edge@2x.png using Guid(2f12c9758dad4e34ea8bc886f1fdb0dd) Importer(815301076,1909f56bfc062723c751e8b465ee728b)  -> (artifact id: 'c7600033016bea86a75564a94b6c7c7a') in 0.006742 seconds 
========================================================================
Received Import Request.
  Time since last request: 0.000040 seconds.
  path: Packages/com.unity.2d.spriteshape/Editor/ObjectMenuCreation/DefaultAssets/Sprite Shapes/SpriteShapeEdge.png
  artifactKey: Guid(0ae2b74b1edd14bb18dd7b65ae916a54) Importer(815301076,1909f56bfc062723c751e8b465ee728b)
Start importing Packages/com.unity.2d.spriteshape/Editor/ObjectMenuCreation/DefaultAssets/Sprite Shapes/SpriteShapeEdge.png using Guid(0ae2b74b1edd14bb18dd7b65ae916a54) Importer(815301076,1909f56bfc062723c751e8b465ee728b)  -> (artifact id: 'eece23e5835abaeae9368cdb0f12aade') in 0.007641 seconds 
========================================================================
Received Import Request.
  Time since last request: 0.000031 seconds.
  path: Packages/com.unity.2d.path/Editor/Handles/TangentLinear.png
  artifactKey: Guid(a728d9332cba5f448a36350199dc573b) Importer(815301076,1909f56bfc062723c751e8b465ee728b)
Start importing Packages/com.unity.2d.path/Editor/Handles/TangentLinear.png using Guid(a728d9332cba5f448a36350199dc573b) Importer(815301076,1909f56bfc062723c751e8b465ee728b)  -> (artifact id: '4f0ed2f1c94a7c2044443a5eefdc979c') in 0.005772 seconds 
========================================================================
Received Import Request.
  Time since last request: 0.000053 seconds.
  path: Packages/com.unity.collab-proxy/Editor/PlasticSCM/Assets/Images/stepok@2x.png
  artifactKey: Guid(be340a165cb9c8d4cb50f1deeb51d4ea) Importer(815301076,1909f56bfc062723c751e8b465ee728b)
Start importing Packages/com.unity.collab-proxy/Editor/PlasticSCM/Assets/Images/stepok@2x.png using Guid(be340a165cb9c8d4cb50f1deeb51d4ea) Importer(815301076,1909f56bfc062723c751e8b465ee728b)  -> (artifact id: '041fcf42b431d68f66a5fbb59a0bff6b') in 0.005990 seconds 
========================================================================
Received Import Request.
  Time since last request: 0.000059 seconds.
  path: Packages/com.unity.2d.animation/Editor/Assets/SkinningModule/Icons/Selected/Sprite_Mode@2x.png
  artifactKey: Guid(ff2aa9ebc8aee604caa5f8459ac4ae43) Importer(815301076,1909f56bfc062723c751e8b465ee728b)
Start importing Packages/com.unity.2d.animation/Editor/Assets/SkinningModule/Icons/Selected/Sprite_Mode@2x.png using Guid(ff2aa9ebc8aee604caa5f8459ac4ae43) Importer(815301076,1909f56bfc062723c751e8b465ee728b)  -> (artifact id: '65160e0efa53281f0307868d32d39aca') in 0.006339 seconds 
========================================================================
Received Import Request.
  Time since last request: 0.000037 seconds.
  path: Packages/com.unity.2d.animation/Editor/Assets/SkinningModule/Icons/Selected/Sprite_Mode@4x.png
  artifactKey: Guid(2223b0a570b66ee42b3e0a79f0789b2a) Importer(815301076,1909f56bfc062723c751e8b465ee728b)
Start importing Packages/com.unity.2d.animation/Editor/Assets/SkinningModule/Icons/Selected/Sprite_Mode@4x.png using Guid(2223b0a570b66ee42b3e0a79f0789b2a) Importer(815301076,1909f56bfc062723c751e8b465ee728b)  -> (artifact id: '30633e5182c97914e4cd8df0d8d8a8fa') in 0.005892 seconds 
========================================================================
Received Import Request.
  Time since last request: 0.000043 seconds.
  path: Packages/com.unity.2d.path/Editor/Handles/TangentBrokenPro.png
  artifactKey: Guid(3f0215e89d05b544d907d3a7d34fab63) Importer(815301076,1909f56bfc062723c751e8b465ee728b)
Start importing Packages/com.unity.2d.path/Editor/Handles/TangentBrokenPro.png using Guid(3f0215e89d05b544d907d3a7d34fab63) Importer(815301076,1909f56bfc062723c751e8b465ee728b)  -> (artifact id: '7d9086e47ea00862e6c27c3a32951e64') in 0.004789 seconds 
========================================================================
Received Import Request.
  Time since last request: 0.000049 seconds.
  path: Packages/com.unity.2d.animation/Editor/Assets/SkinningModule/Icons/Selected/Split_Edge@3x.png
  artifactKey: Guid(7764b2bf79a49894e8ea10f3d661a4ed) Importer(815301076,1909f56bfc062723c751e8b465ee728b)
Start importing Packages/com.unity.2d.animation/Editor/Assets/SkinningModule/Icons/Selected/Split_Edge@3x.png using Guid(7764b2bf79a49894e8ea10f3d661a4ed) Importer(815301076,1909f56bfc062723c751e8b465ee728b)  -> (artifact id: 'a95347a34a04227f110ab651ff7ac2a3') in 0.004986 seconds 
========================================================================
Received Import Request.
  Time since last request: 0.000058 seconds.
  path: Packages/com.unity.2d.animation/Editor/Assets/SkinningModule/Icons/Light/Split_Edge@2x.png
  artifactKey: Guid(3c84cd9c7ddd51c4b959d02c41aced07) Importer(815301076,1909f56bfc062723c751e8b465ee728b)
Start importing Packages/com.unity.2d.animation/Editor/Assets/SkinningModule/Icons/Light/Split_Edge@2x.png using Guid(3c84cd9c7ddd51c4b959d02c41aced07) Importer(815301076,1909f56bfc062723c751e8b465ee728b)  -> (artifact id: 'd09feec354051194cfe5702ba4c08b61') in 0.005938 seconds 
========================================================================
Received Import Request.
  Time since last request: 0.000054 seconds.
  path: Packages/com.unity.2d.animation/Editor/Assets/SkinningModule/Icons/Light/Sprite_Mode.png
  artifactKey: Guid(2ad84ec7182471b4d8c44de568e22df4) Importer(815301076,1909f56bfc062723c751e8b465ee728b)
Start importing Packages/com.unity.2d.animation/Editor/Assets/SkinningModule/Icons/Light/Sprite_Mode.png using Guid(2ad84ec7182471b4d8c44de568e22df4) Importer(815301076,1909f56bfc062723c751e8b465ee728b)  -> (artifact id: '78f73c550b53cd26b2f7308541576711') in 0.004913 seconds 
========================================================================
Received Import Request.
  Time since last request: 0.000052 seconds.
  path: Packages/com.unity.2d.spriteshape/Editor/Handles/ss_leftrange.png
  artifactKey: Guid(9417efc47083f4a1598c1966a6345cdb) Importer(815301076,1909f56bfc062723c751e8b465ee728b)
Start importing Packages/com.unity.2d.spriteshape/Editor/Handles/ss_leftrange.png using Guid(9417efc47083f4a1598c1966a6345cdb) Importer(815301076,1909f56bfc062723c751e8b465ee728b)  -> (artifact id: '2b7f21dee7f44a1d27ab43f5ff94340a') in 0.007725 seconds 
========================================================================
Received Import Request.
  Time since last request: 0.000039 seconds.
  path: Packages/com.unity.2d.animation/Editor/Assets/SkinningModule/Icons/Light/Visibility_Hidded@3x.png
  artifactKey: Guid(89930da27dfbbc64ba1f3baf0ae416bb) Importer(815301076,1909f56bfc062723c751e8b465ee728b)
Start importing Packages/com.unity.2d.animation/Editor/Assets/SkinningModule/Icons/Light/Visibility_Hidded@3x.png using Guid(89930da27dfbbc64ba1f3baf0ae416bb) Importer(815301076,1909f56bfc062723c751e8b465ee728b)  -> (artifact id: '427c04f8d0849f3d185c01672c6cc9bf') in 0.006193 seconds 
========================================================================
Received Import Request.
  Time since last request: 0.000034 seconds.
  path: Packages/com.unity.2d.animation/Editor/Assets/SkinningModule/Icons/Light/Sprite_Mode@3x.png
  artifactKey: Guid(71d8b2e508f1d9947ba51013600a5eac) Importer(815301076,1909f56bfc062723c751e8b465ee728b)
Start importing Packages/com.unity.2d.animation/Editor/Assets/SkinningModule/Icons/Light/Sprite_Mode@3x.png using Guid(71d8b2e508f1d9947ba51013600a5eac) Importer(815301076,1909f56bfc062723c751e8b465ee728b)  -> (artifact id: 'bfe16acdd2541444e2a0186d7059a4b5') in 0.005515 seconds 
========================================================================
Received Import Request.
  Time since last request: 0.000061 seconds.
  path: Packages/com.unity.2d.animation/Editor/Assets/SkinningModule/Icons/Selected/Sprite_Mode.png
  artifactKey: Guid(ca778bc7303b24948abf3e907abbf2a0) Importer(815301076,1909f56bfc062723c751e8b465ee728b)
Start importing Packages/com.unity.2d.animation/Editor/Assets/SkinningModule/Icons/Selected/Sprite_Mode.png using Guid(ca778bc7303b24948abf3e907abbf2a0) Importer(815301076,1909f56bfc062723c751e8b465ee728b)  -> (artifact id: '221f5f4501997ec349f21eca460c0f29') in 0.004989 seconds 
========================================================================
Received Import Request.
  Time since last request: 0.000035 seconds.
  path: Packages/com.unity.2d.path/Editor/Handles/TangentContinuous.png
  artifactKey: Guid(229e750703f3e824ca71ddd16a5e36be) Importer(815301076,1909f56bfc062723c751e8b465ee728b)
Start importing Packages/com.unity.2d.path/Editor/Handles/TangentContinuous.png using Guid(229e750703f3e824ca71ddd16a5e36be) Importer(815301076,1909f56bfc062723c751e8b465ee728b)  -> (artifact id: 'a10cf7f811dccf098efd9f4e78811405') in 0.005844 seconds 
========================================================================
Received Import Request.
  Time since last request: 0.000053 seconds.
  path: Packages/com.unity.2d.animation/Editor/Assets/SkinningModule/Icons/Light/Sprite_Influence@4x.png
  artifactKey: Guid(0e0d5e38f19194a978d2f42b0b806775) Importer(815301076,1909f56bfc062723c751e8b465ee728b)
Start importing Packages/com.unity.2d.animation/Editor/Assets/SkinningModule/Icons/Light/Sprite_Influence@4x.png using Guid(0e0d5e38f19194a978d2f42b0b806775) Importer(815301076,1909f56bfc062723c751e8b465ee728b)  -> (artifact id: '601c7eb845f49c368f811abde4453863') in 0.006526 seconds 
========================================================================
Received Import Request.
  Time since last request: 0.000054 seconds.
  path: Packages/com.unity.collab-proxy/Editor/PlasticSCM/Assets/Images/stepok.png
  artifactKey: Guid(d4780dc1205c7c7478c970d8c61d24e8) Importer(815301076,1909f56bfc062723c751e8b465ee728b)
Start importing Packages/com.unity.collab-proxy/Editor/PlasticSCM/Assets/Images/stepok.png using Guid(d4780dc1205c7c7478c970d8c61d24e8) Importer(815301076,1909f56bfc062723c751e8b465ee728b)  -> (artifact id: '781f71a8d6d91f61842c22fc274786ee') in 0.005080 seconds 
========================================================================
Received Import Request.
  Time since last request: 0.000031 seconds.
  path: Packages/com.unity.2d.animation/Editor/Assets/SkinningModule/Icons/Selected/Sprite_Influence@2x.png
  artifactKey: Guid(80f77a76467b24d1a856328afa989eb3) Importer(815301076,1909f56bfc062723c751e8b465ee728b)
Start importing Packages/com.unity.2d.animation/Editor/Assets/SkinningModule/Icons/Selected/Sprite_Influence@2x.png using Guid(80f77a76467b24d1a856328afa989eb3) Importer(815301076,1909f56bfc062723c751e8b465ee728b)  -> (artifact id: '15bec79325b1d89a77d34fa23bbbc878') in 0.006174 seconds 
========================================================================
Received Prepare
Registering precompiled user dll's ...
Registered in 0.003411 seconds.
Begin MonoManager ReloadAssembly
Thread 0x2983fb000 may have been prematurely finalized
Symbol file LoadedFromMemory doesn't match image /Users/tyhagan/Documents/GitHub/ImageReplicatorGit/ImageReplicator/Library/PackageCache/com.unity.visualscripting@1.7.8/Editor/VisualScripting.Core/Dependencies/YamlDotNet/Unity.VisualScripting.YamlDotNet.dll
Symbol file LoadedFromMemory doesn't match image /Users/tyhagan/Documents/GitHub/ImageReplicatorGit/ImageReplicator/Library/PackageCache/com.unity.visualscripting@1.7.8/Editor/VisualScripting.Core/Dependencies/DotNetZip/Unity.VisualScripting.IonicZip.dll
Native extension for OSXStandalone target not found
Refreshing native plugins compatible for Editor in 0.48 ms, found 3 plugins.
Preloading 0 native plugins for Editor in 0.00 ms.
Mono: successfully reloaded assembly
- Completed reload, in  0.774 seconds
Domain Reload Profiling:
	ReloadAssembly (775ms)
		BeginReloadAssembly (85ms)
			ExecutionOrderSort (0ms)
			DisableScriptedObjects (5ms)
			BackupInstance (0ms)
			ReleaseScriptingObjects (0ms)
			CreateAndSetChildDomain (35ms)
		EndReloadAssembly (608ms)
			LoadAssemblies (34ms)
			RebuildTransferFunctionScriptingTraits (0ms)
			SetupTypeCache (221ms)
			ReleaseScriptCaches (1ms)
			RebuildScriptCaches (46ms)
			SetupLoadedEditorAssemblies (257ms)
				LogAssemblyErrors (0ms)
				InitializePlatformSupportModulesInManaged (6ms)
				SetLoadedEditorAssemblies (0ms)
				RefreshPlugins (1ms)
				BeforeProcessingInitializeOnLoad (55ms)
				ProcessInitializeOnLoadAttributes (166ms)
				ProcessInitializeOnLoadMethodAttributes (28ms)
				AfterProcessingInitializeOnLoad (1ms)
				EditorAssembliesLoaded (0ms)
			ExecutionOrderSort2 (0ms)
			AwakeInstancesAfterBackupRestoration (4ms)
Platform modules already initialized, skipping
Refreshing native plugins compatible for Editor in 1.15 ms, found 3 plugins.
Preloading 0 native plugins for Editor in 0.00 ms.
Unloading 4037 Unused Serialized files (Serialized files now loaded: 0)
Unloading 25 unused Assets / (22.1 KB). Loaded Objects now: 4588.
Memory consumption went from 159.5 MB to 159.5 MB.
Total: 2.764750 ms (FindLiveObjects: 0.118583 ms CreateObjectMapping: 0.062000 ms MarkObjects: 2.568750 ms  DeleteObjects: 0.014542 ms)

AssetImportParameters requested are different than current active one (requested -> active):
  custom:video-decoder-ogg-theora: a1e56fd34408186e4bbccfd4996cb3dc -> 
  custom:container-muxer-webm: aa71ff27fc2769a1b78a27578f13a17b -> 
  custom:container-demuxer-webm: 4f35f7cbe854078d1ac9338744f61a02 -> 
  custom:video-encoder-webm-vp8: eb34c28f22e8b96e1ab97ce403110664 -> 
  custom:framework-osx-AVFoundation: e770b220cccbd017edd2c1fefb359320 -> 
  custom:audio-encoder-webm-vorbis: bf7c407c2cedff20999df2af8eb42d56 -> 
  custom:container-demuxer-ogg: 62fdf1f143b41e24485cea50d1cbac27 -> 
  custom:video-decoder-webm-vp8: 9c59270c3fd7afecdb556c50c9e8de78 -> 
  custom:audio-decoder-ogg-vorbis: bf7c407c2cedff20999df2af8eb42d56 -> 
========================================================================
Received Prepare
Registering precompiled user dll's ...
Registered in 0.003302 seconds.
Begin MonoManager ReloadAssembly
Thread 0x2983fb000 may have been prematurely finalized
Symbol file LoadedFromMemory doesn't match image /Users/tyhagan/Documents/GitHub/ImageReplicatorGit/ImageReplicator/Library/PackageCache/com.unity.visualscripting@1.7.8/Editor/VisualScripting.Core/Dependencies/YamlDotNet/Unity.VisualScripting.YamlDotNet.dll
Symbol file LoadedFromMemory doesn't match image /Users/tyhagan/Documents/GitHub/ImageReplicatorGit/ImageReplicator/Library/PackageCache/com.unity.visualscripting@1.7.8/Editor/VisualScripting.Core/Dependencies/DotNetZip/Unity.VisualScripting.IonicZip.dll
Native extension for OSXStandalone target not found
Refreshing native plugins compatible for Editor in 0.48 ms, found 3 plugins.
Preloading 0 native plugins for Editor in 0.00 ms.
Mono: successfully reloaded assembly
- Completed reload, in  0.781 seconds
Domain Reload Profiling:
	ReloadAssembly (781ms)
		BeginReloadAssembly (87ms)
			ExecutionOrderSort (0ms)
			DisableScriptedObjects (5ms)
			BackupInstance (0ms)
			ReleaseScriptingObjects (0ms)
			CreateAndSetChildDomain (36ms)
		EndReloadAssembly (611ms)
			LoadAssemblies (34ms)
			RebuildTransferFunctionScriptingTraits (0ms)
			SetupTypeCache (224ms)
			ReleaseScriptCaches (1ms)
			RebuildScriptCaches (47ms)
			SetupLoadedEditorAssemblies (254ms)
				LogAssemblyErrors (0ms)
				InitializePlatformSupportModulesInManaged (6ms)
				SetLoadedEditorAssemblies (0ms)
				RefreshPlugins (1ms)
				BeforeProcessingInitializeOnLoad (54ms)
				ProcessInitializeOnLoadAttributes (163ms)
				ProcessInitializeOnLoadMethodAttributes (29ms)
				AfterProcessingInitializeOnLoad (1ms)
				EditorAssembliesLoaded (0ms)
			ExecutionOrderSort2 (0ms)
			AwakeInstancesAfterBackupRestoration (5ms)
Platform modules already initialized, skipping
Refreshing native plugins compatible for Editor in 1.01 ms, found 3 plugins.
Preloading 0 native plugins for Editor in 0.00 ms.
Unloading 4037 Unused Serialized files (Serialized files now loaded: 0)
Unloading 25 unused Assets / (23.0 KB). Loaded Objects now: 4591.
Memory consumption went from 159.5 MB to 159.5 MB.
Total: 2.797875 ms (FindLiveObjects: 0.127875 ms CreateObjectMapping: 0.061125 ms MarkObjects: 2.588917 ms  DeleteObjects: 0.019250 ms)

AssetImportParameters requested are different than current active one (requested -> active):
  custom:video-decoder-ogg-theora: a1e56fd34408186e4bbccfd4996cb3dc -> 
  custom:container-muxer-webm: aa71ff27fc2769a1b78a27578f13a17b -> 
  custom:container-demuxer-webm: 4f35f7cbe854078d1ac9338744f61a02 -> 
  custom:video-encoder-webm-vp8: eb34c28f22e8b96e1ab97ce403110664 -> 
  custom:framework-osx-AVFoundation: e770b220cccbd017edd2c1fefb359320 -> 
  custom:audio-encoder-webm-vorbis: bf7c407c2cedff20999df2af8eb42d56 -> 
  custom:container-demuxer-ogg: 62fdf1f143b41e24485cea50d1cbac27 -> 
  custom:video-decoder-webm-vp8: 9c59270c3fd7afecdb556c50c9e8de78 -> 
  custom:audio-decoder-ogg-vorbis: bf7c407c2cedff20999df2af8eb42d56 -> 
========================================================================
Received Prepare
Registering precompiled user dll's ...
Registered in 0.003303 seconds.
Begin MonoManager ReloadAssembly
Thread 0x28ed8b000 may have been prematurely finalized
Symbol file LoadedFromMemory doesn't match image /Users/tyhagan/Documents/GitHub/ImageReplicatorGit/ImageReplicator/Library/PackageCache/com.unity.visualscripting@1.7.8/Editor/VisualScripting.Core/Dependencies/YamlDotNet/Unity.VisualScripting.YamlDotNet.dll
Symbol file LoadedFromMemory doesn't match image /Users/tyhagan/Documents/GitHub/ImageReplicatorGit/ImageReplicator/Library/PackageCache/com.unity.visualscripting@1.7.8/Editor/VisualScripting.Core/Dependencies/DotNetZip/Unity.VisualScripting.IonicZip.dll
Native extension for OSXStandalone target not found
Refreshing native plugins compatible for Editor in 0.48 ms, found 3 plugins.
Preloading 0 native plugins for Editor in 0.00 ms.
Mono: successfully reloaded assembly
- Completed reload, in  0.781 seconds
Domain Reload Profiling:
	ReloadAssembly (781ms)
		BeginReloadAssembly (85ms)
			ExecutionOrderSort (0ms)
			DisableScriptedObjects (5ms)
			BackupInstance (0ms)
			ReleaseScriptingObjects (0ms)
			CreateAndSetChildDomain (35ms)
		EndReloadAssembly (615ms)
			LoadAssemblies (34ms)
			RebuildTransferFunctionScriptingTraits (0ms)
			SetupTypeCache (222ms)
			ReleaseScriptCaches (1ms)
			RebuildScriptCaches (46ms)
			SetupLoadedEditorAssemblies (261ms)
				LogAssemblyErrors (0ms)
				InitializePlatformSupportModulesInManaged (6ms)
				SetLoadedEditorAssemblies (0ms)
				RefreshPlugins (0ms)
				BeforeProcessingInitializeOnLoad (56ms)
				ProcessInitializeOnLoadAttributes (168ms)
				ProcessInitializeOnLoadMethodAttributes (28ms)
				AfterProcessingInitializeOnLoad (1ms)
				EditorAssembliesLoaded (0ms)
			ExecutionOrderSort2 (0ms)
			AwakeInstancesAfterBackupRestoration (5ms)
Platform modules already initialized, skipping
Refreshing native plugins compatible for Editor in 1.05 ms, found 3 plugins.
Preloading 0 native plugins for Editor in 0.00 ms.
Unloading 4037 Unused Serialized files (Serialized files now loaded: 0)
Unloading 25 unused Assets / (22.0 KB). Loaded Objects now: 4594.
Memory consumption went from 159.5 MB to 159.5 MB.
Total: 3.031041 ms (FindLiveObjects: 0.129167 ms CreateObjectMapping: 0.060834 ms MarkObjects: 2.822792 ms  DeleteObjects: 0.017542 ms)

AssetImportParameters requested are different than current active one (requested -> active):
  custom:video-decoder-ogg-theora: a1e56fd34408186e4bbccfd4996cb3dc -> 
  custom:container-muxer-webm: aa71ff27fc2769a1b78a27578f13a17b -> 
  custom:container-demuxer-webm: 4f35f7cbe854078d1ac9338744f61a02 -> 
  custom:video-encoder-webm-vp8: eb34c28f22e8b96e1ab97ce403110664 -> 
  custom:framework-osx-AVFoundation: e770b220cccbd017edd2c1fefb359320 -> 
  custom:audio-encoder-webm-vorbis: bf7c407c2cedff20999df2af8eb42d56 -> 
  custom:container-demuxer-ogg: 62fdf1f143b41e24485cea50d1cbac27 -> 
  custom:video-decoder-webm-vp8: 9c59270c3fd7afecdb556c50c9e8de78 -> 
  custom:audio-decoder-ogg-vorbis: bf7c407c2cedff20999df2af8eb42d56 -> 
